Date,JORDAN - BAPTISM SITE,JORDAN - NEAR OLD BRIDGE,JORDAN - OBSTACLE BRIDGE,JORDAN - SEDE NEHEMYA,YARMUQ - NAHARAYIM
1969-10-01,,,,771004.5,
1969-10-02,,,,756000.0,
1969-10-03,,,,740995.5,
1969-10-04,,,,725760.0,
1969-10-05,,,,725760.0,
1969-10-06,,,,725760.0,
1969-10-07,,,,711102.75,
1969-10-08,,,,710750.7,
1969-10-09,,,,709512.62,
1969-10-10,,,,711599.67,
1969-10-11,,,,695525.88,
1969-10-12,,,,709881.65,
1969-10-13,,,,725751.53,
1969-10-14,,,,725760.0,
1969-10-15,,,,739326.78,
1969-10-16,,,,755966.84,
1969-10-17,,,,756000.0,
1969-10-18,,,,769683.54,
1969-10-19,,,,786194.97,
1969-10-20,,,,801504.25,
1969-10-21,,,,814629.23,
1969-10-22,,,,846715.61,
1969-10-23,,,,861435.24,
1969-10-24,,,,862241.92,
1969-10-25,,,,846722.09,
1969-10-26,,,,846720.0,
1969-10-27,,,,846720.0,
1969-10-28,,,,846720.0,
1969-10-29,,,,846720.0,
1969-10-30,,,,860808.46,
1969-10-31,,,,862922.35,
1969-11-01,,,,846734.99,
1969-11-02,,,,858689.01,
1969-11-03,,,,876801.88,
1969-11-04,,,,876960.0,
1969-11-05,,,,876960.0,
1969-11-06,,,,861872.57,
1969-11-07,,,,876748.91,
1969-11-08,,,,876960.0,
1969-11-09,,,,876960.0,
1969-11-10,,,,891788.73,
1969-11-11,,,,911093.41,
1969-11-12,,,,937440.0,
1969-11-13,,,,937440.0,
1969-11-14,,,,915232.5,
1969-11-15,,,,929638.5,
1969-11-16,,,,937440.0,
1969-11-17,,,,965443.5,
1969-11-18,,,,967680.0,
1969-11-19,,,,967680.0,
1969-11-20,,,,952560.0,
1969-11-21,,,,937440.0,
1969-11-22,,,,937440.0,
1969-11-23,,,,922559.38,
1969-11-24,,,,892375.85,
1969-11-25,,,,876960.89,
1969-11-26,,,,876960.0,
1969-11-27,,,,891676.21,
1969-11-28,,,,892078.78,
1969-11-29,,,,939913.67,
1969-11-30,,,,918056.96,
1969-12-01,,,,884636.09,
1969-12-02,,,,869400.16,
1969-12-03,,,,836724.52,
1969-12-04,,,,797673.12,
1969-12-05,,,,864082.94,
1969-12-06,,,,838808.56,
1969-12-07,,,,868759.5,
1969-12-08,,,,884583.0,
1969-12-09,,,,897918.0,
1969-12-10,,,,881905.5,
1969-12-11,,,,838916.1,
1969-12-12,,,,808921.65,
1969-12-13,,,,786240.0,
1969-12-14,,,,778144.5,
1969-12-15,,,,756000.0,
1969-12-16,,,,747725.56,
1969-12-17,,,,755222.76,
1969-12-18,,,,725761.68,
1969-12-19,,,,710881.5,
1969-12-20,,,,725760.0,
1969-12-21,,,,734390.78,
1969-12-22,,,,717780.56,
1969-12-23,,,,721215.0,
1969-12-24,,,,734400.0,
1969-12-25,,,,734400.0,
1969-12-26,,,,734400.0,
1969-12-27,,,,734400.0,
1969-12-28,,,,734400.0,
1969-12-29,,,,734400.0,
1969-12-30,,,,734400.0,
1969-12-31,,,,730123.2,
1970-01-01,,,,725760.45,
1970-01-02,,,,725760.0,
1970-01-03,,,,725760.0,
1970-01-04,,,,725760.0,
1970-01-05,,,,725760.0,
1970-01-06,,,,725760.0,
1970-01-07,,,,738951.26,
1970-01-08,,,,755998.64,
1970-01-09,,,,756000.0,
1970-01-10,,,,771331.64,
1970-01-11,,,,756018.14,
1970-01-12,,,,770388.86,
1970-01-13,,,,771766.25,
1970-01-14,,,,731337.93,
1970-01-15,,,,730957.5,
1970-01-16,,,,771057.0,
1970-01-17,,,,756000.0,
1970-01-18,,,,724141.99,
1970-01-19,,,,695521.55,
1970-01-20,,,,710421.14,
1970-01-21,,,,744985.44,
1970-01-22,,,,1154121.0,
1970-01-23,,,,3056718.6,
1970-01-24,,,,3110058.71,
1970-01-25,,,,3163398.82,
1970-01-26,,,,2893472.7,
1970-01-27,,,,2509419.25,
1970-01-28,,,,2125615.15,
1970-01-29,,,,1882462.99,
1970-01-30,,,,1726103.21,
1970-01-31,,,,1611064.52,
1970-02-01,,,,1501663.01,
1970-02-02,,,,1390492.62,
1970-02-03,,,,1332011.56,
1970-02-04,,,,1295683.85,
1970-02-05,,,,1313270.99,
1970-02-06,,,,1313280.0,
1970-02-07,,,,1313280.0,
1970-02-08,,,,1313280.0,
1970-02-09,,,,1313280.0,
1970-02-10,,,,1313280.0,
1970-02-11,,,,1296727.92,
1970-02-12,,,,1278735.84,
1970-02-13,,,,1262628.76,
1970-02-14,,,,1244206.51,
1970-02-15,,,,1227908.25,
1970-02-16,,,,1209616.88,
1970-02-17,,,,1158627.69,
1970-02-18,,,,1123900.17,
1970-02-19,,,,1089089.58,
1970-02-20,,,,1088462.95,
1970-02-21,,,,1105919.93,
1970-02-22,,,,1247125.46,
1970-02-23,,,,2216012.38,
1970-02-24,,,,2034716.66,
1970-02-25,,,,1753900.09,
1970-02-26,,,,1830003.75,
1970-02-27,,,,1721802.93,
1970-02-28,,,,1614218.67,
1970-03-01,,,,1590891.5,
1970-03-02,,,,1707770.62,
1970-03-03,,,,2080165.13,
1970-03-04,,,,1869023.91,
1970-03-05,,,,1786921.38,
1970-03-06,,,,1725662.99,
1970-03-07,,,,1630417.44,
1970-03-08,,,,1591492.76,
1970-03-09,,,,1610493.98,
1970-03-10,,,,3979617.3,
1970-03-11,,,,4651976.335,
1970-03-12,,,,5324335.37,
1970-03-13,,,,3948257.94,
1970-03-14,,,,3445699.82,
1970-03-15,,,,3071849.68,
1970-03-16,,,,2837531.06,
1970-03-17,,,,2623165.86,
1970-03-18,,,,2481354.22,
1970-03-19,,,,2820610.36,
1970-03-20,,,,2718250.93,
1970-03-21,,,,2533468.5,
1970-03-22,,,,5009647.33,
1970-03-23,,,,4615732.06,
1970-03-24,,,,3471864.21,
1970-03-25,,,,3102592.94,
1970-03-26,,,,2879778.49,
1970-03-27,,,,2681149.11,
1970-03-28,,,,2530720.48,
1970-03-29,,,,2457228.48,
1970-03-30,,,,2412805.59,
1970-03-31,,,,2321028.24,
1970-04-01,,,,2297023.93,
1970-04-02,,,,2229732.79,
1970-04-03,,,,2182485.02,
1970-04-04,,,,2160104.98,
1970-04-05,,,,2136673.58,
1970-04-06,,,,2136672.0,
1970-04-07,,,,2159330.45,
1970-04-08,,,,2182463.6,
1970-04-09,,,,2137077.53,
1970-04-10,,,,2044902.24,
1970-04-11,,,,1952722.08,
1970-04-12,,,,1860541.92,
1970-04-13,,,,1768366.08,
1970-04-14,,,,1676190.24,
1970-04-15,,,,1584010.08,
1970-04-16,,,,1525577.76,
1970-04-17,,,,1500893.28,
1970-04-18,,,,1476208.8,
1970-04-19,,,,1451520.0,
1970-04-20,,,,1426831.2,
1970-04-21,,,,1402146.72,
1970-04-22,,,,1377462.24,
1970-04-23,,,,1352777.76,
1970-04-24,,,,1328093.28,
1970-04-25,,,,1303408.8,
1970-04-26,,,,1278720.0,
1970-04-27,,,,1254031.2,
1970-04-28,,,,1229346.72,
1970-04-29,,,,1204662.24,
1970-04-30,,,,1183680.0,
1970-05-01,,,,1166400.0,
1970-05-02,,,,1149120.0,
1970-05-03,,,,1131840.0,
1970-05-04,,,,1114560.0,
1970-05-05,,,,1097280.0,
1970-05-06,,,,1080000.0,
1970-05-07,,,,1062720.0,
1970-05-08,,,,1046878.56,
1970-05-09,,,,1032480.0,
1970-05-10,,,,1018081.44,
1970-05-11,,,,1003678.56,
1970-05-12,,,,989280.0,
1970-05-13,,,,974881.44,
1970-05-14,,,,952560.0,
1970-05-15,,,,937440.0,
1970-05-16,,,,922320.0,
1970-05-17,,,,876960.0,
1970-05-18,,,,816480.0,
1970-05-19,,,,786240.0,
1970-05-20,,,,786240.0,
1970-05-21,,,,801360.0,
1970-05-22,,,,831600.0,
1970-05-23,,,,831600.0,
1970-05-24,,,,801360.0,
1970-05-25,,,,786240.0,
1970-05-26,,,,786240.0,
1970-05-27,,,,771120.0,
1970-05-28,,,,756000.0,
1970-05-29,,,,756000.0,
1970-05-30,,,,756000.0,
1970-05-31,,,,761616.0,
1970-06-01,,,,765132.48,
1970-06-02,,,,760937.76,
1970-06-03,,,,756743.04,
1970-06-04,,,,752544.0,
1970-06-05,,,,748344.96,
1970-06-06,,,,744150.24,
1970-06-07,,,,739955.52,
1970-06-08,,,,737609.76,
1970-06-09,,,,737117.28,
1970-06-10,,,,736624.8,
1970-06-11,,,,736128.0,
1970-06-12,,,,735631.2,
1970-06-13,,,,735138.72,
1970-06-14,,,,734646.24,
1970-06-15,,,,730080.0,
1970-06-16,,,,721440.0,
1970-06-17,,,,712800.0,
1970-06-18,,,,704160.0,
1970-06-19,,,,695520.0,
1970-06-20,,,,686880.0,
1970-06-21,,,,678240.0,
1970-06-22,,,,668057.76,
1970-06-23,,,,656333.28,
1970-06-24,,,,644608.8,
1970-06-25,,,,632880.0,
1970-06-26,,,,621151.2,
1970-06-27,,,,609426.72,
1970-06-28,,,,597702.24,
1970-06-29,,,,587520.0,
1970-06-30,,,,574560.0,
1970-07-01,,,,562524.48,
1970-07-02,,,,555737.76,
1970-07-03,,,,548951.04,
1970-07-04,,,,542160.0,
1970-07-05,,,,535368.96,
1970-07-06,,,,528582.24,
1970-07-07,,,,521795.52,
1970-07-08,,,,518400.0,
1970-07-09,,,,518400.0,
1970-07-10,,,,518400.0,
1970-07-11,,,,518400.0,
1970-07-12,,,,518400.0,
1970-07-13,,,,518400.0,
1970-07-14,,,,518400.0,
1970-07-15,,,,517164.48,
1970-07-16,,,,514697.76,
1970-07-17,,,,512231.04,
1970-07-18,,,,509760.0,
1970-07-19,,,,507288.96,
1970-07-20,,,,504822.24,
1970-07-21,,,,502355.52,
1970-07-22,,,,499884.48,
1970-07-23,,,,497417.76,
1970-07-24,,,,494951.04,
1970-07-25,,,,492480.0,
1970-07-26,,,,490008.96,
1970-07-27,,,,487542.24,
1970-07-28,,,,485075.52,
1970-07-29,,,,481680.0,
1970-07-30,,,,477360.0,
1970-07-31,,,,475200.0,
1970-08-01,,,,472115.52,
1970-08-02,,,,465942.24,
1970-08-03,,,,459768.96,
1970-08-04,,,,453600.0,
1970-08-05,,,,447431.04,
1970-08-06,,,,441257.76,
1970-08-07,,,,435084.48,
1970-08-08,,,,437555.52,
1970-08-09,,,,448662.24,
1970-08-10,,,,459768.96,
1970-08-11,,,,470880.0,
1970-08-12,,,,481991.04,
1970-08-13,,,,493097.76,
1970-08-14,,,,504204.48,
1970-08-15,,,,511302.24,
1970-08-16,,,,514386.72,
1970-08-17,,,,517471.2,
1970-08-18,,,,520560.0,
1970-08-19,,,,523648.8,
1970-08-20,,,,526733.28,
1970-08-21,,,,529817.76,
1970-08-22,,,,526422.24,
1970-08-23,,,,516546.72,
1970-08-24,,,,506671.2,
1970-08-25,,,,496800.0,
1970-08-26,,,,486928.8,
1970-08-27,,,,477053.28,
1970-08-28,,,,467177.76,
1970-08-29,,,,463968.0,
1970-08-30,,,,467424.0,
1970-08-31,,,,470016.0,
1970-09-01,,,,473346.72,
1970-09-02,,,,478284.48,
1970-09-03,,,,483222.24,
1970-09-04,,,,488160.0,
1970-09-05,,,,493097.76,
1970-09-06,,,,498035.52,
1970-09-07,,,,502973.28,
1970-09-08,,,,502044.48,
1970-09-09,,,,495257.76,
1970-09-10,,,,488471.04,
1970-09-11,,,,481680.0,
1970-09-12,,,,474888.96,
1970-09-13,,,,468102.24,
1970-09-14,,,,461315.52,
1970-09-15,,,,456066.72,
1970-09-16,,,,452364.48,
1970-09-17,,,,448662.24,
1970-09-18,,,,444960.0,
1970-09-19,,,,441257.76,
1970-09-20,,,,437555.52,
1970-09-21,,,,433853.28,
1970-09-22,,,,431075.52,
1970-09-23,,,,429222.24,
1970-09-24,,,,427368.96,
1970-09-25,,,,425520.0,
1970-09-26,,,,423671.04,
1970-09-27,,,,421817.76,
1970-09-28,,,,419964.48,
1970-09-29,,,,419040.0,
1970-09-30,,,,412659.36,
1970-10-01,,,867144.0,418939.79,
1970-10-02,,,903162.39,418749.97,
1970-10-03,,,928524.74,431997.03,
1970-10-04,,,953663.82,422701.2,
1970-10-05,,,964530.22,410627.99,
1970-10-06,,,902820.0,393583.12,
1970-10-07,,,859818.0,387737.81,
1970-10-08,,,853774.91,412237.88,
1970-10-09,,,844535.71,413563.23,
1970-10-10,,,907350.49,407848.52,
1970-10-11,,,942597.6,425718.46,
1970-10-12,,,876711.78,422551.67,
1970-10-13,,,891530.85,408169.47,
1970-10-14,,,924518.08,419137.61,
1970-10-15,,,964185.3,418699.68,
1970-10-16,,,994680.29,444821.32,
1970-10-17,,,1018645.21,444344.63,
1970-10-18,,,1025689.14,469665.62,
1970-10-19,,,971776.68,445272.15,
1970-10-20,,,959579.7,457607.83,
1970-10-21,,,947813.84,451213.12,
1970-10-22,,,955393.79,489192.93,
1970-10-23,,,926285.4,519022.16,
1970-10-24,,,944150.69,487699.57,
1970-10-25,,,955532.84,497502.14,
1970-10-26,,,907369.66,457863.86,
1970-10-27,,,943604.37,456166.96,
1970-10-28,,,979093.0,475715.53,
1970-10-29,,,966855.3,513537.35,
1970-10-30,,,982157.06,485638.11,
1970-10-31,,,1017713.2,450923.84,
1970-11-01,,,998727.48,482534.9,
1970-11-02,,,949055.76,453637.91,
1970-11-03,,,893584.57,463980.75,
1970-11-04,,,863469.09,474758.49,
1970-11-05,,,898287.3,509750.88,
1970-11-06,,,913524.49,497354.86,
1970-11-07,,,975389.77,471084.28,
1970-11-08,,,980642.87,496595.07,
1970-11-09,,,967439.68,507822.29,
1970-11-10,,,986094.97,520304.25,
1970-11-11,,,1018696.66,530814.77,
1970-11-12,,,988269.19,489427.28,
1970-11-13,,,1018553.8,493173.69,
1970-11-14,,,1087052.14,535664.49,
1970-11-15,,,1092850.04,535680.0,
1970-11-16,,,1069751.35,535680.0,
1970-11-17,,,1002799.94,523220.03,
1970-11-18,,,974267.48,509763.04,
1970-11-19,,,1024130.72,484059.41,
1970-11-20,,,1086556.17,509756.27,
1970-11-21,,,1066309.64,501837.42,
1970-11-22,,,1071565.75,522536.46,
1970-11-23,,,1016858.4,514185.12,
1970-11-24,,,1000206.6,509742.76,
1970-11-25,,,1020205.71,496941.87,
1970-11-26,,,1043492.69,503172.15,
1970-11-27,,,1110736.25,535680.0,
1970-11-28,,,1167799.51,535680.0,
1970-11-29,,,1169809.31,535680.0,
1970-11-30,,,1160403.89,510865.51,
1970-12-01,,,1151253.0,496107.69,
1970-12-02,,,1088370.0,509752.76,
1970-12-03,,,1046898.44,509760.0,
1970-12-04,,,1101296.96,522118.31,
1970-12-05,,,1205341.0,516881.02,
1970-12-06,,,1232764.67,509763.47,
1970-12-07,,,1181913.11,502841.94,
1970-12-08,,,1283935.05,622166.79,
1970-12-09,,,1295732.03,639948.12,
1970-12-10,,,1268644.51,613002.29,
1970-12-11,,,1247729.42,665347.43,
1970-12-12,,,1247505.59,680578.5,
1970-12-13,,,1247730.47,665280.0,
1970-12-14,,,1214125.06,653011.44,
1970-12-15,,,1200327.29,615397.08,
1970-12-16,,,1132857.0,557281.02,
1970-12-17,,,1128433.23,597972.32,
1970-12-18,,,1197084.2,619923.26,
1970-12-19,,,1268732.3,639344.96,
1970-12-20,,,1261836.38,613595.56,
1970-12-21,,,1210826.1,613440.0,
1970-12-22,,,1113298.64,613440.0,
1970-12-23,,,1066785.85,613440.0,
1970-12-24,,,1113199.36,625999.4,
1970-12-25,,,1115643.82,622741.13,
1970-12-26,,,1147450.5,626945.75,
1970-12-27,,,1135007.69,601048.08,
1970-12-28,,,1102179.77,587521.84,
1970-12-29,,,1126208.35,593744.49,
1970-12-30,,,1091934.0,587522.81,
1970-12-31,,,1063511.15,587520.0,
1971-01-01,,,1087166.32,567522.0,
1971-01-02,,,1089290.4,555060.98,
1971-01-03,,,1096735.94,547950.23,
1971-01-04,,,1056784.49,587512.71,
1971-01-05,,,936654.12,574953.68,
1971-01-06,,,883680.6,561611.57,
1971-01-07,,,901232.4,554160.53,
1971-01-08,,,929847.17,560808.24,
1971-01-09,,,965126.02,600240.96,
1971-01-10,,,992602.28,623441.29,
1971-01-11,,,1106062.58,626799.46,
1971-01-12,,,1044616.17,626910.85,
1971-01-13,,,1144091.64,613452.42,
1971-01-14,,,1300019.99,600409.8,
1971-01-15,,,1486497.07,624649.22,
1971-01-16,,,1664838.18,779481.29,
1971-01-17,,,1610416.35,800110.46,
1971-01-18,,,1397452.07,771265.51,
1971-01-19,,,1344529.13,726340.38,
1971-01-20,,,1309797.6,680837.06,
1971-01-21,,,1268899.13,652747.82,
1971-01-22,,,1227822.78,639366.34,
1971-01-23,,,1201502.06,639360.0,
1971-01-24,,,1169100.92,627089.28,
1971-01-25,,,1142574.62,613453.11,
1971-01-26,,,1109185.82,613440.0,
1971-01-27,,,1101402.02,625978.09,
1971-01-28,,,1080404.4,626948.52,
1971-01-29,,,1110574.8,625769.41,
1971-01-30,,,1120660.8,626875.6,
1971-01-31,,,1122205.93,601152.41,
1971-02-01,,,1117919.32,587529.96,
1971-02-02,,,1117327.5,599955.46,
1971-02-03,,,1110147.9,653434.46,
1971-02-04,,,1888442.11,1589362.85,
1971-02-05,,,3725512.82,2645802.97,
1971-02-06,,,3008342.67,1643721.36,
1971-02-07,,,2293526.55,1404585.39,
1971-02-08,,,2659651.35,1526937.62,
1971-02-09,,,2935674.98,1873091.31,
1971-02-10,,,3634897.35,2495390.37,
1971-02-11,,,3177170.79,1914165.33,
1971-02-12,,,2571848.31,1683509.9,
1971-02-13,,,2368038.57,1496998.86,
1971-02-14,,,2198553.6,1388719.71,
1971-02-15,,,2067858.3,1298683.91,
1971-02-16,,,1870594.93,1197593.16,
1971-02-17,,,1814370.02,1167417.85,
1971-02-18,,,1805760.0,1106770.96,
1971-02-19,,,1805760.0,1071374.67,
1971-02-20,,,1805760.0,1054423.08,
1971-02-21,,,1797424.1,1038650.38,
1971-02-22,,,1805472.26,1136036.0,
1971-02-23,,,4691135.25,5263115.86,
1971-02-24,,,5124098.84,5404594.79,
1971-02-25,,,5557062.43,2980719.58,
1971-02-26,,,4151929.9,2512766.85,
1971-02-27,,,4174776.48,3101693.33,
1971-02-28,,,5355038.97,3809740.89,
1971-03-01,,,4640508.9,2966692.15,
1971-03-02,,,3864333.52,2565855.86,
1971-03-03,,,3483308.5,2367698.69,
1971-03-04,,,3220144.75,2196653.99,
1971-03-05,,,3015162.74,2051347.3,
1971-03-06,,,2869511.39,1950108.43,
1971-03-07,,,2709186.33,1847770.55,
1971-03-08,,,2592400.2,1786475.29,
1971-03-09,,,2484450.45,1726619.5,
1971-03-10,,,2355527.4,1666951.2,
1971-03-11,,,2276918.69,1647649.81,
1971-03-12,,,2316084.07,1724071.38,
1971-03-13,,,2466080.02,1877666.27,
1971-03-14,,,3996748.91,3526077.94,
1971-03-15,,,3989709.55,2687282.03,
1971-03-16,,,3650964.72,2525584.61,
1971-03-17,,,3266753.45,2398624.07,
1971-03-18,,,3083192.82,2343146.84,
1971-03-19,,,3017071.36,2297949.38,
1971-03-20,,,2970671.9,2252236.17,
1971-03-21,,,2867075.24,2183588.79,
1971-03-22,,,2746695.6,2022296.38,
1971-03-23,,,2578718.09,1737754.33,
1971-03-24,,,2478523.02,1746020.63,
1971-03-25,,,2400314.46,1725408.62,
1971-03-26,,,2359306.93,1745034.57,
1971-03-27,,,2311226.16,1766014.78,
1971-03-28,,,2267848.41,1725885.91,
1971-03-29,,,2215589.1,1681470.01,
1971-03-30,,,2129002.22,1647648.0,
1971-03-31,,,2147122.53,1620274.2,
1971-04-01,,,2161204.16,1573344.0,
1971-04-02,,,2108955.47,1555124.37,
1971-04-03,,,2071358.21,1500189.82,
1971-04-04,,,2114689.96,1480252.79,
1971-04-05,,,2131641.82,1423579.83,
1971-04-06,,,1938546.0,1369214.4,
1971-04-07,,,1825960.09,1350270.09,
1971-04-08,,,1817762.06,1313558.05,
1971-04-09,,,1829220.0,1297122.77,
1971-04-10,,,1980486.83,1262611.8,
1971-04-11,,,1924986.24,1227466.22,
1971-04-12,,,1968391.0,1355263.55,
1971-04-13,,,2221550.710769231,1788185.6787500002,
1971-04-14,,,2474710.4215384615,2221107.8075,
1971-04-15,,,2727870.1323076924,2654029.9362500003,
1971-04-16,,,,,
1971-04-17,,,,,
1971-04-18,,,,,
1971-04-19,,,,,
1971-04-20,,,,4818640.58,
1971-04-21,,,,4272948.42,
1971-04-22,,,,3755145.22,
1971-04-23,,,,3931360.51,
1971-04-24,,,,3738716.93,
1971-04-25,,,5259467.24,3513433.42,
1971-04-26,,,4736938.39,3229279.44,
1971-04-27,,,4283620.5,3059295.61,
1971-04-28,,,4019032.5,2887755.26,
1971-04-29,,,3841223.82,2757643.43,
1971-04-30,,,3740866.69,2679089.52,
1971-05-01,,,3615139.7399999998,2578716.09,
1971-05-02,,,3489412.79,2435755.68,
1971-05-03,,,3363685.84,2365637.62,
1971-05-04,,,3204990.04,2325399.68,
1971-05-05,,,3108855.44,2274181.29,
1971-05-06,,,2974393.98,2252874.83,
1971-05-07,,,2930345.58,2172654.95,
1971-05-08,,,2862868.43,2011579.51,
1971-05-09,,,2841854.96,1948839.52,
1971-05-10,,,2818105.07,1928448.0,
1971-05-11,,,2653775.63,1903209.0,
1971-05-12,,,2543826.98,1838729.7,
1971-05-13,,,2480328.0,1789816.8,
1971-05-14,,,2477061.79,1759403.1,
1971-05-15,,,2472861.83,1725408.0,
1971-05-16,,,2404678.77,1697677.5,
1971-05-17,,,2314240.33,1620996.6,
1971-05-18,,,2218849.8,1628891.4,
1971-05-19,,,2127982.8,1610496.0,
1971-05-20,,,2061981.6,1591894.2,
1971-05-21,,,2080944.9,1573344.0,
1971-05-22,,,2173037.4,1566326.4,
1971-05-23,,,2095616.82,1517874.0,
1971-05-24,,,2036173.05,1451619.6,
1971-05-25,,,1861632.0,1386121.73,
1971-05-26,,,1796976.0,1354439.12,
1971-05-27,,,1771362.0,1412034.98,
1971-05-28,,,1771200.0,1426254.31,
1971-05-29,,,1762608.18,1425161.87,
1971-05-30,,,1745344.55,1384488.0,
1971-05-31,,,1719445.05,1366286.1,
1971-06-01,,,1676614.96,1309246.8,
1971-06-02,,,1637651.03,1289253.67,
1971-06-03,,,1671142.58,1346356.78,
1971-06-04,,,1690267.2,1386224.2,
1971-06-05,,,1881624.0,1424662.13,
1971-06-06,,,1853448.0,1401915.9,
1971-06-07,,,1688137.2,1344126.3,
1971-06-08,,,1610376.35,1234113.31,
1971-06-09,,,1581454.28,1209221.23,
1971-06-10,,,1541536.52,1185346.46,
1971-06-11,,,1600546.65,1146204.2,
1971-06-12,,,1735535.7,1163200.68,
1971-06-13,,,1742207.7,1121558.97,
1971-06-14,,,1652501.25,1079944.5,
1971-06-15,,,1566424.35,1006356.98,
1971-06-16,,,1607269.05,1053815.3,
1971-06-17,,,1626053.76,1048009.59,
1971-06-18,,,1573505.85,1037396.87,
1971-06-19,,,1698786.25,1080219.28,
1971-06-20,,,1683257.33,1050444.0,
1971-06-21,,,1528055.37,1036800.0,
1971-06-22,,,1465892.1,1036800.0,
1971-06-23,,,1302758.4,1020420.0,
1971-06-24,,,1208929.2,995376.0,
1971-06-25,,,1180055.86,985703.66,
1971-06-26,,,1313395.67,995554.69,
1971-06-27,,,1299760.45,949902.0,
1971-06-28,,,1199418.85,909289.5,
1971-06-29,,,1101749.31,919138.5,
1971-06-30,,,1077068.91,909111.0,
1971-07-01,,,1063149.96,923611.5,
1971-07-02,,,1090391.45,917931.0,
1971-07-03,,,1242541.5,915360.75,
1971-07-04,,,1254909.85,853511.78,
1971-07-05,,,1107872.23,801087.0,
1971-07-06,,,1030428.38,763413.88,
1971-07-07,,,916336.0,740794.99,
1971-07-08,,,852774.14,767450.9,
1971-07-09,,,872109.49,756100.29,
1971-07-10,,,1060252.38,804951.0,
1971-07-11,,,1092379.45,799333.5,
1971-07-12,,,1060827.31,804292.25,
1971-07-13,,,986146.5,816477.01,
1971-07-14,,,828616.96,816480.0,
1971-07-15,,,867487.19,831709.87,
1971-07-16,,,1019130.59,839754.38,
1971-07-17,,,1049421.95,861745.5,
1971-07-18,,,1077103.32,803481.0,
1971-07-19,,,877765.31,783292.07,
1971-07-20,,,756295.8,756007.61,
1971-07-21,,,705874.73,741284.76,
1971-07-22,,,705085.34,696028.04,
1971-07-23,,,763430.18,680314.35,
1971-07-24,,,818442.0,695519.73,
1971-07-25,,,846181.07,695520.0,
1971-07-26,,,810055.88,695520.0,
1971-07-27,,,739943.96,695520.0,
1971-07-28,,,717079.71,695520.0,
1971-07-29,,,721706.93,710397.87,
1971-07-30,,,767092.46,725759.88,
1971-07-31,,,813418.98,725760.0,
1971-08-01,,,880796.14,725760.0,
1971-08-02,,,872601.6,725760.0,
1971-08-03,,,803927.34,711264.62,
1971-08-04,,,750440.54,668220.74,
1971-08-05,,,815833.8,639363.06,
1971-08-06,,,825375.66,639360.0,
1971-08-07,,,864053.7,639360.0,
1971-08-08,,,911949.98,613620.0,
1971-08-09,,,789587.33,613260.0,
1971-08-10,,,776526.49,613440.0,
1971-08-11,,,788612.98,625929.12,
1971-08-12,,,866019.62,651753.24,
1971-08-13,,,926046.8,679757.37,
1971-08-14,,,961516.63,695514.65,
1971-08-15,,,1012881.59,680379.0,
1971-08-16,,,948427.2,679812.16,
1971-08-17,,,960333.95,695500.97,
1971-08-18,,,887205.96,695520.0,
1971-08-19,,,856089.19,658698.0,
1971-08-20,,,878805.5,607950.0,
1971-08-21,,,957766.18,600092.87,
1971-08-22,,,988920.78,606544.37,
1971-08-23,,,906611.4,584631.0,
1971-08-24,,,942961.74,574006.33,
1971-08-25,,,939225.22,580587.23,
1971-08-26,,,942490.47,548964.0,
1971-08-27,,,940059.28,548504.17,
1971-08-28,,,1004994.05,538051.35,
1971-08-29,,,994922.51,522921.21,
1971-08-30,,,957693.7,509760.87,
1971-08-31,,,1059471.6,543062.94,
1971-09-01,,,1058026.8,531059.54,
1971-09-02,,,993964.1,509760.0,
1971-09-03,,,977233.88,516742.9,
1971-09-04,,,1024673.97,548794.14,
1971-09-05,,,1026253.36,523263.48,
1971-09-06,,,975208.85,516155.3,
1971-09-07,,,950490.95,521211.19,
1971-09-08,,,970549.68,509495.2,
1971-09-09,,,1056061.37,535680.0,
1971-09-10,,,1153426.58,541061.13,
1971-09-11,,,1211366.11,535447.15,
1971-09-12,,,1189962.85,537083.69,
1971-09-13,,,1111138.64,548613.86,
1971-09-14,,,1073176.31,538370.67,
1971-09-15,,,993470.99,516843.0,
1971-09-16,,,918408.8,494892.77,
1971-09-17,,,927011.88,496911.34,
1971-09-18,,,1001563.67,505678.95,
1971-09-19,,,1061581.64,489348.0,
1971-09-20,,,1012723.39,509920.64,
1971-09-21,,,1038237.77,517230.57,
1971-09-22,,,1018263.34,517401.0,
1971-09-23,,,1024768.93,523272.76,
1971-09-24,,,1011616.8,503078.51,
1971-09-25,,,1051571.34,542782.42,
1971-09-26,,,1064995.54,541755.76,
1971-09-27,,,1021596.76,532700.89,
1971-09-28,,,1060715.78,530789.72,
1971-09-29,,,1087187.24,530570.62,
1971-09-30,,,1094876.45,509378.89,
1971-10-01,,,1000230.0,470702.92,
1971-10-02,,,1105920.0,483840.0,
1971-10-03,,,1105920.0,483840.0,
1971-10-04,,,1086480.0,483840.0,
1971-10-05,,,1129680.0,483840.0,
1971-10-06,,,1098144.0,483840.0,
1971-10-07,,,1042848.0,496800.0,
1971-10-08,,,1018656.0,509760.0,
1971-10-09,,,1060992.0,509760.0,
1971-10-10,,,1097280.0,509760.0,
1971-10-11,,,1097280.0,509760.0,
1971-10-12,,,1054944.0,509760.0,
1971-10-13,,,1012608.0,509760.0,
1971-10-14,,,1030752.0,509760.0,
1971-10-15,,,1036800.0,509760.0,
1971-10-16,,,1054944.0,509760.0,
1971-10-17,,,1013904.0,522720.0,
1971-10-18,,,959472.0,535680.0,
1971-10-19,,,982368.0,535680.0,
1971-10-20,,,1012608.0,535680.0,
1971-10-21,,,1048896.0,535680.0,
1971-10-22,,,1067040.0,535680.0,
1971-10-23,,,1091664.0,535680.0,
1971-10-24,,,1085616.0,535680.0,
1971-10-25,,,1079136.0,535680.0,
1971-10-26,,,1091232.0,535680.0,
1971-10-27,,,1091232.0,535680.0,
1971-10-28,,,1036800.0,522720.0,
1971-10-29,,,1012608.0,509760.0,
1971-10-30,,,1060992.0,509760.0,
1971-10-31,,,1042848.0,509760.0,
1971-11-01,,,1000512.0,509760.0,
1971-11-02,,,988416.0,509760.0,
1971-11-03,,,1006560.0,509760.0,
1971-11-04,,,1030752.0,509760.0,
1971-11-05,,,1054944.0,509760.0,
1971-11-06,,,1111104.0,509760.0,
1971-11-07,,,1105056.0,509760.0,
1971-11-08,,,1048896.0,509760.0,
1971-11-09,,,1006560.0,509760.0,
1971-11-10,,,994464.0,522720.0,
1971-11-11,,,1012608.0,535680.0,
1971-11-12,,,1036800.0,535680.0,
1971-11-13,,,1079136.0,548640.0,
1971-11-14,,,1085184.0,561600.0,
1971-11-15,,,1132164.0,574560.0,
1971-11-16,,,1191240.0,587520.0,
1971-11-17,,,1308420.0,587520.0,
1971-11-18,,,1445040.0,587520.0,
1971-11-19,,,1514160.0,587520.0,
1971-11-20,,,1523880.0,587520.0,
1971-11-21,,,1435860.0,587520.0,
1971-11-22,,,1350000.0,587520.0,
1971-11-23,,,1340552.16,574560.0,
1971-11-24,,,1340552.16,561600.0,
1971-11-25,,,1285200.0,561600.0,
1971-11-26,,,1313552.16,561600.0,
1971-11-27,,,1340552.16,561600.0,
1971-11-28,,,1269000.0,561600.0,
1971-11-29,,,1173960.0,561600.0,
1971-11-30,,,1115100.0,561600.0,
1971-12-01,,,1122513.12,561600.0,
1971-12-02,,,1151379.36,600480.0,
1971-12-03,,,1180245.6,626400.0,
1971-12-04,,,1209111.84,600480.0,
1971-12-05,,,1237978.08,574560.0,
1971-12-06,,,1266840.0,613440.0,
1971-12-07,,,1295701.92,665280.0,
1971-12-08,,,1324568.16,1116919.46,
1971-12-09,,,1353434.4,1053000.08,
1971-12-10,,,1382300.64,846720.0,
1971-12-11,,,1411166.88,801360.0,
1971-12-12,,,1435320.0,756000.0,
1971-12-13,,,1523880.0,831600.0,
1971-12-14,,,1630800.0,1192975.91,
1971-12-15,,,1640520.0,1109083.1,
1971-12-16,,,1593000.0,954720.0,
1971-12-17,,,1602720.0,937440.0,
1971-12-18,,,1702080.0,1019520.0,
1971-12-19,,,1692360.0,959040.0,
1971-12-20,,,1602720.0,876960.0,
1971-12-21,,,1523880.0,876960.0,
1971-12-22,,,1435592.16,831600.0,
1971-12-23,,,1397252.16,861840.0,
1971-12-24,,,1435860.0,922320.0,
1971-12-25,,,1991304.0,1452988.07,
1971-12-26,,,2318112.0,1523630.81,
1971-12-27,,,2147904.0,1487713.8,
1971-12-28,,,1986768.0,1314576.0,
1971-12-29,,,1807920.0,1244160.0,
1971-12-30,,,1745280.0,1192320.0,
1971-12-31,,,1762560.0,1157760.0,
1972-01-01,,,1792687.68,1105920.0,
1972-01-02,,,1749263.04,1054080.0,
1972-01-03,,,1705838.4,1036800.0,
1972-01-04,,,1662413.76,1019520.0,
1972-01-05,,,1618989.12,1002240.0,
1972-01-06,,,1575564.48,1002240.0,
1972-01-07,,,1532139.84,984960.0,
1972-01-08,,,1488715.2,967680.0,
1972-01-09,,,1445290.56,952560.0,
1972-01-10,,,1401865.92,937440.0,
1972-01-11,,,1358441.28,937440.0,
1972-01-12,,,1315016.64,922320.0,
1972-01-13,,,1378892.16,922320.0,
1972-01-14,,,1516394.7,1177473.74,
1972-01-15,,,1878800.1,1208622.18,
1972-01-16,,,2045578.5,1896931.1,
1972-01-17,,,2952829.8,2165373.86,
1972-01-18,,,2505152.4,1703990.25,
1972-01-19,,,2127996.9,1520327.54,
1972-01-20,,,1944162.6,1424753.94,
1972-01-21,,,1948086.0,1413043.2,
1972-01-22,,,3374640.0,2395845.66,
1972-01-23,,,4144350.3,1952782.75,
1972-01-24,,,2546040.0,1725408.36,
1972-01-25,,,2306016.0,1648267.2,
1972-01-26,,,2324160.0,1688256.0,
1972-01-27,,,2426976.0,1725408.0,
1972-01-28,,,2345760.0,1647648.0,
1972-01-29,,,2190240.0,1573344.0,
1972-01-30,,,2098656.0,1499040.0,
1972-01-31,,,2040768.0,1424736.0,
1972-02-01,,,2011824.0,1332367.42,
1972-02-02,,,2011824.0,1283068.15,
1972-02-03,,,2031264.0,1250602.72,
1972-02-04,,,2483020.2,1681434.56,
1972-02-05,,,2668002.9,1641903.7,
1972-02-06,,,5364336.15,3246492.42,
1972-02-07,,,4241190.0,2399740.16,
1972-02-08,,,3261820.8,2096784.0,
1972-02-09,,,2880225.0,1928448.0,
1972-02-10,,,2655072.0,1766016.0,
1972-02-11,,,2546208.0,1647648.0,
1972-02-12,,,2437344.0,1573344.0,
1972-02-13,,,2319408.0,1499040.0,
1972-02-14,,,2265408.0,1461888.0,
1972-02-15,,,2210976.0,1443312.0,
1972-02-16,,,2147904.0,1443312.0,
1972-02-17,,,2699070.6,2222514.06,
1972-02-18,,,3760542.0,2874404.84,
1972-02-19,,,3427498.2,2299229.46,
1972-02-20,,,3087357.0,2074708.96,
1972-02-21,,,2873232.0,1949436.67,
1972-02-22,,,2655072.0,1826928.0,
1972-02-23,,,2496096.0,1725408.0,
1972-02-24,,,2387232.0,1647648.0,
1972-02-25,,,2319408.0,1591920.0,
1972-02-26,,,2265408.0,1536192.0,
1972-02-27,,,2242944.0,1480464.0,
1972-02-28,,,2210976.0,1443312.0,
1972-02-29,,,2128896.0,1424736.0,
1972-03-01,,,2030400.0,1406160.0,
1972-03-02,,,1952208.0,1387584.0,
1972-03-03,,,1922400.0,1369008.0,
1972-03-04,,,1911600.0,1331856.0,
1972-03-05,,,1900800.0,1313280.0,
1972-03-06,,,1900800.0,1313280.0,
1972-03-07,,,1857600.0,1313280.0,
1972-03-08,,,1788480.0,1313280.0,
1972-03-09,,,1771200.0,1313280.0,
1972-03-10,,,1788480.0,1313280.0,
1972-03-11,,,1788480.0,1313280.0,
1972-03-12,,,1779840.0,1313280.0,
1972-03-13,,,1736640.0,1313280.0,
1972-03-14,,,1736640.0,1313280.0,
1972-03-15,,,1771200.0,1313280.0,
1972-03-16,,,1930176.0,1313280.0,
1972-03-17,,,2069280.0,1313280.0,
1972-03-18,,,2011392.0,1313280.0,
1972-03-19,,,1962144.0,1313280.0,
1972-03-20,,,1910736.0,1313280.0,
1972-03-21,,,1846800.0,1313280.0,
1972-03-22,,,1797120.0,1313280.0,
1972-03-23,,,1779840.0,1313280.0,
1972-03-24,,,1807920.0,1296000.0,
1972-03-25,,,1857600.0,1278720.0,
1972-03-26,,,1846800.0,1278720.0,
1972-03-27,,,1779840.0,1278720.0,
1972-03-28,,,1736640.0,1278720.0,
1972-03-29,,,1736640.0,1278720.0,
1972-03-30,,,1753920.0,1278720.0,
1972-03-31,,,1799280.0,1278720.0,
1972-04-01,,,1799280.0,1278720.0,
1972-04-02,,,1702080.0,1261440.0,
1972-04-03,,,1612440.0,1226880.0,
1972-04-04,,,1621080.0,1192320.0,
1972-04-05,,,1630800.0,1157760.0,
1972-04-06,,,1593000.0,1123200.0,
1972-04-07,,,1593000.0,1088640.0,
1972-04-08,,,1602720.0,1054080.0,
1972-04-09,,,1730160.0,1053113.47,
1972-04-10,,,1810080.0,1204487.82,
1972-04-11,,,2083968.0,1210471.95,
1972-04-12,,,2335392.0,1507535.58,
1972-04-13,,,2211840.0,1491218.08,
1972-04-14,,,2158272.0,1443534.77,
1972-04-15,,,2200608.0,1388465.28,
1972-04-16,,,2200608.0,1332328.92,
1972-04-17,,,2147904.0,1313280.0,
1972-04-18,,,2117664.0,1296000.0,
1972-04-19,,,2078784.0,1278720.0,
1972-04-20,,,2050272.0,1278720.0,
1972-04-21,,,2099520.0,1261440.0,
1972-04-22,,,2109024.0,1244160.0,
1972-04-23,,,2050272.0,1244160.0,
1972-04-24,,,1970784.0,1226880.0,
1972-04-25,,,1848960.0,1209600.0,
1972-04-26,,,1771200.0,1209600.0,
1972-04-27,,,1664280.0,1209600.0,
1972-04-28,,,1550880.0,1209600.0,
1972-04-29,,,1614600.0,1192320.0,
1972-04-30,,,1702080.0,1175040.0,
1972-05-01,,,1786320.0,1175040.0,
1972-05-02,,,1794960.0,1175040.0,
1972-05-03,,,1693440.0,1157760.0,
1972-05-04,,,1597320.0,1105920.0,
1972-05-05,,,1597320.0,1054080.0,
1972-05-06,,,1710720.0,1002240.0,
1972-05-07,,,1647000.0,952560.0,
1972-05-08,,,1449360.0,937440.0,
1972-05-09,,,1252260.0,922320.0,
1972-05-10,,,1131300.0,892080.0,
1972-05-11,,,1166940.0,861840.0,
1972-05-12,,,1372140.0,831600.0,
1972-05-13,,,1580040.0,816480.0,
1972-05-14,,,1580040.0,801360.0,
1972-05-15,,,1380240.0,771120.0,
1972-05-16,,,1151280.0,740880.0,
1972-05-17,,,1042200.0,725760.0,
1972-05-18,,,1080000.0,725760.0,
1972-05-19,,,1205280.0,725760.0,
1972-05-20,,,1331100.0,725760.0,
1972-05-21,,,1359452.16,725760.0,
1972-05-22,,,1226612.16,725760.0,
1972-05-23,,,1056780.0,725760.0,
1972-05-24,,,983880.0,725760.0,
1972-05-25,,,969840.0,725760.0,
1972-05-26,,,1028700.0,725760.0,
1972-05-27,,,1159920.0,725760.0,
1972-05-28,,,1199340.0,725760.0,
1972-05-29,,,1154520.0,725760.0,
1972-05-30,,,1071360.0,725760.0,
1972-05-31,,,978480.0,725760.0,
1972-06-01,,,950400.0,725760.0,
1972-06-02,,,987120.0,725760.0,
1972-06-03,,,1072980.0,725760.0,
1972-06-04,,,1042740.0,725760.0,
1972-06-05,,,928800.0,725760.0,
1972-06-06,,,870480.0,725760.0,
1972-06-07,,,862920.0,725760.0,
1972-06-08,,,942840.0,725760.0,
1972-06-09,,,1015200.0,725760.0,
1972-06-10,,,1072980.0,725760.0,
1972-06-11,,,1028700.0,725760.0,
1972-06-12,,,935280.0,710640.0,
1972-06-13,,,891000.0,695520.0,
1972-06-14,,,794232.0,680400.0,
1972-06-15,,,730080.0,665280.0,
1972-06-16,,,764208.0,652320.0,
1972-06-17,,,886680.0,639360.0,
1972-06-18,,,905040.0,639360.0,
1972-06-19,,,782568.0,626400.0,
1972-06-20,,,713016.0,613440.0,
1972-06-21,,,697248.0,600480.0,
1972-06-22,,,682128.0,587520.0,
1972-06-23,,,672624.0,574560.0,
1972-06-24,,,659232.0,561600.0,
1972-06-25,,,650592.0,548640.0,
1972-06-26,,,616248.0,535680.0,
1972-06-27,,,585576.0,522720.0,
1972-06-28,,,634824.0,509760.0,
1972-06-29,,,690444.0,509760.0,
1972-06-30,,,710532.0,496800.0,
1972-07-01,,,796176.0,483840.0,
1972-07-02,,,790992.0,470880.0,
1972-07-03,,,652320.0,457920.0,
1972-07-04,,,598968.0,457920.0,
1972-07-05,,,580392.0,470880.0,
1972-07-06,,,548208.0,483840.0,
1972-07-07,,,557280.0,483840.0,
1972-07-08,,,663552.0,483840.0,
1972-07-09,,,736128.0,483840.0,
1972-07-10,,,685584.0,483840.0,
1972-07-11,,,613008.0,483840.0,
1972-07-12,,,608256.0,483840.0,
1972-07-13,,,631584.0,483840.0,
1972-07-14,,,636336.0,483840.0,
1972-07-15,,,655560.0,483840.0,
1972-07-16,,,617976.0,483840.0,
1972-07-17,,,544320.0,483840.0,
1972-07-18,,,482976.0,470880.0,
1972-07-19,,,428544.0,457920.0,
1972-07-20,,,396144.0,457920.0,
1972-07-21,,,416232.0,457920.0,
1972-07-22,,,474552.0,444960.0,
1972-07-23,,,495504.0,432000.0,
1972-07-24,,,490968.0,432000.0,
1972-07-25,,,461808.0,419040.0,
1972-07-26,,,420120.0,406080.0,
1972-07-27,,,384274.8,406080.0,
1972-07-28,,,385314.0,406080.0,
1972-07-29,,,413579.1,395712.0,
1972-07-30,,,424224.0,385344.0,
1972-07-31,,,527472.0,385344.0,
1972-08-01,,,657504.0,374976.0,
1972-08-02,,,622944.0,364608.0,
1972-08-03,,,522720.0,364608.0,
1972-08-04,,,503280.0,364608.0,
1972-08-05,,,568080.0,364608.0,
1972-08-06,,,561600.0,364608.0,
1972-08-07,,,490320.0,364608.0,
1972-08-08,,,452736.0,364608.0,
1972-08-09,,,465264.0,364608.0,
1972-08-10,,,471312.0,364608.0,
1972-08-11,,,502848.0,364608.0,
1972-08-12,,,594864.0,364608.0,
1972-08-13,,,642816.0,364608.0,
1972-08-14,,,635904.0,364608.0,
1972-08-15,,,587952.0,364608.0,
1972-08-16,,,527904.0,364608.0,
1972-08-17,,,490320.0,364608.0,
1972-08-18,,,557280.0,364608.0,
1972-08-19,,,717984.0,364608.0,
1972-08-20,,,747360.0,364608.0,
1972-08-21,,,708912.0,364608.0,
1972-08-22,,,672624.0,364608.0,
1972-08-23,,,601344.0,364608.0,
1972-08-24,,,554256.0,364608.0,
1972-08-25,,,618192.0,364608.0,
1972-08-26,,,731808.0,364608.0,
1972-08-27,,,754272.0,364608.0,
1972-08-28,,,709344.0,364608.0,
1972-08-29,,,657504.0,364608.0,
1972-08-30,,,664416.0,364608.0,
1972-08-31,,,679104.0,364608.0,
1972-09-01,,,724896.0,364608.0,
1972-09-02,,,842832.0,364608.0,
1972-09-03,,,858384.0,364608.0,
1972-09-04,,,808704.0,364608.0,
1972-09-05,,,740448.0,364608.0,
1972-09-06,,,657504.0,364608.0,
1972-09-07,,,615168.0,364608.0,
1972-09-08,,,629856.0,364608.0,
1972-09-09,,,724896.0,364608.0,
1972-09-10,,,825984.0,364608.0,
1972-09-11,,,810432.0,364608.0,
1972-09-12,,,680832.0,364608.0,
1972-09-13,,,615168.0,364608.0,
1972-09-14,,,622080.0,364608.0,
1972-09-15,,,635904.0,364608.0,
1972-09-16,,,702432.0,364608.0,
1972-09-17,,,746496.0,364608.0,
1972-09-18,,,730944.0,364608.0,
1972-09-19,,,686880.0,364608.0,
1972-09-20,,,615168.0,364608.0,
1972-09-21,,,608256.0,354240.0,
1972-09-22,,,650592.0,343872.0,
1972-09-23,,,694224.0,343872.0,
1972-09-24,,,686448.0,343872.0,
1972-09-25,,,642816.0,343872.0,
1972-09-26,,,642816.0,343872.0,
1972-09-27,,,628992.0,343872.0,
1972-09-28,,,608256.0,343872.0,
1972-09-29,,,622080.0,343872.0,
1972-09-30,,,695520.0,343872.0,
1972-10-01,,,754272.0,343872.0,
1972-10-02,,,741744.0,343872.0,
1972-10-03,,,732240.0,343872.0,
1972-10-04,,,722736.0,333504.0,
1972-10-05,,,713232.0,323136.0,
1972-10-06,,,703684.8,323136.0,
1972-10-07,,,694137.6,323136.0,
1972-10-08,,,684633.6,323136.0,
1972-10-09,,,675129.6,323136.0,
1972-10-10,,,675475.2,323136.0,
1972-10-11,,,685627.2,323136.0,
1972-10-12,,,695779.2,323136.0,
1972-10-13,,,705931.2,323136.0,
1972-10-14,,,716083.2,323136.0,
1972-10-15,,,726235.2,323136.0,
1972-10-16,,,736344.0,323136.0,
1972-10-17,,,746496.0,323136.0,
1972-10-18,,,756648.0,323136.0,
1972-10-19,,,766800.0,323136.0,
1972-10-20,,,776952.0,323136.0,
1972-10-21,,,787060.8,323136.0,
1972-10-22,,,797212.8,323136.0,
1972-10-23,,,807364.8,323136.0,
1972-10-24,,,817516.8,323136.0,
1972-10-25,,,827668.8,323136.0,
1972-10-26,,,837777.6,323136.0,
1972-10-27,,,847929.6,323136.0,
1972-10-28,,,858081.6,323136.0,
1972-10-29,,,868233.6,323136.0,
1972-10-30,,,878385.6,323136.0,
1972-10-31,,,888494.4,323136.0,
1972-11-01,,,898646.4,323136.0,
1972-11-02,,,908798.4,323136.0,
1972-11-03,,,918950.4,333504.0,
1972-11-04,,,929102.4,343872.0,
1972-11-05,,,939211.2,354240.0,
1972-11-06,,,944870.4,364608.0,
1972-11-07,,,946036.8,364608.0,
1972-11-08,,,947203.2,374976.0,
1972-11-09,,,948369.6,385344.0,
1972-11-10,,,949536.0,395712.0,
1972-11-11,,,950702.4,406080.0,
1972-11-12,,,951868.8,419040.0,
1972-11-13,,,953035.2,432000.0,
1972-11-14,,,954201.6,419040.0,
1972-11-15,,,955368.0,406080.0,
1972-11-16,,,956534.4,406080.0,
1972-11-17,,,957700.8,406080.0,
1972-11-18,,,958867.2,395712.0,
1972-11-19,,,960033.6,385344.0,
1972-11-20,,,961200.0,385344.0,
1972-11-21,,,962366.4,374976.0,
1972-11-22,,,963532.8,364608.0,
1972-11-23,,,964699.2,364608.0,
1972-11-24,,,965865.6,364608.0,
1972-11-25,,,967032.0,364608.0,
1972-11-26,,,968198.4,364608.0,
1972-11-27,,,969364.8,364608.0,
1972-11-28,,,970488.0,364608.0,
1972-11-29,,,935496.0,364608.0,
1972-11-30,,,899942.4,364608.0,
1972-12-01,,,878688.0,354240.0,
1972-12-02,,,878688.0,343872.0,
1972-12-03,,,864864.0,343872.0,
1972-12-04,,,789696.0,343872.0,
1972-12-05,,,749606.4,343872.0,
1972-12-06,,,743040.0,333504.0,
1972-12-07,,,716860.8,323136.0,
1972-12-08,,,791510.4,323136.0,
1972-12-09,,,824256.0,323136.0,
1972-12-10,,,796262.4,323136.0,
1972-12-11,,,871948.8,312768.0,
1972-12-12,,,914112.0,302400.0,
1972-12-13,,,878688.0,302400.0,
1972-12-14,,,850348.8,302400.0,
1972-12-15,,,885772.8,302400.0,
1972-12-16,,,914112.0,302400.0,
1972-12-17,,,907027.2,302400.0,
1972-12-18,,,899942.4,302400.0,
1972-12-19,,,907027.2,302400.0,
1972-12-20,,,984009.96,302400.0,
1972-12-21,,,974611.92,302400.0,
1972-12-22,,,978713.64,302400.0,
1972-12-23,,,1015506.0,302400.0,
1972-12-24,,,986246.16,302400.0,
1972-12-25,,,932387.04,302400.0,
1972-12-26,,,854865.6,312768.0,
1972-12-27,,,855359.04,323136.0,
1972-12-28,,,877930.32,323136.0,
1972-12-29,,,880510.08,323136.0,
1972-12-30,,,917305.08,323136.0,
1972-12-31,,,951121.2,323136.0,
1973-01-01,,,951268.8,323136.0,
1973-01-02,,,851385.6,323136.0,
1973-01-03,,,776217.6,323136.0,
1973-01-04,,,769478.4,323136.0,
1973-01-05,,,823392.0,333504.0,
1973-01-06,,,878688.0,343872.0,
1973-01-07,,,899942.4,354240.0,
1973-01-08,,,844646.4,364608.0,
1973-01-09,,,769478.4,374976.0,
1973-01-10,,,736473.6,385344.0,
1973-01-11,,,710294.4,385344.0,
1973-01-12,,,750038.4,395712.0,
1973-01-13,,,844300.8,406080.0,
1973-01-14,,,937336.56,419040.0,
1973-01-15,,,1126863.0,432000.0,
1973-01-16,,,1037232.0,432000.0,
1973-01-17,,,977875.2,432000.0,
1973-01-18,,,977875.2,419040.0,
1973-01-19,,,1063670.1,406080.0,
1973-01-20,,,1090303.2,406080.0,
1973-01-21,,,1019520.0,406080.0,
1973-01-22,,,958176.0,406080.0,
1973-01-23,,,878688.0,406080.0,
1973-01-24,,,829785.6,406080.0,
1973-01-25,,,829785.6,406080.0,
1973-01-26,,,892857.6,395712.0,
1973-01-27,,,949536.0,385344.0,
1973-01-28,,,1041206.4,385344.0,
1973-01-29,,,1064016.0,385344.0,
1973-01-30,,,965260.8,385344.0,
1973-01-31,,,1079013.48,746033.08,
1973-02-01,,,1654651.8,1066274.47,
1973-02-02,,,1334448.0,787009.5,
1973-02-03,,,1305936.0,682560.0,
1973-02-04,,,1171584.0,626400.0,
1973-02-05,,,1108080.0,600480.0,
1973-02-06,,,1036800.0,587520.0,
1973-02-07,,,995155.2,561600.0,
1973-02-08,,,995155.2,548640.0,
1973-02-09,,,1036800.0,561600.0,
1973-02-10,,,1045440.0,561600.0,
1973-02-11,,,1028160.0,561600.0,
1973-02-12,,,980985.6,561600.0,
1973-02-13,,,956620.8,574560.0,
1973-02-14,,,935366.4,587520.0,
1973-02-15,,,899942.4,587520.0,
1973-02-16,,,899942.4,587520.0,
1973-02-17,,,899942.4,587520.0,
1973-02-18,,,899942.4,600480.0,
1973-02-19,,,871603.2,613440.0,
1973-02-20,,,864518.4,613440.0,
1973-02-21,,,857779.2,613440.0,
1973-02-22,,,864864.0,613440.0,
1973-02-23,,,959731.2,613440.0,
1973-02-24,,,1028160.0,626400.0,
1973-02-25,,,1045440.0,639360.0,
1973-02-26,,,1012435.2,639360.0,
1973-02-27,,,970790.4,639360.0,
1973-02-28,,,949536.0,639360.0,
1973-03-01,,,921196.8,639360.0,
1973-03-02,,,928281.6,652320.0,
1973-03-03,,,1099785.6,665280.0,
1973-03-04,,,1228608.0,665280.0,
1973-03-05,,,1192968.0,665280.0,
1973-03-06,,,1261503.0,901636.36,
1973-03-07,,,2684887.05,3022661.37,
1973-03-08,,,3402606.6,2283674.66,
1973-03-09,,,2480370.3,1634955.0,
1973-03-10,,,2138696.4,1427087.58,
1973-03-11,,,1954395.0,1350432.0,
1973-03-12,,,1808117.4,1226880.0,
1973-03-13,,,1707209.7,1105920.0,
1973-03-14,,,1558908.0,1036800.0,
1973-03-15,,,1492992.0,984960.0,
1973-03-16,,,1472256.0,952560.0,
1973-03-17,,,1482624.0,922320.0,
1973-03-18,,,1402272.0,892080.0,
1973-03-19,,,1320624.0,846720.0,
1973-03-20,,,1311552.0,816480.0,
1973-03-21,,,1302480.0,816480.0,
1973-03-22,,,1320624.0,801360.0,
1973-03-23,,,1311552.0,786240.0,
1973-03-24,,,1284336.0,786240.0,
1973-03-25,,,1275264.0,786240.0,
1973-03-26,,,1228176.0,786240.0,
1973-03-27,,,1162512.0,786240.0,
1973-03-28,,,1153008.0,786240.0,
1973-03-29,,,1265328.0,771120.0,
1973-03-30,,,1284336.0,756000.0,
1973-03-31,,,1209600.0,756000.0,
1973-04-01,,,1181520.0,756000.0,
1973-04-02,,,1081728.0,756000.0,
1973-04-03,,,1002240.0,740880.0,
1973-04-04,,,977875.2,725760.0,
1973-04-05,,,949536.0,725760.0,
1973-04-06,,,965260.8,710640.0,
1973-04-07,,,1036800.0,695520.0,
1973-04-08,,,1154736.0,695520.0,
1973-04-09,,,1209600.0,680400.0,
1973-04-10,,,1153440.0,665280.0,
1973-04-11,,,1072656.0,652320.0,
1973-04-12,,,980985.6,639360.0,
1973-04-13,,,928281.6,639360.0,
1973-04-14,,,958176.0,626400.0,
1973-04-15,,,965260.8,613440.0,
1973-04-16,,,1017964.8,600480.0,
1973-04-17,,,1089504.0,587520.0,
1973-04-18,,,985651.2,587520.0,
1973-04-19,,,878688.0,574560.0,
1973-04-20,,,830131.2,561600.0,
1973-04-21,,,844300.8,548640.0,
1973-04-22,,,871603.2,535680.0,
1973-04-23,,,892857.6,535680.0,
1973-04-24,,,872294.4,522720.0,
1973-04-25,,,802828.8,509760.0,
1973-04-26,,,789350.4,496800.0,
1973-04-27,,,789350.4,483840.0,
1973-04-28,,,802828.8,483840.0,
1973-04-29,,,829785.6,470880.0,
1973-04-30,,,843264.0,457920.0,
1973-05-01,,,829785.6,444960.0,
1973-05-02,,,816307.2,432000.0,
1973-05-03,,,809568.0,432000.0,
1973-05-04,,,802828.8,432000.0,
1973-05-05,,,796089.6,432000.0,
1973-05-06,,,789350.4,432000.0,
1973-05-07,,,782611.2,432000.0,
1973-05-08,,,717120.0,432000.0,
1973-05-09,,,627782.4,419040.0,
1973-05-10,,,634262.4,406080.0,
1973-05-11,,,710467.2,406080.0,
1973-05-12,,,782956.8,406080.0,
1973-05-13,,,802828.8,406080.0,
1973-05-14,,,709344.0,406080.0,
1973-05-15,,,621302.4,406080.0,
1973-05-16,,,648777.6,406080.0,
1973-05-17,,,710380.8,406080.0,
1973-05-18,,,710380.8,406080.0,
1973-05-19,,,710380.8,406080.0,
1973-05-20,,,674870.4,406080.0,
1973-05-21,,,584755.2,395712.0,
1973-05-22,,,560649.6,385344.0,
1973-05-23,,,581126.4,385344.0,
1973-05-24,,,581126.4,385344.0,
1973-05-25,,,565056.0,385344.0,
1973-05-26,,,589161.6,385344.0,
1973-05-27,,,589161.6,385344.0,
1973-05-28,,,543024.0,374976.0,
1973-05-29,,,543024.0,364608.0,
1973-05-30,,,543024.0,354240.0,
1973-05-31,,,559094.4,343872.0,
1973-06-01,,,567907.2,343872.0,
1973-06-02,,,592012.8,333504.0,
1973-06-03,,,553392.0,323136.0,
1973-06-04,,,461376.0,323136.0,
1973-06-05,,,461376.0,323136.0,
1973-06-06,,,461376.0,323136.0,
1973-06-07,,,473299.2,312768.0,
1973-06-08,,,455673.6,302400.0,
1973-06-09,,,461635.2,302400.0,
1973-06-10,,,479260.8,302400.0,
1973-06-11,,,432000.0,302400.0,
1973-06-12,,,367027.2,302400.0,
1973-06-13,,,355104.0,302400.0,
1973-06-14,,,360892.8,302400.0,
1973-06-15,,,354931.2,293760.0,
1973-06-16,,,420076.8,285120.0,
1973-06-17,,,443836.8,285120.0,
1973-06-18,,,414374.4,285120.0,
1973-06-19,,,408499.2,285120.0,
1973-06-20,,,338688.0,285120.0,
1973-06-21,,,274752.0,276480.0,
1973-06-22,,,274752.0,267840.0,
1973-06-23,,,314841.6,267840.0,
1973-06-24,,,354931.2,267840.0,
1973-06-25,,,299289.6,267840.0,
1973-06-26,,,215278.56,259200.0,
1973-06-27,,,166894.56,250560.0,
1973-06-28,,,154656.0,250560.0,
1973-06-29,,,192672.0,250560.0,
1973-06-30,,,254016.0,250560.0,
1973-07-01,,,236014.56,250560.0,
1973-07-02,,,166894.56,250560.0,
1973-07-03,,,133488.0,250560.0,
1973-07-04,,,111313.44,250560.0,
1973-07-05,,,117793.44,250560.0,
1973-07-06,,,133056.0,250560.0,
1973-07-07,,,183168.0,250560.0,
1973-07-08,,,228096.0,241920.0,
1973-07-09,,,177984.0,233280.0,
1973-07-10,,,100004.46,233280.0,
1973-07-11,,,102489.3,233280.0,
1973-07-12,,,76129.8,233280.0,
1973-07-13,,,75470.4,233280.0,
1973-07-14,,,77457.6,233280.0,
1973-07-15,,,79401.6,233280.0,
1973-07-16,,,81345.6,233280.0,
1973-07-17,,,83332.8,241920.0,
1973-07-18,,,85320.0,250560.0,
1973-07-19,,,87264.0,250560.0,
1973-07-20,,,89208.0,259200.0,
1973-07-21,,,91195.2,267840.0,
1973-07-22,,,93139.2,276480.0,
1973-07-23,,,94694.4,285120.0,
1973-07-24,,,95904.0,285120.0,
1973-07-25,,,97113.6,276480.0,
1973-07-26,,,98323.2,267840.0,
1973-07-27,,,99532.8,267840.0,
1973-07-28,,,100742.4,267840.0,
1973-07-29,,,101908.8,259200.0,
1973-07-30,,,103075.2,250560.0,
1973-07-31,,,104284.8,250560.0,
1973-08-01,,,105494.4,250560.0,
1973-08-02,,,106704.0,250560.0,
1973-08-03,,,107913.6,250560.0,
1973-08-04,,,109123.2,250560.0,
1973-08-05,,,116208.0,250560.0,
1973-08-06,,,129211.2,250560.0,
1973-08-07,,,142257.6,250560.0,
1973-08-08,,,155304.0,250560.0,
1973-08-09,,,168350.4,250560.0,
1973-08-10,,,181396.8,250560.0,
1973-08-11,,,194443.2,250560.0,
1973-08-12,,,207489.6,250560.0,
1973-08-13,,,220536.0,250560.0,
1973-08-14,,,233582.4,250560.0,
1973-08-15,,,246628.8,250560.0,
1973-08-16,,,259675.2,250560.0,
1973-08-17,,,272721.6,250560.0,
1973-08-18,,,285768.0,250560.0,
1973-08-19,,,298814.4,250560.0,
1973-08-20,,,311860.8,250560.0,
1973-08-21,,,324907.2,250560.0,
1973-08-22,,,337953.6,250560.0,
1973-08-23,,,351000.0,250560.0,
1973-08-24,,,364046.4,250560.0,
1973-08-25,,,377092.8,250560.0,
1973-08-26,,,390139.2,250560.0,
1973-08-27,,,402148.8,250560.0,
1973-08-28,,,413121.6,241920.0,
1973-08-29,,,424094.4,233280.0,
1973-08-30,,,435067.2,224640.0,
1973-08-31,,,446040.0,209088.0,
1973-09-01,,,457056.0,202176.0,
1973-09-02,,,468072.0,195264.0,
1973-09-03,,,479044.8,188352.0,
1973-09-04,,,490017.6,188352.0,
1973-09-05,,,500990.4,188352.0,
1973-09-06,,,511963.2,188352.0,
1973-09-07,,,522979.2,188352.0,
1973-09-08,,,533995.2,188352.0,
1973-09-09,,,544968.0,188352.0,
1973-09-10,,,555940.8,188352.0,
1973-09-11,,,566913.6,188352.0,
1973-09-12,,,577886.4,195264.0,
1973-09-13,,,580867.2,202176.0,
1973-09-14,,,575856.0,202176.0,
1973-09-15,,,570844.8,202176.0,
1973-09-16,,,565833.6,202176.0,
1973-09-17,,,560865.6,202176.0,
1973-09-18,,,555033.6,202176.0,
1973-09-19,,,550022.4,195264.0,
1973-09-20,,,545875.2,188352.0,
1973-09-21,,,540864.0,188352.0,
1973-09-22,,,535852.8,188352.0,
1973-09-23,,,530841.6,181440.0,
1973-09-24,,,525830.4,174528.0,
1973-09-25,,,520819.2,174528.0,
1973-09-26,,,515808.0,174528.0,
1973-09-27,,,510796.8,167616.0,
1973-09-28,,,505785.6,160704.0,
1973-09-29,,,500774.4,160704.0,
1973-09-30,,,495763.2,160704.0,
1973-10-01,,,494251.2,161006.4,
1973-10-02,,,496195.2,161606.88,
1973-10-03,,,498096.0,162207.36,
1973-10-04,,,500040.0,162807.84,
1973-10-05,,,501984.0,163408.32,
1973-10-06,,,503884.8,164013.12,
1973-10-07,,,505785.6,164613.6,
1973-10-08,,,507729.6,165214.08,
1973-10-09,,,509673.6,165814.56,
1973-10-10,,,511574.4,166415.04,
1973-10-11,,,513475.2,167015.52,
1973-10-12,,,515419.2,167616.0,
1973-10-13,,,517363.2,168220.8,
1973-10-14,,,519264.0,168821.28,
1973-10-15,,,521208.0,169421.76,
1973-10-16,,,523152.0,170022.24,
1973-10-17,,,525052.8,170622.72,
1973-10-18,,,526953.6,171227.52,
1973-10-19,,,528897.6,171828.0,
1973-10-20,,,530841.6,172428.48,
1973-10-21,,,532742.4,173028.96,
1973-10-22,,,534686.4,173629.44,
1973-10-23,,,543196.8,174229.92,
1973-10-24,,,558273.6,174830.4,
1973-10-25,,,573393.6,175219.2,
1973-10-26,,,588513.6,175392.0,
1973-10-27,,,603590.4,175564.8,
1973-10-28,,,618667.2,175737.6,
1973-10-29,,,633787.2,175910.4,
1973-10-30,,,648907.2,176083.2,
1973-10-31,,,663984.0,176256.0,
1973-11-01,,,679060.8,176428.8,
1973-11-02,,,694180.8,176601.6,
1973-11-03,,,709300.8,176774.4,
1973-11-04,,,724377.6,176947.2,
1973-11-05,,,739454.4,177120.0,
1973-11-06,,,754574.4,177292.8,
1973-11-07,,,769694.4,177465.6,
1973-11-08,,,784771.2,179353.44,
1973-11-09,,,799848.0,182952.0,
1973-11-10,,,814968.0,186550.56,
1973-11-11,,,830088.0,195264.0,
1973-11-12,,,845164.8,243648.0,
1973-11-13,,,855662.4,324864.0,
1973-11-14,,,861636.96,374976.0,
1973-11-15,,,867555.36,385344.0,
1973-11-16,,,873460.8,374976.0,
1973-11-17,,,879379.2,354240.0,
1973-11-18,,,885297.6,323136.0,
1973-11-19,,,891216.0,293760.0,
1973-11-20,,,897134.4,267840.0,
1973-11-21,,,903096.0,250560.0,
1973-11-22,,,909014.4,265552.03,
1973-11-23,,,914932.8,696707.41,
1973-11-24,,,920851.2,578165.76,
1973-11-25,,,926769.6,509760.0,
1973-11-26,,,932731.2,457920.0,
1973-11-27,,,908496.0,419040.0,
1973-11-28,,,855360.0,395712.0,
1973-11-29,,,855360.0,374976.0,
1973-11-30,,,924480.0,374976.0,
1973-12-01,,,933120.0,374976.0,
1973-12-02,,,872640.0,354240.0,
1973-12-03,,,825120.0,333504.0,
1973-12-04,,,774360.0,323136.0,
1973-12-05,,,739800.0,323136.0,
1973-12-06,,,739800.0,312768.0,
1973-12-07,,,767880.0,302400.0,
1973-12-08,,,784080.0,302400.0,
1973-12-09,,,772200.0,293760.0,
1973-12-10,,,761400.0,285120.0,
1973-12-11,,,732240.0,293760.0,
1973-12-12,,,702000.0,293760.0,
1973-12-13,,,731160.0,293760.0,
1973-12-14,,,832680.0,293760.0,
1973-12-15,,,881280.0,293760.0,
1973-12-16,,,846720.0,302400.0,
1973-12-17,,,961632.0,474687.0,
1973-12-18,,,1078272.0,535680.0,
1973-12-19,,,1034208.0,470880.0,
1973-12-20,,,996192.0,444960.0,
1973-12-21,,,970272.0,432000.0,
1973-12-22,,,917568.0,432000.0,
1973-12-23,,,903744.0,432000.0,
1973-12-24,,,919296.0,419040.0,
1973-12-25,,,851472.0,406080.0,
1973-12-26,,,784080.0,406080.0,
1973-12-27,,,784080.0,406080.0,
1973-12-28,,,827280.0,395712.0,
1973-12-29,,,864000.0,385344.0,
1973-12-30,,,833760.0,385344.0,
1973-12-31,,,785160.0,374976.0,
1974-01-01,,,756000.0,364608.0,
1974-01-02,,,733320.0,364608.0,
1974-01-03,,,775440.0,364608.0,
1974-01-04,,,877824.0,354240.0,
1974-01-05,,,871344.0,343872.0,
1974-01-06,,,816480.0,343872.0,
1974-01-07,,,791640.0,333504.0,
1974-01-08,,,761400.0,333504.0,
1974-01-09,,,773280.0,350053.34,
1974-01-10,,,1077955.8,622893.89,
1974-01-11,,,1010925.6,490380.22,
1974-01-12,,,960088.8,470880.0,
1974-01-13,,,900302.4,457920.0,
1974-01-14,,,1162930.8,710372.22,
1974-01-15,,,1874518.92,700688.52,
1974-01-16,,,2588117.04,1320293.7,
1974-01-17,,,4578749.4,3022275.5,
1974-01-18,,,4487220.0,2050475.52,
1974-01-19,,,3196554.0,1367158.5,
1974-01-20,,,3654307.725,1795070.7,
1974-01-21,,,4112061.45,2222982.9,
1974-01-22,,,4569815.175000001,2650895.1,
1974-01-23,,,5027568.9,2082016.8,
1974-01-24,,,2920932.3,1749168.0,
1974-01-25,,,3280843.8,1591920.0,
1974-01-26,,,2824591.2,1499040.0,
1974-01-27,,,2702383.26,1406160.0,
1974-01-28,,,2659348.8,1556496.0,
1974-01-29,,,2583155.61,1667952.0,
1974-01-30,,,2502561.33,1610496.0,
1974-01-31,,,3432608.34,2497285.25,
1974-02-01,,,3897709.8,2012124.91,
1974-02-02,,,3058109.7,1847232.0,
1974-02-03,,,2619238.38,1691712.0,
1974-02-04,,,2410236.03,1517616.0,
1974-02-05,,,2234593.65,1461888.0,
1974-02-06,,,2054190.0,1406160.0,
1974-02-07,,,2031270.0,1387584.0,
1974-02-08,,,2065185.0,1406160.0,
1974-02-09,,,2062800.0,1406160.0,
1974-02-10,,,1983744.3,1424736.0,
1974-02-11,,,2084655.0,1554768.0,
1974-02-12,,,2315563.2,1767744.0,
1974-02-13,,,2478628.56,1867536.0,
1974-02-14,,,2471676.75,1766016.0,
1974-02-15,,,2365502.4,1647648.0,
1974-02-16,,,2242339.2,1591920.0,
1974-02-17,,,2170800.0,1517616.0,
1974-02-18,,,2084400.0,1461888.0,
1974-02-19,,,1968710.4,1424736.0,
1974-02-20,,,1889568.0,1369008.0,
1974-02-21,,,1870041.6,1297296.0,
1974-02-22,,,1889568.0,1244160.0,
1974-02-23,,,1830643.2,1244160.0,
1974-02-24,,,1801353.6,1261440.0,
1974-02-25,,,1840752.0,1278720.0,
1974-02-26,,,1840752.0,1261440.0,
1974-02-27,,,1781136.0,1244160.0,
1974-02-28,,,2134647.0,1950629.59,
1974-03-01,,,3222428.0999999996,3984230.795,
1974-03-02,,,4310209.199999999,6017832.0,
1974-03-03,,,5397990.3,3933685.13,
1974-03-04,,,4421140.2,3247395.41,
1974-03-05,,,3767306.4,2859840.0,
1974-03-06,,,3353616.0,2557872.0,
1974-03-07,,,3158784.0,2319840.0,
1974-03-08,,,3044736.0,2205360.0,
1974-03-09,,,2931984.0,2159568.0,
1974-03-10,,,2806704.0,2113776.0,
1974-03-11,,,2693952.0,2090880.0,
1974-03-12,,,2605651.2,2070576.0,
1974-03-13,,,2519726.4,2029968.0,
1974-03-14,,,2481537.6,1989360.0,
1974-03-15,,,2557915.2,1948752.0,
1974-03-16,,,2624745.6,1908144.0,
1974-03-17,,,2624745.6,1887840.0,
1974-03-18,,,2624745.6,1867536.0,
1974-03-19,,,2615198.4,1826928.0,
1974-03-20,,,2548368.0,1786320.0,
1974-03-21,,,2422051.2,1745712.0,
1974-03-22,,,2353017.6,1705104.0,
1974-03-23,,,2303078.4,1666224.0,
1974-03-24,,,2217369.6,1629072.0,
1974-03-25,,,2149200.0,1591920.0,
1974-03-26,,,2084400.0,1554768.0,
1974-03-27,,,2000073.6,1517616.0,
1974-03-28,,,1918857.6,1480464.0,
1974-03-29,,,1928620.8,1443312.0,
1974-03-30,,,1948147.2,1406160.0,
1974-03-31,,,1918857.6,1369008.0,
1974-04-01,,,1879804.8,1350432.0,
1974-04-02,,,1860278.4,1331856.0,
1974-04-03,,,1820880.0,1331856.0,
1974-04-04,,,1848752.1,1438837.8,
1974-04-05,,,2179078.05,1658279.4,
1974-04-06,,,2169196.92,1554768.0,
1974-04-07,,,2078707.5,1517616.0,
1974-04-08,,,2031285.0,1636252.2,
1974-04-09,,,2545018.32,1982621.63,
1974-04-10,,,3573575.7,2711695.28,
1974-04-11,,,3411340.5,2182464.0,
1974-04-12,,,2906928.0,2009664.0,
1974-04-13,,,2674857.6,1903258.08,
1974-04-14,,,2586556.8,1852878.24,
1974-04-15,,,2529273.6,1802498.4,
1974-04-16,,,2447020.8,1752118.56,
1974-04-17,,,2353017.6,1701738.72,
1974-04-18,,,2278108.8,1651358.88,
1974-04-19,,,2228169.6,1600979.04,
1974-04-20,,,2192400.0,1550599.2,
1974-04-21,,,2127600.0,1500219.36,
1974-04-22,,,2030400.0,1449839.52,
1974-04-23,,,1918857.6,1415767.68,
1974-04-24,,,1850515.2,1397999.52,
1974-04-25,,,1870041.6,1380231.36,
1974-04-26,,,1918857.6,1362463.2,
1974-04-27,,,1938384.0,1344695.04,
1974-04-28,,,1928620.8,1326926.88,
1974-04-29,,,1840060.8,1309158.72,
1974-04-30,,,1771718.4,1291394.88,
1974-05-01,,,1671840.0,1273626.72,
1974-05-02,,,1551744.0,1255858.56,
1974-05-03,,,1580860.8,1238090.4,
1974-05-04,,,1670630.4,1220322.24,
1974-05-05,,,1761609.6,1202554.08,
1974-05-06,,,1662336.0,1184785.92,
1974-05-07,,,1428192.0,1170063.36,
1974-05-08,,,1296864.0,1158386.4,
1974-05-09,,,1244160.0,1146709.44,
1974-05-10,,,1252800.0,1135028.16,
1974-05-11,,,1362528.0,1123346.88,
1974-05-12,,,1456704.0,1111669.92,
1974-05-13,,,1381536.0,1099992.96,
1974-05-14,,,1229472.0,1088311.68,
1974-05-15,,,1163808.0,1076630.4,
1974-05-16,,,1195776.0,1064953.44,
1974-05-17,,,1244160.0,1053276.48,
1974-05-18,,,1316736.0,1041595.2,
1974-05-19,,,1283904.0,1029918.24,
1974-05-20,,,1124928.0,1018241.28,
1974-05-21,,,1024704.0,1006560.0,
1974-05-22,,,1005696.0,994878.72,
1974-05-23,,,989280.0,983201.76,
1974-05-24,,,970272.0,971524.8,
1974-05-25,,,1015200.0,959843.52,
1974-05-26,,,991872.0,948166.56,
1974-05-27,,,1001376.0,936489.6,
1974-05-28,,,987552.0,924808.32,
1974-05-29,,,926208.0,913127.04,
1974-05-30,,,946944.0,901450.08,
1974-05-31,,,989280.0,889773.12,
1974-06-01,,,1067040.0,878091.84,
1974-06-02,,,1086048.0,866410.56,
1974-06-03,,,1034208.0,854733.6,
1974-06-04,,,1034208.0,843056.64,
1974-06-05,,,1015200.0,831016.8,
1974-06-06,,,977184.0,818622.72,
1974-06-07,,,1024704.0,806228.64,
1974-06-08,,,1070496.0,793834.56,
1974-06-09,,,1051488.0,781440.48,
1974-06-10,,,996192.0,769046.4,
1974-06-11,,,940032.0,756652.32,
1974-06-12,,,933120.0,744253.92,
1974-06-13,,,926208.0,731859.84,
1974-06-14,,,898560.0,719465.76,
1974-06-15,,,980640.0,707071.68,
1974-06-16,,,1024704.0,694677.6,
1974-06-17,,,963360.0,682283.52,
1974-06-18,,,858816.0,669889.44,
1974-06-19,,,784080.0,657491.04,
1974-06-20,,,797040.0,645096.96,
1974-06-21,,,803520.0,632702.88,
1974-06-22,,,842400.0,620308.8,
1974-06-23,,,872640.0,607914.72,
1974-06-24,,,786240.0,595520.64,
1974-06-25,,,708480.0,583126.56,
1974-06-26,,,732240.0,570728.16,
1974-06-27,,,725760.0,558334.08,
1974-06-28,,,702000.0,545940.0,
1974-06-29,,,714960.0,533545.92,
1974-06-30,,,695520.0,521151.84,
1974-07-01,,,656640.0,508757.76,
1974-07-02,,,625320.0,496363.68,
1974-07-03,,,583200.0,483965.28,
1974-07-04,,,520020.0,471571.2,
1974-07-05,,,508140.0,459177.12,
1974-07-06,,,530280.0,446783.04,
1974-07-07,,,508680.0,434388.96,
1974-07-08,,,492480.0,421994.88,
1974-07-09,,,492480.0,409600.8,
1974-07-10,,,427680.0,403086.24,
1974-07-11,,,378000.0,402455.52,
1974-07-12,,,394934.4,401824.8,
1974-07-13,,,400291.2,401194.08,
1974-07-14,,,407419.2,400563.36,
1974-07-15,,,414547.2,399932.64,
1974-07-16,,,421675.2,399297.6,
1974-07-17,,,428803.2,398662.56,
1974-07-18,,,435931.2,398031.84,
1974-07-19,,,443059.2,397401.12,
1974-07-20,,,450187.2,396770.4,
1974-07-21,,,457315.2,396139.68,
1974-07-22,,,464443.2,395508.96,
1974-07-23,,,471571.2,394878.24,
1974-07-24,,,478699.2,394247.52,
1974-07-25,,,485827.2,393616.8,
1974-07-26,,,492955.2,392986.08,
1974-07-27,,,500126.4,392355.36,
1974-07-28,,,501508.8,391724.64,
1974-07-29,,,497102.4,391089.6,
1974-07-30,,,492739.2,390454.56,
1974-07-31,,,488376.0,389823.84,
1974-08-01,,,483969.6,389193.12,
1974-08-02,,,479606.4,388562.4,
1974-08-03,,,475243.2,387931.68,
1974-08-04,,,470836.8,387300.96,
1974-08-05,,,466473.6,387469.44,
1974-08-06,,,462110.4,388437.12,
1974-08-07,,,457704.0,389404.8,
1974-08-08,,,453340.8,390372.48,
1974-08-09,,,448977.6,391340.16,
1974-08-10,,,444571.2,392307.84,
1974-08-11,,,440164.8,393275.52,
1974-08-12,,,441590.4,394243.2,
1974-08-13,,,448804.8,395215.2,
1974-08-14,,,455976.0,396187.2,
1974-08-15,,,463147.2,397154.88,
1974-08-16,,,470361.6,398122.56,
1974-08-17,,,477576.0,399090.24,
1974-08-18,,,484747.2,400057.92,
1974-08-19,,,491918.4,401025.6,
1974-08-20,,,499089.6,401993.28,
1974-08-21,,,506304.0,402960.96,
1974-08-22,,,513518.4,403928.64,
1974-08-23,,,520689.6,404896.32,
1974-08-24,,,527860.8,405864.0,
1974-08-25,,,535032.0,406831.68,
1974-08-26,,,543024.0,407799.36,
1974-08-27,,,550238.4,408767.04,
1974-08-28,,,556632.0,409734.72,
1974-08-29,,,563803.2,410702.4,
1974-08-30,,,571017.6,411674.4,
1974-08-31,,,578232.0,412646.4,
1974-09-01,,,585403.2,413614.08,
1974-09-02,,,592574.4,414581.76,
1974-09-03,,,599745.6,415549.44,
1974-09-04,,,606960.0,416517.12,
1974-09-05,,,614174.4,417484.8,
1974-09-06,,,621345.6,418452.48,
1974-09-07,,,628516.8,419420.16,
1974-09-08,,,635688.0,418102.56,
1974-09-09,,,639576.0,414504.0,
1974-09-10,,,640180.8,410905.44,
1974-09-11,,,640785.6,407306.88,
1974-09-12,,,641390.4,403708.32,
1974-09-13,,,641995.2,400109.76,
1974-09-14,,,642600.0,396511.2,
1974-09-15,,,643204.8,392912.64,
1974-09-16,,,643809.6,389314.08,
1974-09-17,,,644414.4,385715.52,
1974-09-18,,,645019.2,382116.96,
1974-09-19,,,645624.0,378518.4,
1974-09-20,,,646228.8,374919.84,
1974-09-21,,,646833.6,371321.28,
1974-09-22,,,647438.4,367722.72,
1974-09-23,,,648043.2,364124.16,
1974-09-24,,,648648.0,360525.6,
1974-09-25,,,649252.8,356927.04,
1974-09-26,,,649857.6,353328.48,
1974-09-27,,,650462.4,349729.92,
1974-09-28,,,651067.2,346131.36,
1974-09-29,,,654177.6,342532.8,
1974-09-30,,,659793.6,338934.24,
1974-10-01,,,665366.4,335361.6,
1974-10-02,,,670939.2,331819.2,
1974-10-03,,,676512.0,328276.8,
1974-10-04,,,682084.8,324734.4,
1974-10-05,,,687700.8,321192.0,
1974-10-06,,,693273.6,317649.6,
1974-10-07,,,698846.4,314107.2,
1974-10-08,,,704462.4,310564.8,
1974-10-09,,,707313.6,309268.8,
1974-10-10,,,707400.0,310214.88,
1974-10-11,,,707486.4,311160.96,
1974-10-12,,,707572.8,312107.04,
1974-10-13,,,707702.4,313053.12,
1974-10-14,,,707832.0,314003.52,
1974-10-15,,,707918.4,314949.6,
1974-10-16,,,708004.8,315895.68,
1974-10-17,,,708134.4,316841.76,
1974-10-18,,,708264.0,317787.84,
1974-10-19,,,708350.4,318733.92,
1974-10-20,,,708436.8,319680.0,
1974-10-21,,,708566.4,320630.4,
1974-10-22,,,708696.0,321576.48,
1974-10-23,,,708782.4,322522.56,
1974-10-24,,,708868.8,323468.64,
1974-10-25,,,708998.4,324414.72,
1974-10-26,,,709128.0,325365.12,
1974-10-27,,,709214.4,326311.2,
1974-10-28,,,709300.8,327257.28,
1974-10-29,,,709387.2,328203.36,
1974-10-30,,,716904.0,329149.44,
1974-10-31,,,731851.2,330095.52,
1974-11-01,,,746755.2,331041.6,
1974-11-02,,,761659.2,331992.0,
1974-11-03,,,776563.2,332938.08,
1974-11-04,,,791467.2,333884.16,
1974-11-05,,,806371.2,334830.24,
1974-11-06,,,821275.2,335776.32,
1974-11-07,,,836179.2,336726.72,
1974-11-08,,,851083.2,337672.8,
1974-11-09,,,865987.2,338618.88,
1974-11-10,,,880891.2,339564.96,
1974-11-11,,,895795.2,340511.04,
1974-11-12,,,910699.2,341457.12,
1974-11-13,,,925646.4,342403.2,
1974-11-14,,,946080.0,343353.6,
1974-11-15,,,959040.0,344299.68,
1974-11-16,,,978480.0,345245.76,
1974-11-17,,,967680.0,346191.84,
1974-11-18,,,948240.0,347137.92,
1974-11-19,,,959040.0,348088.32,
1974-11-20,,,978480.0,349034.4,
1974-11-21,,,997920.0,349980.48,
1974-11-22,,,973080.0,350926.56,
1974-11-23,,,1007208.0,351872.64,
1974-11-24,,,1052352.0,352818.72,
1974-11-25,,,1052352.0,353764.8,
1974-11-26,,,1032048.0,358426.08,
1974-11-27,,,978480.0,366798.24,
1974-11-28,,,965520.0,375170.4,
1974-11-29,,,991440.0,383538.24,
1974-11-30,,,968760.0,391906.08,
1974-12-01,,,962280.0,400278.24,
1974-12-02,,,947160.0,408650.4,
1974-12-03,,,891540.0,417022.56,
1974-12-04,,,868860.0,425394.72,
1974-12-05,,,883440.0,433762.56,
1974-12-06,,,991008.0,442130.4,
1974-12-07,,,1066176.0,450502.56,
1974-12-08,,,1091232.0,458874.72,
1974-12-09,,,1084320.0,467246.88,
1974-12-10,,,1038528.0,475619.04,
1974-12-11,,,1096416.0,483991.2,
1974-12-12,,,1136160.0,492359.04,
1974-12-13,,,1078272.0,500726.88,
1974-12-14,,,1012176.0,509099.04,
1974-12-15,,,978480.0,517471.2,
1974-12-16,,,961200.0,525843.36,
1974-12-17,,,937440.0,534215.52,
1974-12-18,,,948240.0,542583.36,
1974-12-19,,,972000.0,550951.2,
1974-12-20,,,1038528.0,559323.36,
1974-12-21,,,1150848.0,567695.52,
1974-12-22,,,1175040.0,571466.88,
1974-12-23,,,1128384.0,570641.76,
1974-12-24,,,1077408.0,569816.64,
1974-12-25,,,1011744.0,568991.52,
1974-12-26,,,997920.0,568166.4,
1974-12-27,,,991440.0,567336.96,
1974-12-28,,,991440.0,566511.84,
1974-12-29,,,984960.0,565686.72,
1974-12-30,,,937440.0,564857.28,
1974-12-31,,,926640.0,564032.16,
1975-01-01,,,926640.0,563207.04,
1975-01-02,,,921240.0,562381.92,
1975-01-03,,,968760.0,561556.8,
1975-01-04,,,1024704.0,560727.36,
1975-01-05,,,1052352.0,559902.24,
1975-01-06,,,1032048.0,559077.12,
1975-01-07,,,984960.0,558722.88,
1975-01-08,,,954720.0,558839.52,
1975-01-09,,,932040.0,558956.16,
1975-01-10,,,968760.0,559072.8,
1975-01-11,,,1127520.0,559189.44,
1975-01-12,,,1206144.0,559310.4,
1975-01-13,,,1136160.0,559427.04,
1975-01-14,,,1064448.0,559543.68,
1975-01-15,,,1004832.0,559660.32,
1975-01-16,,,1004832.0,559776.96,
1975-01-17,,,1052352.0,559897.92,
1975-01-18,,,1052352.0,560014.56,
1975-01-19,,,1058400.0,560131.2,
1975-01-20,,,1051488.0,560247.84,
1975-01-21,,,991440.0,560364.48,
1975-01-22,,,972000.0,560485.44,
1975-01-23,,,972000.0,560602.08,
1975-01-24,,,978480.0,560718.72,
1975-01-25,,,972000.0,560835.36,
1975-01-26,,,991872.0,560952.0,
1975-01-27,,,981072.0,561072.96,
1975-01-28,,,942840.0,561189.6,
1975-01-29,,,966600.0,561306.24,
1975-01-30,,,966600.0,561422.88,
1975-01-31,,,966600.0,561539.52,
1975-02-01,,,973297.8,574560.0,
1975-02-02,,,1504171.62,1066836.3,
1975-02-03,,,1314599.1,1085664.58,
1975-02-04,,,1909446.96,1561293.56,
1975-02-05,,,1434862.47,1140480.0,
1975-02-06,,,1270227.0,1004400.0,
1975-02-07,,,1226678.4,937440.0,
1975-02-08,,,1294954.8,922320.0,
1975-02-09,,,1727273.52,2379866.1,
1975-02-10,,,4393457.1,3585147.0,
1975-02-11,,,3065175.45,2277283.33,
1975-02-12,,,2225149.92,1830491.5,
1975-02-13,,,1940095.32,1630800.0,
1975-02-14,,,1822392.0,1480464.0,
1975-02-15,,,1714564.8,1387584.0,
1975-02-16,,,1637193.6,1331856.0,
1975-02-17,,,1576800.0,1278720.0,
1975-02-18,,,1507680.0,1244160.0,
1975-02-19,,,1481760.0,1244160.0,
1975-02-20,,,1489437.0,1353024.0,
1975-02-21,,,4159087.02,3184743.425,
1975-02-22,,,5853865.5,5016462.85,
1975-02-23,,,3676992.9,3325231.6,
1975-02-24,,,3198681.9,2808000.0,
1975-02-25,,,3044736.0,2574720.0,
1975-02-26,,,2982096.0,2901261.74,
1975-02-27,,,3007152.0,2866206.34,
1975-02-28,,,3019680.0,2580499.43,
1975-03-01,,,4410459.6,5185307.93,
1975-03-02,,,5230742.1,4075576.79,
1975-03-03,,,3826584.0,3111615.47,
1975-03-04,,,3229504.2,2758412.78,
1975-03-05,,,2947174.2,2457216.0,
1975-03-06,,,2769120.0,2319840.0,
1975-03-07,,,2630707.2,2205360.0,
1975-03-08,,,2519726.4,2093472.0,
1975-03-09,,,2412504.0,2029968.0,
1975-03-10,,,2267308.8,1948752.0,
1975-03-11,,,2095200.0,1867536.0,
1975-03-12,,,2008800.0,1826928.0,
1975-03-13,,,1949184.0,1766016.0,
1975-03-14,,,1870041.6,1686528.0,
1975-03-15,,,1821225.6,1629072.0,
1975-03-16,,,1783339.2,1591920.0,
1975-03-17,,,1619611.2,1610496.0,
1975-03-18,,,2184957.54,2180386.5,
1975-03-19,,,3048922.2,2706411.0,
1975-03-20,,,2464913.82,2205757.5,
1975-03-21,,,2292717.75,2009664.0,
1975-03-22,,,2161684.8,1887840.0,
1975-03-23,,,2052000.0,1847232.0,
1975-03-24,,,1978473.6,1806624.0,
1975-03-25,,,1938384.0,1766016.0,
1975-03-26,,,1938384.0,1745712.0,
1975-03-27,,,2000073.6,1786320.0,
1975-03-28,,,1980547.2,1826928.0,
1975-03-29,,,1889568.0,1766016.0,
1975-03-30,,,1870041.6,1705104.0,
1975-03-31,,,1805198.4,1629072.0,
1975-04-01,,,1705968.0,1560008.16,
1975-04-02,,,1654387.2,1533340.8,
1975-04-03,,,1611316.8,1506673.44,
1975-04-04,,,1559520.0,1480001.76,
1975-04-05,,,1499040.0,1453334.4,
1975-04-06,,,1473120.0,1426667.04,
1975-04-07,,,1437264.0,1405006.56,
1975-04-08,,,1419984.0,1388361.6,
1975-04-09,,,1419984.0,1371716.64,
1975-04-10,,,1392768.0,1355067.36,
1975-04-11,,,1368576.0,1338422.4,
1975-04-12,,,1350432.0,1321777.44,
1975-04-13,,,1365552.0,1305128.16,
1975-04-14,,,1335312.0,1288483.2,
1975-04-15,,,1335312.0,1271838.24,
1975-04-16,,,1410912.0,1255188.96,
1975-04-17,,,1410912.0,1238544.0,
1975-04-18,,,1410912.0,1221899.04,
1975-04-19,,,1499040.0,1205249.76,
1975-04-20,,,1602633.6,1188604.8,
1975-04-21,,,1576713.6,1171959.84,
1975-04-22,,,1436832.0,1155310.56,
1975-04-23,,,1341360.0,1138665.6,
1975-04-24,,,1267488.0,1122020.64,
1975-04-25,,,1244160.0,1105371.36,
1975-04-26,,,1290816.0,1088726.4,
1975-04-27,,,1320192.0,1072081.44,
1975-04-28,,,1257984.0,1055432.16,
1975-04-29,,,1149984.0,1038787.2,
1975-04-30,,,1122336.0,1022142.24,
1975-05-01,,,1147392.0,1005492.96,
1975-05-02,,,1154304.0,988848.0,
1975-05-03,,,1199232.0,972203.04,
1975-05-04,,,1219968.0,955553.76,
1975-05-05,,,1175040.0,938908.8,
1975-05-06,,,1135296.0,922263.84,
1975-05-07,,,1116288.0,905614.56,
1975-05-08,,,1156032.0,888969.6,
1975-05-09,,,1245888.0,872324.64,
1975-05-10,,,1344384.0,855675.36,
1975-05-11,,,1280448.0,839030.4,
1975-05-12,,,1130112.0,822385.44,
1975-05-13,,,1020168.0,805736.16,
1975-05-14,,,882360.0,789091.2,
1975-05-15,,,829440.0,772446.24,
1975-05-16,,,884520.0,755796.96,
1975-05-17,,,982584.0,739152.0,
1975-05-18,,,1018224.0,722507.04,
1975-05-19,,,973080.0,714286.08,
1975-05-20,,,927180.0,714497.76,
1975-05-21,,,878580.0,714709.44,
1975-05-22,,,859680.0,714916.8,
1975-05-23,,,887220.0,715128.48,
1975-05-24,,,979236.0,715340.16,
1975-05-25,,,1031616.0,715547.52,
1975-05-26,,,958500.0,715759.2,
1975-05-27,,,874260.0,715970.88,
1975-05-28,,,842400.0,716178.24,
1975-05-29,,,846720.0,716389.92,
1975-05-30,,,864000.0,716601.6,
1975-05-31,,,918000.0,716813.28,
1975-06-01,,,913680.0,717024.96,
1975-06-02,,,859680.0,717232.32,
1975-06-03,,,855360.0,717444.0,
1975-06-04,,,846720.0,717655.68,
1975-06-05,,,842400.0,717863.04,
1975-06-06,,,855360.0,718074.72,
1975-06-07,,,864000.0,718286.4,
1975-06-08,,,851040.0,718493.76,
1975-06-09,,,808920.0,718705.44,
1975-06-10,,,764640.0,718917.12,
1975-06-11,,,745200.0,714035.52,
1975-06-12,,,680400.0,704064.96,
1975-06-13,,,649944.0,694094.4,
1975-06-14,,,684288.0,684119.52,
1975-06-15,,,654912.0,674144.64,
1975-06-16,,,581040.0,664174.08,
1975-06-17,,,573480.0,654203.52,
1975-06-18,,,625320.0,644232.96,
1975-06-19,,,632880.0,634262.4,
1975-06-20,,,617976.0,624287.52,
1975-06-21,,,654696.0,614312.64,
1975-06-22,,,676944.0,604342.08,
1975-06-23,,,617976.0,594371.52,
1975-06-24,,,558792.0,584400.96,
1975-06-25,,,544104.0,574430.4,
1975-06-26,,,529848.0,564455.52,
1975-06-27,,,537408.0,554480.64,
1975-06-28,,,573912.0,544510.08,
1975-06-29,,,515160.0,534539.52,
1975-06-30,,,449280.0,524568.96,
1975-07-01,,,441720.0,514598.4,
1975-07-02,,,426600.0,504623.52,
1975-07-03,,,358992.0,494648.64,
1975-07-04,,,358992.0,484678.08,
1975-07-05,,,529632.0,474707.52,
1975-07-06,,,603504.0,464736.96,
1975-07-07,,,485352.0,454766.4,
1975-07-08,,,374328.0,444791.52,
1975-07-09,,,298728.0,434816.64,
1975-07-10,,,237168.0,424846.08,
1975-07-11,,,275832.0,414875.52,
1975-07-12,,,366984.0,404904.96,
1975-07-13,,,335880.0,394934.4,
1975-07-14,,,229176.0,384959.52,
1975-07-15,,,198072.0,374984.64,
1975-07-16,,,229176.0,365014.08,
1975-07-17,,,260280.0,360780.48,
1975-07-18,,,291168.0,362283.84,
1975-07-19,,,359208.0,363787.2,
1975-07-20,,,343656.0,365290.56,
1975-07-21,,,268056.0,366793.92,
1975-07-22,,,260280.0,368297.28,
1975-07-23,,,283392.0,369800.64,
1975-07-24,,,298944.0,371304.0,
1975-07-25,,,314496.0,372807.36,
1975-07-26,,,404352.0,374310.72,
1975-07-27,,,426384.0,375814.08,
1975-07-28,,,366768.0,377317.44,
1975-07-29,,,329184.0,378820.8,
1975-07-30,,,298944.0,380324.16,
1975-07-31,,,275832.0,381827.52,
1975-08-01,,,313416.0,383330.88,
1975-08-02,,,411696.0,384834.24,
1975-08-03,,,434160.0,386337.6,
1975-08-04,,,419040.0,387840.96,
1975-08-05,,,389232.0,389344.32,
1975-08-06,,,426384.0,390847.68,
1975-08-07,,,478656.0,392351.04,
1975-08-08,,,486000.0,393854.4,
1975-08-09,,,537408.0,395357.76,
1975-08-10,,,500472.0,396861.12,
1975-08-11,,,434160.0,398364.48,
1975-08-12,,,404136.0,399867.84,
1975-08-13,,,396576.0,401371.2,
1975-08-14,,,434160.0,402874.56,
1975-08-15,,,426600.0,404377.92,
1975-08-16,,,463104.0,405881.28,
1975-08-17,,,440856.0,407384.64,
1975-08-18,,,389232.0,408888.0,
1975-08-19,,,441504.0,410391.36,
1975-08-20,,,456624.0,411894.72,
1975-08-21,,,471312.0,413398.08,
1975-08-22,,,500688.0,414901.44,
1975-08-23,,,596160.0,416404.8,
1975-08-24,,,639792.0,417908.16,
1975-08-25,,,573480.0,419411.52,
1975-08-26,,,559224.0,419130.72,
1975-08-27,,,559224.0,417070.08,
1975-08-28,,,566352.0,415009.44,
1975-08-29,,,610632.0,412948.8,
1975-08-30,,,654912.0,410888.16,
1975-08-31,,,625320.0,408827.52,
1975-09-01,,,544536.0,406766.88,
1975-09-02,,,493344.0,404706.24,
1975-09-03,,,507600.0,402645.6,
1975-09-04,,,507600.0,400584.96,
1975-09-05,,,500472.0,398524.32,
1975-09-06,,,581256.0,396463.68,
1975-09-07,,,654912.0,394403.04,
1975-09-08,,,625320.0,392342.4,
1975-09-09,,,588168.0,390281.76,
1975-09-10,,,573480.0,388221.12,
1975-09-11,,,522504.0,386160.48,
1975-09-12,,,486000.0,384095.52,
1975-09-13,,,529848.0,382034.88,
1975-09-14,,,617976.0,379974.24,
1975-09-15,,,676944.0,377913.6,
1975-09-16,,,640008.0,375852.96,
1975-09-17,,,617976.0,373792.32,
1975-09-18,,,625104.0,371731.68,
1975-09-19,,,610416.0,369671.04,
1975-09-20,,,654912.0,367610.4,
1975-09-21,,,662256.0,365549.76,
1975-09-22,,,610632.0,363489.12,
1975-09-23,,,537192.0,361428.48,
1975-09-24,,,507816.0,359367.84,
1975-09-25,,,515160.0,357307.2,
1975-09-26,,,529848.0,355246.56,
1975-09-27,,,595944.0,353185.92,
1975-09-28,,,603504.0,351125.28,
1975-09-29,,,537408.0,351216.0,
1975-09-30,,,544536.0,353462.4,
1975-10-01,,,625320.0,355734.72,
1975-10-02,,,676944.0,358032.96,
1975-10-03,,,713664.0,360331.2,
1975-10-04,,,750168.0,362629.44,
1975-10-05,,,698760.0,364927.68,
1975-10-06,,,617760.0,366780.96,
1975-10-07,,,595296.0,368189.28,
1975-10-08,,,595296.0,369597.6,
1975-10-09,,,602856.0,371005.92,
1975-10-10,,,647352.0,372414.24,
1975-10-11,,,698976.0,373822.56,
1975-10-12,,,706320.0,375230.88,
1975-10-13,,,676944.0,376639.2,
1975-10-14,,,610848.0,378051.84,
1975-10-15,,,581040.0,379464.48,
1975-10-16,,,595296.0,380872.8,
1975-10-17,,,588168.0,382281.12,
1975-10-18,,,1169294.4,383689.44,
1975-10-19,,,1209794.4,385097.76,
1975-10-20,,,676620.0,386506.08,
1975-10-21,,,705780.0,387914.4,
1975-10-22,,,729000.0,389322.72,
1975-10-23,,,777060.0,390731.04,
1975-10-24,,,800280.0,392139.36,
1975-10-25,,,800280.0,393547.68,
1975-10-26,,,800280.0,394956.0,
1975-10-27,,,757080.0,396364.32,
1975-10-28,,,725220.0,397772.64,
1975-10-29,,,729000.0,399180.96,
1975-10-30,,,760860.0,400589.28,
1975-10-31,,,795960.0,401997.6,
1975-11-01,,,820800.0,403410.24,
1975-11-02,,,820800.0,404822.88,
1975-11-03,,,780300.0,406231.2,
1975-11-04,,,774360.0,407639.52,
1975-11-05,,,825018.75,409047.84,
1975-11-06,,,790638.75,410456.16,
1975-11-07,,,778140.0,411864.48,
1975-11-08,,,804600.0,413272.8,
1975-11-09,,,829440.0,414681.12,
1975-11-10,,,874800.0,416089.44,
1975-11-11,,,892080.0,415791.36,
1975-11-12,,,864000.0,413782.56,
1975-11-13,,,873180.0,411773.76,
1975-11-14,,,917460.0,409769.28,
1975-11-15,,,942840.0,407760.48,
1975-11-16,,,932040.0,405751.68,
1975-11-17,,,932040.0,403747.2,
1975-11-18,,,932040.0,401742.72,
1975-11-19,,,906660.0,399733.92,
1975-11-20,,,896400.0,397725.12,
1975-11-21,,,901260.0,395720.64,
1975-11-22,,,911520.0,393711.84,
1975-11-23,,,921240.0,391703.04,
1975-11-24,,,915840.0,389698.56,
1975-11-25,,,915840.0,387689.76,
1975-11-26,,,937440.0,385680.96,
1975-11-27,,,978480.0,383676.48,
1975-11-28,,,991440.0,381667.68,
1975-11-29,,,972000.0,379658.88,
1975-11-30,,,984960.0,377654.4,
1975-12-01,,,997920.0,375649.92,
1975-12-02,,,961200.0,373641.12,
1975-12-03,,,926640.0,371632.32,
1975-12-04,,,932040.0,369627.84,
1975-12-05,,,966600.0,367619.04,
1975-12-06,,,966600.0,365610.24,
1975-12-07,,,966600.0,374976.0,
1975-12-08,,,955800.0,374976.0,
1975-12-09,,,968760.0,424224.0,
1975-12-10,,,1191161.4,727218.0,
1975-12-11,,,1110441.6,626400.0,
1975-12-12,,,1110240.0,587520.0,
1975-12-13,,,1104192.0,509760.0,
1975-12-14,,,1080000.0,483840.0,
1975-12-15,,,1038960.0,470880.0,
1975-12-16,,,962280.0,457920.0,
1975-12-17,,,949320.0,496800.0,
1975-12-18,,,991440.0,522720.0,
1975-12-19,,,997920.0,496800.0,
1975-12-20,,,966600.0,470880.0,
1975-12-21,,,959613.75,509760.0,
1975-12-22,,,1271373.3,877479.0,
1975-12-23,,,1214394.0,801360.0,
1975-12-24,,,1110945.6,710640.0,
1975-12-25,,,1079136.0,652320.0,
1975-12-26,,,1085184.0,652320.0,
1975-12-27,,,1130079.0,748077.3,
1975-12-28,,,1824078.45,1247236.5,
1975-12-29,,,2518077.9,1746395.7,
1975-12-30,,,1913939.4,1461888.0,
1975-12-31,,,1698549.42,1280016.0,
1976-01-01,,,1480896.0,1175040.0,
1976-01-02,,,1383696.0,1105920.0,
1976-01-03,,,1350432.0,1088640.0,
1976-01-04,,,1350432.0,1105920.0,
1976-01-05,,,1356480.0,1123200.0,
1976-01-06,,,1820256.3,1779604.2,
1976-01-07,,,1650578.4,1461888.0,
1976-01-08,,,1620000.0,1350432.0,
1976-01-09,,,1611360.0,1278720.0,
1976-01-10,,,1611360.0,1209600.0,
1976-01-11,,,1585440.0,1192320.0,
1976-01-12,,,1545496.44,1298592.0,
1976-01-13,,,2304752.79,1824740.1,
1976-01-14,,,1713421.95,1443312.0,
1976-01-15,,,1533600.0,1369008.0,
1976-01-16,,,1455840.0,1280016.0,
1976-01-17,,,1446768.0,1209600.0,
1976-01-18,,,1455408.0,1244160.0,
1976-01-19,,,1542240.0,1278720.0,
1976-01-20,,,1497744.0,1226880.0,
1976-01-21,,,1368576.0,1140480.0,
1976-01-22,,,1338336.0,1105920.0,
1976-01-23,,,1371600.0,1105920.0,
1976-01-24,,,1901194.8,1610448.4,
1976-01-25,,,1875690.72,1425389.88,
1976-01-26,,,1697371.2,1314576.0,
1976-01-27,,,1576800.0,1244160.0,
1976-01-28,,,1533600.0,1209600.0,
1976-01-29,,,1516320.0,1209600.0,
1976-01-30,,,1542240.0,1246209.9,
1976-01-31,,,2301738.78,2148333.9,
1976-02-01,,,2071011.84,1753020.0,
1976-02-02,,,1871930.88,1591920.0,
1976-02-03,,,1784505.6,1517616.0,
1976-02-04,,,1757548.8,1480464.0,
1976-02-05,,,1697371.2,1461888.0,
1976-02-06,,,1770944.61,1536192.0,
1976-02-07,,,1803513.93,1610496.0,
1976-02-08,,,1905653.34,1838250.0,
1976-02-09,,,2708855.01,2738928.87,
1976-02-10,,,3316918.2,3230172.59,
1976-02-11,,,2899497.48,2601218.14,
1976-02-12,,,2478483.72,2371260.6,
1976-02-13,,,2296443.57,2139264.0,
1976-02-14,,,2149200.0,1969056.0,
1976-02-15,,,2084400.0,1867536.0,
1976-02-16,,,2019600.0,1786320.0,
1976-02-17,,,1938384.0,1667952.0,
1976-02-18,,,1840752.0,1591920.0,
1976-02-19,,,1774742.4,1554768.0,
1976-02-20,,,1714564.8,1499040.0,
1976-02-21,,,1654387.2,1461888.0,
1976-02-22,,,1637193.6,1461888.0,
1976-02-23,,,1671580.8,1480399.2,
1976-02-24,,,1761754.71,1893687.5,
1976-02-25,,,1900863.48,2132218.99,
1976-02-26,,,2343579.42,2145014.17,
1976-02-27,,,3411279.6,2635249.49,
1976-02-28,,,2755887.3,2154334.71,
1976-02-29,,,3105594.9,2454929.39,
1976-03-01,,,2655522.9,2078724.0,
1976-03-02,,,2328048.0,1826928.0,
1976-03-03,,,2170800.0,1610496.0,
1976-03-04,,,2095200.0,1536192.0,
1976-03-05,,,2052000.0,1536192.0,
1976-03-06,,,1990310.4,1499040.0,
1976-03-07,,,1899331.2,1461888.0,
1976-03-08,,,1860278.4,1424736.0,
1976-03-09,,,1786838.4,1369008.0,
1976-03-10,,,1714564.8,1331856.0,
1976-03-11,,,1723161.6,1313280.0,
1976-03-12,,,1740355.2,1350432.0,
1976-03-13,,,1973947.29,1667881.01,
1976-03-14,,,4648420.95,4525603.74,
1976-03-15,,,3577199.4,2754444.6,
1976-03-16,,,2864002.2,2342736.0,
1976-03-17,,,2634102.75,2162160.0,
1976-03-18,,,2557915.2,2070576.0,
1976-03-19,,,2548368.0,2090880.0,
1976-03-20,,,2835240.75,2607659.52,
1976-03-21,,,4497431.4,3488926.88,
1976-03-22,,,3668129.4,2798442.23,
1976-03-23,,,3078389.1,2531952.0,
1976-03-24,,,2881123.8,2411424.0,
1976-03-25,,,2667247.26,2365632.0,
1976-03-26,,,2626754.58,2274048.0,
1976-03-27,,,2457049.44,2058048.0,
1976-03-28,,,2208927.42,1887840.0,
1976-03-29,,,2153355.0,1867536.0,
1976-03-30,,,2145647.61,1826928.0,
1976-03-31,,,2062800.0,1806624.0,
1976-04-01,,,2030715.0,1766016.0,
1976-04-02,,,2030400.0,1667952.0,
1976-04-03,,,2019600.0,1573344.0,
1976-04-04,,,1977436.8,1517616.0,
1976-04-05,,,2022229.38,1652392.2,
1976-04-06,,,4517324.94,4722085.81,
1976-04-07,,,3744942.6,2765524.2,
1976-04-08,,,3219477.6,2434320.0,
1976-04-09,,,2972265.0,2274048.0,
1976-04-10,,,2734516.8,2182464.0,
1976-04-11,,,2538820.8,2113776.0,
1976-04-12,,,2427926.4,2050272.0,
1976-04-13,,,2365502.4,2050272.0,
1976-04-14,,,2390472.0,2009664.0,
1976-04-15,,,2427926.4,1887840.0,
1976-04-16,,,2390472.0,1847232.0,
1976-04-17,,,2402956.8,1887840.0,
1976-04-18,,,2415441.6,1948752.0,
1976-04-19,,,2427926.4,2029968.0,
1976-04-20,,,2377987.2,2090880.0,
1976-04-21,,,2265624.0,2050272.0,
1976-04-22,,,2204997.99,1969056.0,
1976-04-23,,,2204884.8,1928448.0,
1976-04-24,,,2228169.6,1928448.0,
1976-04-25,,,2194084.8,1908144.0,
1976-04-26,,,2106000.0,1847232.0,
1976-04-27,,,1990310.4,1786320.0,
1976-04-28,,,1889568.0,1745712.0,
1976-04-29,,,1830988.8,1705104.0,
1976-04-30,,,1889568.0,1666224.0,
1976-05-01,,,1899331.2,1631905.92,
1976-05-02,,,1734091.2,1600421.76,
1976-05-03,,,1619956.8,1568937.6,
1976-05-04,,,1542240.0,1537453.44,
1976-05-05,,,1559476.8,1505973.6,
1976-05-06,,,1594036.8,1474493.76,
1976-05-07,,,1559520.0,1443009.6,
1976-05-08,,,1594080.0,1411525.44,
1976-05-09,,,1542240.0,1380041.28,
1976-05-10,,,1499040.0,1348557.12,
1976-05-11,,,1516320.0,1317072.96,
1976-05-12,,,1499040.0,1285588.8,
1976-05-13,,,1454976.0,1254104.64,
1976-05-14,,,1489536.0,1222624.8,
1976-05-15,,,1550880.0,1191144.96,
1976-05-16,,,1507680.0,1159660.8,
1976-05-17,,,1428192.0,1128176.64,
1976-05-18,,,1335312.0,1096692.48,
1976-05-19,,,1315656.0,1076487.84,
1976-05-20,,,1354968.0,1067562.72,
1976-05-21,,,1462752.0,1058637.6,
1976-05-22,,,1533600.0,1049712.48,
1976-05-23,,,1463616.0,1040787.36,
1976-05-24,,,1359504.0,1031862.24,
1976-05-25,,,1276128.0,1022937.12,
1976-05-26,,,1226880.0,1014012.0,
1976-05-27,,,1181952.0,1005086.88,
1976-05-28,,,1161216.0,996161.76,
1976-05-29,,,1238112.0,987236.64,
1976-05-30,,,1276128.0,978311.52,
1976-05-31,,,1206144.0,969386.4,
1976-06-01,,,1089504.0,960461.28,
1976-06-02,,,1031616.0,951536.16,
1976-06-03,,,1084320.0,942611.04,
1976-06-04,,,1156032.0,933685.92,
1976-06-05,,,1202688.0,924760.8,
1976-06-06,,,1156896.0,915835.68,
1976-06-07,,,1057536.0,906910.56,
1976-06-08,,,1038528.0,898223.04,
1976-06-09,,,1032048.0,889773.12,
1976-06-10,,,1011312.0,881323.2,
1976-06-11,,,1017792.0,872868.96,
1976-06-12,,,1038528.0,864414.72,
1976-06-13,,,1001808.0,855964.8,
1976-06-14,,,912060.0,847514.88,
1976-06-15,,,868860.0,839064.96,
1976-06-16,,,864000.0,830615.04,
1976-06-17,,,872640.0,822165.12,
1976-06-18,,,877500.0,813710.88,
1976-06-19,,,922860.0,805256.64,
1976-06-20,,,905040.0,796806.72,
1976-06-21,,,868860.0,788356.8,
1976-06-22,,,873180.0,779906.88,
1976-06-23,,,827820.0,771456.96,
1976-06-24,,,784080.0,763002.72,
1976-06-25,,,660420.0,754548.48,
1976-06-26,,,680400.0,746098.56,
1976-06-27,,,710640.0,737648.64,
1976-06-28,,,594000.0,729198.72,
1976-06-29,,,571320.0,720748.8,
1976-06-30,,,563760.0,712298.88,
1976-07-01,,,571320.0,703844.64,
1976-07-02,,,594000.0,695390.4,
1976-07-03,,,667440.0,686940.48,
1976-07-04,,,699840.0,678490.56,
1976-07-05,,,649080.0,669755.52,
1976-07-06,,,594000.0,660731.04,
1976-07-07,,,548640.0,651706.56,
1976-07-08,,,548640.0,642682.08,
1976-07-09,,,541080.0,633657.6,
1976-07-10,,,556200.0,624637.44,
1976-07-11,,,594000.0,615612.96,
1976-07-12,,,578880.0,606588.48,
1976-07-13,,,526681.44,597564.0,
1976-07-14,,,496800.0,588539.52,
1976-07-15,,,475200.0,579515.04,
1976-07-16,,,430561.44,570490.56,
1976-07-17,,,527040.0,561470.4,
1976-07-18,,,557280.0,552445.92,
1976-07-19,,,453600.0,543421.44,
1976-07-20,,,467998.56,534396.96,
1976-07-21,,,459358.56,525372.48,
1976-07-22,,,459358.56,516352.32,
1976-07-23,,,496800.0,507327.84,
1976-07-24,,,599041.44,498303.36,
1976-07-25,,,658800.0,489278.88,
1976-07-26,,,586440.0,480254.4,
1976-07-27,,,548640.0,471234.24,
1976-07-28,,,504360.0,462209.76,
1976-07-29,,,429840.0,453185.28,
1976-07-30,,,399600.0,444160.8,
1976-07-31,,,519480.0,435136.32,
1976-08-01,,,528120.0,426111.84,
1976-08-02,,,382320.0,417087.36,
1976-08-03,,,317520.0,408067.2,
1976-08-04,,,288823.5,399042.72,
1976-08-05,,,330480.0,390018.24,
1976-08-06,,,341280.0,380993.76,
1976-08-07,,,432000.0,371969.28,
1976-08-08,,,429118.56,371200.32,
1976-08-09,,,342718.56,378686.88,
1976-08-10,,,354240.0,386173.44,
1976-08-11,,,365761.44,393655.68,
1976-08-12,,,391681.44,401137.92,
1976-08-13,,,385918.56,408624.48,
1976-08-14,,,566926.56,416111.04,
1976-08-15,,,561168.0,423593.28,
1976-08-16,,,380160.0,431079.84,
1976-08-17,,,391681.44,438566.4,
1976-08-18,,,420841.44,446048.64,
1976-08-19,,,455760.0,453530.88,
1976-08-20,,,495720.0,461017.44,
1976-08-21,,,865080.0,468504.0,
1976-08-22,,,892438.56,475986.24,
1976-08-23,,,645118.56,483472.8,
1976-08-24,,,811512.0,490959.36,
1976-08-25,,,841320.0,498441.6,
1976-08-26,,,674926.56,505923.84,
1976-08-27,,,704734.56,513410.4,
1976-08-28,,,979776.0,520896.96,
1976-08-29,,,1054080.0,528379.2,
1976-08-30,,,1186272.0,535865.76,
1976-08-31,,,1432728.0,543352.32,
1976-09-01,,,1175256.0,550834.56,
1976-09-02,,,898560.0,558316.8,
1976-09-03,,,952020.0,565803.36,
1976-09-04,,,978480.0,573289.92,
1976-09-05,,,916380.0,580772.16,
1976-09-06,,,898560.0,588258.72,
1976-09-07,,,898560.0,595745.28,
1976-09-08,,,865080.0,603227.52,
1976-09-09,,,857520.0,610709.76,
1976-09-10,,,826200.0,618196.32,
1976-09-11,,,842400.0,625682.88,
1976-09-12,,,889920.0,629540.64,
1976-09-13,,,851040.0,629773.92,
1976-09-14,,,834840.0,630007.2,
1976-09-15,,,842400.0,630236.16,
1976-09-16,,,842400.0,630465.12,
1976-09-17,,,865080.0,630698.4,
1976-09-18,,,916380.0,630931.68,
1976-09-19,,,925020.0,631164.96,
1976-09-20,,,881280.0,631398.24,
1976-09-21,,,842400.0,631627.2,
1976-09-22,,,812160.0,631856.16,
1976-09-23,,,834840.0,632089.44,
1976-09-24,,,873720.0,632322.72,
1976-09-25,,,961200.0,632556.0,
1976-09-26,,,1049760.0,632789.28,
1976-09-27,,,1041120.0,633018.24,
1976-09-28,,,969840.0,633247.2,
1976-09-29,,,859680.0,633480.48,
1976-09-30,,,825120.0,633713.76,
1976-10-01,,,863278.56,633947.04,
1976-10-02,,,899998.56,634176.0,
1976-10-03,,,928800.0,634404.96,
1976-10-04,,,943198.56,634638.24,
1976-10-05,,,914397.12,634867.2,
1976-10-06,,,856077.12,635096.16,
1976-10-07,,,848158.56,635329.44,
1976-10-08,,,855360.0,635558.4,
1976-10-09,,,898560.0,635787.36,
1976-10-10,,,906478.56,636020.64,
1976-10-11,,,887038.56,636249.6,
1976-10-12,,,902880.0,636478.56,
1976-10-13,,,902880.0,636711.84,
1976-10-14,,,902880.0,636940.8,
1976-10-15,,,902880.0,637169.76,
1976-10-16,,,953998.56,637403.04,
1976-10-17,,,953998.56,637632.0,
1976-10-18,,,909360.0,637860.96,
1976-10-19,,,922320.0,638094.24,
1976-10-20,,,915840.0,638323.2,
1976-10-21,,,915840.0,638552.16,
1976-10-22,,,951121.44,638785.44,
1976-10-23,,,973442.88,639014.4,
1976-10-24,,,1005121.44,639243.36,
1976-10-25,,,1067040.0,639476.64,
1976-10-26,,,1097280.0,639705.6,
1976-10-27,,,1097280.0,639934.56,
1976-10-28,,,1097280.0,637342.56,
1976-10-29,,,1138320.0,631920.96,
1976-10-30,,,1138320.0,626499.36,
1976-10-31,,,1081438.56,621082.08,
1976-11-01,,,1043280.0,615664.8,
1976-11-02,,,1005121.44,610243.2,
1976-11-03,,,1013040.0,604821.6,
1976-11-04,,,1020958.56,599404.32,
1976-11-05,,,973438.56,593987.04,
1976-11-06,,,957601.44,588565.44,
1976-11-07,,,973442.88,583143.84,
1976-11-08,,,997202.88,578227.68,
1976-11-09,,,1020962.88,573812.64,
1976-11-10,,,997202.88,569393.28,
1976-11-11,,,944641.44,564973.92,
1976-11-12,,,922320.0,560558.88,
1976-11-13,,,966958.56,556143.84,
1976-11-14,,,1035357.12,551724.48,
1976-11-15,,,1035357.12,547305.12,
1976-11-16,,,1005117.12,542890.08,
1976-11-17,,,989280.0,538475.04,
1976-11-18,,,907200.0,534055.68,
1976-11-19,,,907200.0,529636.32,
1976-11-20,,,989280.0,525221.28,
1976-11-21,,,1005117.12,520806.24,
1976-11-22,,,1005117.12,516386.88,
1976-11-23,,,960189.12,511967.52,
1976-11-24,,,946944.0,522568.8,
1976-11-25,,,1146394.41,804382.59,
1976-11-26,,,1805400.91,1464330.26,
1976-11-27,,,1523320.49,1484991.69,
1976-11-28,,,1701379.38,1479654.3675,
1976-11-29,,,1879438.27,1474317.045,
1976-11-30,,,2057497.1599999997,1468979.7225,
1976-12-01,,,2235556.05,1463642.4,
1976-12-02,,,1879458.9,1387584.0,
1976-12-03,,,1726960.4,1350432.0,
1976-12-04,,,1652832.0,1296000.0,
1976-12-05,,,1552608.0,1261440.0,
1976-12-06,,,1470528.0,1209600.0,
1976-12-07,,,1408320.0,1157760.0,
1976-12-08,,,1365120.0,1123200.0,
1976-12-09,,,1339200.0,1088640.0,
1976-12-10,,,1373760.0,1054080.0,
1976-12-11,,,1416960.0,1036800.0,
1976-12-12,,,1399680.0,1036800.0,
1976-12-13,,,1373760.0,1019520.0,
1976-12-14,,,1356480.0,1002240.0,
1976-12-15,,,1382400.0,984960.0,
1976-12-16,,,1391040.0,967680.0,
1976-12-17,,,1347840.0,967680.0,
1976-12-18,,,1339200.0,952560.0,
1976-12-19,,,1320840.0,937440.0,
1976-12-20,,,1294380.0,922320.0,
1976-12-21,,,1267380.0,907200.0,
1976-12-22,,,1222560.0,892080.0,
1976-12-23,,,1249560.0,876960.0,
1976-12-24,,,1303560.0,876960.0,
1976-12-25,,,1373760.0,906284.16,
1976-12-26,,,2453834.1,1263657.5266666668,
1976-12-27,,,2492266.5,1621030.8933333335,
1976-12-28,,,2530698.9,1978404.26,
1976-12-29,,,2146778.4,1649376.0,
1976-12-30,,,1868004.35,1517616.0,
1976-12-31,,,1762560.0,1443312.0,
1977-01-01,,,1727136.0,1334448.0,
1977-01-02,,,1727136.0,1270476.92,
1977-01-03,,,2138974.2,2043075.79,
1977-01-04,,,2351344.8,1802247.82,
1977-01-05,,,2153240.7,1629072.0,
1977-01-06,,,1984608.0,1629072.0,
1977-01-07,,,1918080.0,1629072.0,
1977-01-08,,,1880064.0,1517616.0,
1977-01-09,,,1808352.0,1480464.0,
1977-01-10,,,1717632.0,1424736.0,
1977-01-11,,,1689120.0,1314576.0,
1977-01-12,,,1617408.0,1278720.0,
1977-01-13,,,1555200.0,1278720.0,
1977-01-14,,,1572480.0,1278720.0,
1977-01-15,,,1589760.0,1244160.0,
1977-01-16,,,1598400.0,1244160.0,
1977-01-17,,,1607040.0,1261440.0,
1977-01-18,,,1571616.0,1209096.0,
1977-01-19,,,2191844.7,2142509.09,
1977-01-20,,,4856129.1,2505925.215,
1977-01-21,,,3707081.7,2869341.34,
1977-01-22,,,3311542.95,2942685.75,
1977-01-23,,,3317103.9,2562851.82,
1977-01-24,,,2678745.0,2215247.79,
1977-01-25,,,2409480.0,1998736.5,
1977-01-26,,,2241000.0,1826928.0,
1977-01-27,,,2090880.0,1745712.0,
1977-01-28,,,1990442.4,1705104.0,
1977-01-29,,,2227972.8,1766016.0,
1977-01-30,,,2245155.79,1867536.0,
1977-01-31,,,2168640.0,1887840.0,
1977-02-01,,,2042928.0,1847232.0,
1977-02-02,,,1908576.0,1745712.0,
1977-02-03,,,1842048.0,1666224.0,
1977-02-04,,,1851552.0,1629072.0,
1977-02-05,,,1946823.0,1628743.68,
1977-02-06,,,2153116.65,1826364.4,
1977-02-07,,,2657450.0,2313662.28,
1977-02-08,,,5438811.42,3488827.1399999997,
1977-02-09,,,5572866.64,4663992.0,
1977-02-10,,,4189882.85,3443233.5,
1977-02-11,,,3553695.6,2993760.0,
1977-02-12,,,3220890.75,2678400.0,
1977-02-13,,,2946240.0,2480112.0,
1977-02-14,,,2721600.0,2319840.0,
1977-02-15,,,2548800.0,2205360.0,
1977-02-16,,,2462400.0,2159568.0,
1977-02-17,,,2366280.0,2113776.0,
1977-02-18,,,2334528.0,2070576.0,
1977-02-19,,,2323944.0,2029968.0,
1977-02-20,,,2260440.0,1969056.0,
1977-02-21,,,2208384.0,1908144.0,
1977-02-22,,,2120040.0,1867536.0,
1977-02-23,,,2042280.0,1826928.0,
1977-02-24,,,2003832.0,1786320.0,
1977-02-25,,,1956096.0,1745712.0,
1977-02-26,,,1937088.0,1686528.0,
1977-02-27,,,1927584.0,1629072.0,
1977-02-28,,,1870560.0,1591920.0,
1977-03-01,,,1805760.0,1554768.0,
1977-03-02,,,1771200.0,1554768.0,
1977-03-03,,,1779840.0,1629072.0,
1977-03-04,,,1909440.0,1701198.72,
1977-03-05,,,2053255.5,1924800.69,
1977-03-06,,,2469796.57,2348439.8,
1977-03-07,,,2293791.42,2012591.76,
1977-03-08,,,2110320.0,1887840.0,
1977-03-09,,,2032560.0,1847232.0,
1977-03-10,,,2485957.95,2376435.0,
1977-03-11,,,2598428.24,2319840.0,
1977-03-12,,,2622044.05,2597855.73,
1977-03-13,,,2980995.84,2684070.11,
1977-03-14,,,2743200.0,2434320.0,
1977-03-15,,,2602800.0,2319840.0,
1977-03-16,,,2473200.0,2228256.0,
1977-03-17,,,2408616.0,2159568.0,
1977-03-18,,,2486083.72,2251152.0,
1977-03-19,,,2700328.9,2319840.0,
1977-03-20,,,2570400.0,2228256.0,
1977-03-21,,,2484000.0,2136672.0,
1977-03-22,,,2408832.0,2050272.0,
1977-03-23,,,2345112.0,1989360.0,
1977-03-24,,,2292192.0,1928448.0,
1977-03-25,,,2260440.0,1867536.0,
1977-03-26,,,2209248.0,1847232.0,
1977-03-27,,,2149200.0,1826928.0,
1977-03-28,,,2090880.0,1786320.0,
1977-03-29,,,2042280.0,1766016.0,
1977-03-30,,,1984824.0,1745712.0,
1977-03-31,,,1946592.0,1705104.0,
1977-04-01,,,1918080.0,1684800.0,
1977-04-02,,,1870560.0,1666224.0,
1977-04-03,,,1851552.0,1629072.0,
1977-04-04,,,1815264.0,1610496.0,
1977-04-05,,,1779840.0,1591920.0,
1977-04-06,,,1744416.0,1554768.0,
1977-04-07,,,1727136.0,1536192.0,
1977-04-08,,,1789344.0,1517616.0,
1977-04-09,,,1797984.0,1480464.0,
1977-04-10,,,1689120.0,1461888.0,
1977-04-11,,,1651968.0,1443312.0,
1977-04-12,,,1689120.0,1406160.0,
1977-04-13,,,1804945.2,1461888.0,
1977-04-14,,,2091146.64,1767609.3,
1977-04-15,,,3485826.27,3968457.0,
1977-04-16,,,3509034.0,2977662.0,
1977-04-17,,,2841277.5,2531952.0,
1977-04-18,,,2543625.0,2274048.0,
1977-04-19,,,2377080.0,2093472.0,
1977-04-20,,,2281608.0,2009664.0,
1977-04-21,,,2239272.0,1969056.0,
1977-04-22,,,2198664.0,1928448.0,
1977-04-23,,,2215981.5,1978325.7,
1977-04-24,,,2926050.75,2907629.7,
1977-04-25,,,2936890.5,2541526.2,
1977-04-26,,,2667600.0,2342736.0,
1977-04-27,,,2538000.0,2296944.0,
1977-04-28,,,2430432.0,2205360.0,
1977-04-29,,,2387448.0,2113776.0,
1977-04-30,,,2398032.0,2052864.0,
1977-05-01,,,2355696.0,1948272.48,
1977-05-02,,,2292192.0,1906705.44,
1977-05-03,,,2239272.0,1865134.08,
1977-05-04,,,2168640.0,1823562.72,
1977-05-05,,,2090880.0,1781995.68,
1977-05-06,,,2042280.0,1740428.64,
1977-05-07,,,2032560.0,1698857.28,
1977-05-08,,,2022840.0,1657285.92,
1977-05-09,,,1937088.0,1624026.24,
1977-05-10,,,1807488.0,1599069.6,
1977-05-11,,,1753920.0,1574112.96,
1977-05-12,,,1762560.0,1549160.64,
1977-05-13,,,1825632.0,1524208.32,
1977-05-14,,,1889568.0,1499251.68,
1977-05-15,,,1843776.0,1474295.04,
1977-05-16,,,1762560.0,1449342.72,
1977-05-17,,,1753920.0,1424390.4,
1977-05-18,,,1680480.0,1399433.76,
1977-05-19,,,1562976.0,1374477.12,
1977-05-20,,,1536192.0,1349524.8,
1977-05-21,,,1562976.0,1324568.16,
1977-05-22,,,1534464.0,1299611.52,
1977-05-23,,,1517184.0,1274659.2,
1977-05-24,,,1517184.0,1249706.88,
1977-05-25,,,1435104.0,1224750.24,
1977-05-26,,,1328940.0,1199793.6,
1977-05-27,,,1276020.0,1174841.28,
1977-05-28,,,1355400.0,1149884.64,
1977-05-29,,,1382400.0,1124928.0,
1977-05-30,,,1293840.0,1099975.68,
1977-05-31,,,1239840.0,1075023.36,
1977-06-01,,,1205280.0,1050066.72,
1977-06-02,,,1179360.0,1025110.08,
1977-06-03,,,1142640.0,1000157.76,
1977-06-04,,,1159920.0,975205.44,
1977-06-05,,,1144800.0,950248.8,
1977-06-06,,,1083240.0,925292.16,
1977-06-07,,,1042200.0,905973.12,
1977-06-08,,,1010880.0,892287.36,
1977-06-09,,,1010880.0,878601.6,
1977-06-10,,,1042200.0,864920.16,
1977-06-11,,,1161000.0,851238.72,
1977-06-12,,,1145880.0,837552.96,
1977-06-13,,,1035720.0,823867.2,
1977-06-14,,,979776.0,810181.44,
1977-06-15,,,909217.44,796495.68,
1977-06-16,,,869762.88,782814.24,
1977-06-17,,,876960.0,769132.8,
1977-06-18,,,956158.56,755447.04,
1977-06-19,,,980065.44,741761.28,
1977-06-20,,,940321.44,728075.52,
1977-06-21,,,902016.0,714389.76,
1977-06-22,,,869758.56,700704.0,
1977-06-23,,,869758.56,687022.56,
1977-06-24,,,869758.56,673341.12,
1977-06-25,,,964798.56,659655.36,
1977-06-26,,,988705.44,645969.6,
1977-06-27,,,908064.0,632283.84,
1977-06-28,,,869758.56,618598.08,
1977-06-29,,,876960.0,604916.64,
1977-06-30,,,915265.44,591235.2,
1977-07-01,,,908064.0,577549.44,
1977-07-02,,,923901.12,563863.68,
1977-07-03,,,893661.12,556718.4,
1977-07-04,,,784797.12,556117.92,
1977-07-05,,,745917.12,555517.44,
1977-07-06,,,724317.12,554912.64,
1977-07-07,,,671038.56,554307.84,
1977-07-08,,,639360.0,553707.36,
1977-07-09,,,734400.0,553106.88,
1977-07-10,,,780840.0,552502.08,
1977-07-11,,,732240.0,551901.6,
1977-07-12,,,669384.0,551301.12,
1977-07-13,,,606528.0,550696.32,
1977-07-14,,,614736.0,550091.52,
1977-07-15,,,658152.0,549491.04,
1977-07-16,,,751680.0,548890.56,
1977-07-17,,,690120.0,548285.76,
1977-07-18,,,622080.0,547685.28,
1977-07-19,,,656640.0,547084.8,
1977-07-20,,,648000.0,546480.0,
1977-07-21,,,648000.0,545875.2,
1977-07-22,,,724680.0,545274.72,
1977-07-23,,,837864.0,544674.24,
1977-07-24,,,736128.0,544069.44,
1977-07-25,,,588384.0,543468.96,
1977-07-26,,,545400.0,542868.48,
1977-07-27,,,571752.0,542263.68,
1977-07-28,,,622944.0,541658.88,
1977-07-29,,,564192.0,541058.4,
1977-07-30,,,657720.0,540457.92,
1977-07-31,,,690120.0,539853.12,
1977-08-01,,,537840.0,539252.64,
1977-08-02,,,529200.0,538652.16,
1977-08-03,,,579744.0,538047.36,
1977-08-04,,,631584.0,537442.56,
1977-08-05,,,684720.0,536842.08,
1977-08-06,,,741960.0,536241.6,
1977-08-07,,,688824.0,534189.6,
1977-08-08,,,579744.0,530690.4,
1977-08-09,,,579744.0,527191.2,
1977-08-10,,,631584.0,523692.0,
1977-08-11,,,613440.0,520192.8,
1977-08-12,,,579312.0,516693.6,
1977-08-13,,,670032.0,513194.4,
1977-08-14,,,687312.0,509695.2,
1977-08-15,,,622944.0,506196.0,
1977-08-16,,,706752.0,502696.8,
1977-08-17,,,790560.0,499197.6,
1977-08-18,,,790560.0,495698.4,
1977-08-19,,,771120.0,492199.2,
1977-08-20,,,856440.0,488700.0,
1977-08-21,,,923832.0,485200.8,
1977-08-22,,,886464.0,481701.6,
1977-08-23,,,876096.0,478202.4,
1977-08-24,,,837864.0,474703.2,
1977-08-25,,,761400.0,471204.0,
1977-08-26,,,761400.0,467704.8,
1977-08-27,,,905040.0,464205.6,
1977-08-28,,,962280.0,460706.4,
1977-08-29,,,915840.0,457207.2,
1977-08-30,,,886464.0,453708.0,
1977-08-31,,,828144.0,450208.8,
1977-09-01,,,771120.0,446709.6,
1977-09-02,,,808704.0,443210.4,
1977-09-03,,,942624.0,439711.2,
1977-09-04,,,980640.0,436212.0,
1977-09-05,,,961200.0,432712.8,
1977-09-06,,,943920.0,432540.0,
1977-09-07,,,896832.0,435693.6,
1977-09-08,,,876096.0,438842.88,
1977-09-09,,,895104.0,441992.16,
1977-09-10,,,972000.0,445145.76,
1977-09-11,,,1000080.0,448299.36,
1977-09-12,,,990360.0,451452.96,
1977-09-13,,,1038960.0,454602.24,
1977-09-14,,,1077840.0,457751.52,
1977-09-15,,,1019520.0,460905.12,
1977-09-16,,,990360.0,464058.72,
1977-09-17,,,1069200.0,467212.32,
1977-09-18,,,1021680.0,470361.6,
1977-09-19,,,915840.0,473510.88,
1977-09-20,,,858600.0,476664.48,
1977-09-21,,,837864.0,479818.08,
1977-09-22,,,932904.0,482971.68,
1977-09-23,,,1030320.0,486120.96,
1977-09-24,,,1060560.0,489270.24,
1977-09-25,,,1101600.0,492423.84,
1977-09-26,,,1116720.0,495577.44,
1977-09-27,,,1083240.0,498731.04,
1977-09-28,,,1068120.0,501880.32,
1977-09-29,,,1053000.0,505029.6,
1977-09-30,,,959040.0,508183.2,
1977-10-01,,,928800.0,496800.0,
1977-10-02,,,957960.0,470880.0,
1977-10-03,,,930960.0,470880.0,
1977-10-04,,,975240.0,483840.0,
1977-10-05,,,993600.0,483840.0,
1977-10-06,,,993600.0,496800.0,
1977-10-07,,,1010880.0,509760.0,
1977-10-08,,,1019520.0,522720.0,
1977-10-09,,,1010880.0,535680.0,
1977-10-10,,,984960.0,535680.0,
1977-10-11,,,993600.0,548640.0,
1977-10-12,,,1002240.0,561600.0,
1977-10-13,,,975780.0,548640.0,
1977-10-14,,,967140.0,535680.0,
1977-10-15,,,1010880.0,509760.0,
1977-10-16,,,1019520.0,496800.0,
1977-10-17,,,1107484.95,653445.3,
1977-10-18,,,1765303.79,1086834.0,
1977-10-19,,,1394503.67,771120.0,
1977-10-20,,,1320300.0,725760.0,
1977-10-21,,,1281420.0,710640.0,
1977-10-22,,,1243620.0,710640.0,
1977-10-23,,,1195560.0,695520.0,
1977-10-24,,,1155600.0,665280.0,
1977-10-25,,,1193400.0,695520.0,
1977-10-26,,,1193400.0,725760.0,
1977-10-27,,,1146420.0,710640.0,
1977-10-28,,,1108620.0,695520.0,
1977-10-29,,,1117800.0,680400.0,
1977-10-30,,,1137240.0,665280.0,
1977-10-31,,,1128060.0,665280.0,
1977-11-01,,,1118880.0,652320.0,
1977-11-02,,,1108620.0,639360.0,
1977-11-03,,,1098360.0,639360.0,
1977-11-04,,,1098360.0,639360.0,
1977-11-05,,,1108620.0,639360.0,
1977-11-06,,,1108620.0,639360.0,
1977-11-07,,,1041660.0,639360.0,
1977-11-08,,,957960.0,639360.0,
1977-11-09,,,957960.0,639360.0,
1977-11-10,,,976320.0,639360.0,
1977-11-11,,,967680.0,639360.0,
1977-11-12,,,976320.0,639360.0,
1977-11-13,,,984960.0,639360.0,
1977-11-14,,,976320.0,639360.0,
1977-11-15,,,993600.0,639360.0,
1977-11-16,,,1019520.0,626400.0,
1977-11-17,,,1038420.0,613440.0,
1977-11-18,,,1088100.0,613440.0,
1977-11-19,,,1146420.0,613440.0,
1977-11-20,,,1125900.0,613440.0,
1977-11-21,,,1088100.0,613440.0,
1977-11-22,,,1067580.0,613440.0,
1977-11-23,,,1010880.0,613440.0,
1977-11-24,,,976320.0,613440.0,
1977-11-25,,,984960.0,613440.0,
1977-11-26,,,1002240.0,613440.0,
1977-11-27,,,948240.0,600480.0,
1977-11-28,,,872640.0,587520.0,
1977-11-29,,,779760.0,587520.0,
1977-11-30,,,691200.0,587520.0,
1977-12-01,,,630720.0,574560.0,
1977-12-02,,,578880.0,548640.0,
1977-12-03,,,613440.0,561600.0,
1977-12-04,,,729175.7,574560.0,
1977-12-05,,,1831140.32,996906.9400000001,
1977-12-06,,,2143095.2800000003,1419253.8800000001,
1977-12-07,,,2455050.24,1841600.82,
1977-12-08,,,1651505.22,1477281.11,
1977-12-09,,,2324766.42,1653259.21,
1977-12-10,,,1997850.12,1829237.31,
1977-12-11,,,1695464.58,1519894.48,
1977-12-12,,,1538892.0,1369008.0,
1977-12-13,,,1410048.0,1296000.0,
1977-12-14,,,1339848.0,1226880.0,
1977-12-15,,,1552732.41,1849458.39,
1977-12-16,,,1768480.2449999999,1880848.1925,
1977-12-17,,,1984228.08,1912237.995,
1977-12-18,,,2199975.915,1943627.7975,
1977-12-19,,,2415723.75,1975017.6,
1977-12-20,,,2043538.53,1786320.0,
1977-12-21,,,1892079.0,1629072.0,
1977-12-22,,,2001347.31,1897827.9,
1977-12-23,,,2081206.83,2002834.76,
1977-12-24,,,1795737.6,1708061.18,
1977-12-25,,,1714176.0,1554768.0,
1977-12-26,,,1674432.0,1424736.0,
1977-12-27,,,1604880.0,1369008.0,
1977-12-28,,,1554768.0,1350432.0,
1977-12-29,,,1492992.0,1331856.0,
1977-12-30,,,1472256.0,1313280.0,
1977-12-31,,,1503360.0,1278720.0,
1978-01-01,,,1530495.32,1244160.0,
1978-01-02,,,1467657.78,1244160.0,
1978-01-03,,,1511167.18,1301737.04,
1978-01-04,,,2637779.93,2036574.23,
1978-01-05,,,2571902.38,1997737.46,
1978-01-06,,,2182866.64,1780202.12,
1978-01-07,,,2028436.81,1587736.12,
1978-01-08,,,1907852.12,1518617.04,
1978-01-09,,,1868315.18,1492267.5,
1978-01-10,,,2625835.59,2166760.26,
1978-01-11,,,2682471.44,2033238.77,
1978-01-12,,,2253682.48,1749370.32,
1978-01-13,,,2059473.6,1629072.0,
1978-01-14,,,2026166.4,1554768.0,
1978-01-15,,,1961193.6,1517616.0,
1978-01-16,,,1897862.4,1461888.0,
1978-01-17,,,1856736.0,1424736.0,
1978-01-18,,,1856736.0,1480464.0,
1978-01-19,,,1846454.4,1499040.0,
1978-01-20,,,1867017.6,1480222.08,
1978-01-21,,,2276404.26,1967267.53,
1978-01-22,,,2236820.85,1861827.29,
1978-01-23,,,1973754.99,1766046.58,
1978-01-24,,,1851992.64,1733026.67,
1978-01-25,,,1805370.3,1847817.3,
1978-01-26,,,3902445.15,2488339.1333333333,
1978-01-27,,,4177415.175,3128860.966666667,
1978-01-28,,,4452385.2,3769382.8,
1978-01-29,,,3717075.9,3277295.12,
1978-01-30,,,3259911.3,2898964.4,
1978-01-31,,,2960534.88,2524510.83,
1978-02-01,,,2722738.91,2323592.4,
1978-02-02,,,2602800.0,2182464.0,
1978-02-03,,,2875253.39,2517298.32,
1978-02-04,,,2783231.51,2324393.64,
1978-02-05,,,2602800.0,2159568.0,
1978-02-06,,,2494800.0,2050272.0,
1978-02-07,,,2440800.0,1969056.0,
1978-02-08,,,2419200.0,1928448.0,
1978-02-09,,,2395440.0,1948514.4,
1978-02-10,,,2685360.08,2453430.8,
1978-02-11,,,2754233.08,2411424.0,
1978-02-12,,,2667600.0,2296944.0,
1978-02-13,,,2559600.0,2228256.0,
1978-02-14,,,2462400.0,2159568.0,
1978-02-15,,,2395440.0,2050272.0,
1978-02-16,,,2347920.0,1969777.44,
1978-02-17,,,2587894.5,2359265.47,
1978-02-18,,,2958977.77,2504339.22,
1978-02-19,,,2713336.31,2274048.0,
1978-02-20,,,2559600.0,2205360.0,
1978-02-21,,,2451600.0,2136797.28,
1978-02-22,,,2659935.02,2519650.25,
1978-02-23,,,2578580.42,2323020.0,
1978-02-24,,,2439720.0,2182464.0,
1978-02-25,,,2371680.0,2090880.0,
1978-02-26,,,2336040.0,2050272.0,
1978-02-27,,,2300400.0,1948752.0,
1978-02-28,,,2264760.0,1887840.0,
1978-03-01,,,2241000.0,1867536.0,
1978-03-02,,,2217240.0,1847232.0,
1978-03-03,,,2217240.0,1806624.0,
1978-03-04,,,2172052.8,1745712.0,
1978-03-05,,,2149921.29,1847232.0,
1978-03-06,,,2265423.99,1847232.0,
1978-03-07,,,2103883.2,1686528.0,
1978-03-08,,,2059473.6,1629072.0,
1978-03-09,,,2015064.0,1591920.0,
1978-03-10,,,2003961.6,1554768.0,
1978-03-11,,,2026166.4,1517616.0,
1978-03-12,,,2141695.08,1918734.24,
1978-03-13,,,4385393.85,5923442.16,
1978-03-14,,,4830052.725,5093894.734999999,
1978-03-15,,,5274711.6,4264347.31,
1978-03-16,,,3945064.8,3529508.26,
1978-03-17,,,3513289.35,3125520.0,
1978-03-18,,,3251462.85,2937600.0,
1978-03-19,,,3070831.5,2730240.0,
1978-03-20,,,2922480.0,2528928.0,
1978-03-21,,,2851200.0,2411424.0,
1978-03-22,,,2808000.0,2365632.0,
1978-03-23,,,2754000.0,2355059.6,
1978-03-24,,,3792619.2,4048556.82,
1978-03-25,,,3816186.0,3314433.48,
1978-03-26,,,3199765.5,2859840.0,
1978-03-27,,,3054298.5,2756160.0,
1978-03-28,,,2993760.0,2652480.0,
1978-03-29,,,2866320.0,2626560.0,
1978-03-30,,,2706000.0,2685150.0,
1978-03-31,,,3374492.12,3340455.0,
1978-04-01,,,3207752.42,2885760.0,
1978-04-02,,,3064246.63,2756160.0,
1978-04-03,,,2934360.0,2730957.12,
1978-04-04,,,2786400.0,2680551.36,
1978-04-05,,,2689200.0,2630149.92,
1978-04-06,,,2646000.0,2579748.48,
1978-04-07,,,2592000.0,2529342.72,
1978-04-08,,,2527200.0,2478936.96,
1978-04-09,,,2484000.0,2428531.2,
1978-04-10,,,2451600.0,2378129.76,
1978-04-11,,,2430000.0,2327728.32,
1978-04-12,,,2359800.0,2277322.56,
1978-04-13,,,2288520.0,2226916.8,
1978-04-14,,,2264760.0,2176511.04,
1978-04-15,,,2229120.0,2126105.28,
1978-04-16,,,2193480.0,2075703.84,
1978-04-17,,,2170497.6,2025302.4,
1978-04-18,,,2049192.0,1974896.64,
1978-04-19,,,1938988.8,1924490.88,
1978-04-20,,,1918425.6,1874085.12,
1978-04-21,,,1918425.6,1823683.68,
1978-04-22,,,1960372.8,1773282.24,
1978-04-23,,,1981756.8,1722876.48,
1978-04-24,,,2141078.4,1685685.6,
1978-04-25,,,2207692.8,1661709.6,
1978-04-26,,,2070576.0,1637733.6,
1978-04-27,,,1982577.6,1613757.6,
1978-04-28,,,1938988.8,1589781.6,
1978-04-29,,,1949270.4,1565805.6,
1978-04-30,,,1938988.8,1541829.6,
1978-05-01,,,1928707.2,1517853.6,
1978-05-02,,,1908144.0,1499411.52,
1978-05-03,,,1736121.6,1486507.68,
1978-05-04,,,1654560.0,1473603.84,
1978-05-05,,,1795737.6,1460695.68,
1978-05-06,,,1887580.8,1447787.52,
1978-05-07,,,1836172.8,1434883.68,
1978-05-08,,,1674777.6,1421979.84,
1978-05-09,,,1534032.0,1409071.68,
1978-05-10,,,1420416.0,1396163.52,
1978-05-11,,,1378944.0,1383259.68,
1978-05-12,,,1420416.0,1370355.84,
1978-05-13,,,1492992.0,1357447.68,
1978-05-14,,,1492992.0,1344539.52,
1978-05-15,,,1389312.0,1331635.68,
1978-05-16,,,1320300.0,1318731.84,
1978-05-17,,,1242540.0,1305823.68,
1978-05-18,,,1155600.0,1292915.52,
1978-05-19,,,1108620.0,1280011.68,
1978-05-20,,,1126980.0,1267107.84,
1978-05-21,,,1116720.0,1254199.68,
1978-05-22,,,1057320.0,1241291.52,
1978-05-23,,,1028160.0,1228387.68,
1978-05-24,,,975240.0,1215483.84,
1978-05-25,,,921780.0,1202575.68,
1978-05-26,,,903420.0,1189667.52,
1978-05-27,,,956880.0,1176763.68,
1978-05-28,,,1048680.0,1163859.84,
1978-05-29,,,1088100.0,1150951.68,
1978-05-30,,,1108620.0,1138043.52,
1978-05-31,,,1165860.0,1125139.68,
1978-06-01,,,1223100.0,1112235.84,
1978-06-02,,,1223100.0,1099327.68,
1978-06-03,,,1271160.0,1086419.52,
1978-06-04,,,1320300.0,1073515.68,
1978-06-05,,,1311120.0,1060611.84,
1978-06-06,,,1272240.0,1047703.68,
1978-06-07,,,1253880.0,1034795.52,
1978-06-08,,,1215000.0,1021891.68,
1978-06-09,,,1164780.0,1008987.84,
1978-06-10,,,1233360.0,996079.68,
1978-06-11,,,1292760.0,983171.52,
1978-06-12,,,1195560.0,970267.68,
1978-06-13,,,1067580.0,957363.84,
1978-06-14,,,1028160.0,944455.68,
1978-06-15,,,1019520.0,931547.52,
1978-06-16,,,1038420.0,918643.68,
1978-06-17,,,1124820.0,905739.84,
1978-06-18,,,1135080.0,892831.68,
1978-06-19,,,1031400.0,878398.56,
1978-06-20,,,918000.0,862440.48,
1978-06-21,,,881820.0,846482.4,
1978-06-22,,,862380.0,830524.32,
1978-06-23,,,853200.0,814566.24,
1978-06-24,,,939600.0,798608.16,
1978-06-25,,,928800.0,782650.08,
1978-06-26,,,825120.0,766692.0,
1978-06-27,,,786240.0,750729.6,
1978-06-28,,,760320.0,734767.2,
1978-06-29,,,760320.0,718809.12,
1978-06-30,,,833760.0,702851.04,
1978-07-01,,,928800.0,686892.96,
1978-07-02,,,928800.0,670934.88,
1978-07-03,,,721440.0,654976.8,
1978-07-04,,,587520.0,639018.72,
1978-07-05,,,656640.0,623060.64,
1978-07-06,,,691200.0,613647.36,
1978-07-07,,,682560.0,610774.56,
1978-07-08,,,771120.0,607901.76,
1978-07-09,,,727920.0,605028.96,
1978-07-10,,,580318.56,602156.16,
1978-07-11,,,527040.0,599283.36,
1978-07-12,,,460801.44,596410.56,
1978-07-13,,,467998.56,593542.08,
1978-07-14,,,550078.56,590669.28,
1978-07-15,,,676801.44,587796.48,
1978-07-16,,,676801.44,584923.68,
1978-07-17,,,587520.0,582050.88,
1978-07-18,,,555841.44,579178.08,
1978-07-19,,,516240.0,576305.28,
1978-07-20,,,508317.12,573436.8,
1978-07-21,,,540000.0,570564.0,
1978-07-22,,,623665.44,567691.2,
1978-07-23,,,576145.44,564818.4,
1978-07-24,,,416521.44,561945.6,
1978-07-25,,,370872.0,559077.12,
1978-07-26,,,415152.0,556204.32,
1978-07-27,,,476638.56,553331.52,
1978-07-28,,,524158.56,550458.72,
1978-07-29,,,625536.0,547585.92,
1978-07-30,,,641377.44,544713.12,
1978-07-31,,,500688.0,541840.32,
1978-08-01,,,445245.12,538971.84,
1978-08-02,,,476638.56,536099.04,
1978-08-03,,,492480.0,533226.24,
1978-08-04,,,540000.0,530353.44,
1978-08-05,,,676801.44,527480.64,
1978-08-06,,,660960.0,524607.84,
1978-08-07,,,524158.56,521735.04,
1978-08-08,,,500398.56,520028.64,
1978-08-09,,,476638.56,519484.32,
1978-08-10,,,400680.0,518940.0,
1978-08-11,,,448200.0,518400.0,
1978-08-12,,,616464.0,517860.0,
1978-08-13,,,667008.0,517315.68,
1978-08-14,,,641088.0,516771.36,
1978-08-15,,,623233.44,516227.04,
1978-08-16,,,614304.0,515682.72,
1978-08-17,,,632158.56,515138.4,
1978-08-18,,,632158.56,514598.4,
1978-08-19,,,722736.0,514058.4,
1978-08-20,,,784801.44,513514.08,
1978-08-21,,,756721.44,512969.76,
1978-08-22,,,775440.0,512425.44,
1978-08-23,,,803520.0,511881.12,
1978-08-24,,,869041.44,511336.8,
1978-08-25,,,887760.0,510796.8,
1978-08-26,,,916704.0,510256.8,
1978-08-27,,,964081.44,509712.48,
1978-08-28,,,869616.0,509168.16,
1978-08-29,,,812877.12,508623.84,
1978-08-30,,,840957.12,508079.52,
1978-08-31,,,831600.0,507535.2,
1978-09-01,,,859680.0,506995.2,
1978-09-02,,,976462.56,506455.2,
1978-09-03,,,1014768.0,505910.88,
1978-09-04,,,973728.0,505366.56,
1978-09-05,,,944784.0,504822.24,
1978-09-06,,,869041.44,504277.92,
1978-09-07,,,812881.44,503733.6,
1978-09-08,,,812881.44,503193.6,
1978-09-09,,,859680.0,502653.6,
1978-09-10,,,859680.0,502109.28,
1978-09-11,,,784801.44,501564.96,
1978-09-12,,,775440.0,498489.12,
1978-09-13,,,784801.44,492881.76,
1978-09-14,,,756721.44,487274.4,
1978-09-15,,,794158.56,481667.04,
1978-09-16,,,907342.56,476059.68,
1978-09-17,,,907342.56,470452.32,
1978-09-18,,,803520.0,464844.96,
1978-09-19,,,812881.44,459237.6,
1978-09-20,,,887760.0,453630.24,
1978-09-21,,,906478.56,448027.2,
1978-09-22,,,976462.56,442424.16,
1978-09-23,,,1076544.0,436816.8,
1978-09-24,,,1066176.0,431209.44,
1978-09-25,,,1024846.56,425602.08,
1978-09-26,,,937150.56,419994.72,
1978-09-27,,,850318.56,414387.36,
1978-09-28,,,822238.56,408780.0,
1978-09-29,,,822238.56,403172.64,
1978-09-30,,,869037.12,397565.28,
1978-10-01,,,887760.0,391962.24,
1978-10-02,,,926065.44,386363.52,
1978-10-03,,,994174.56,380760.48,
1978-10-04,,,974877.12,375157.44,
1978-10-05,,,964656.0,369558.72,
1978-10-06,,,983953.44,363960.0,
1978-10-07,,,994174.56,358361.28,
1978-10-08,,,974877.12,352762.56,
1978-10-09,,,935133.12,347159.52,
1978-10-10,,,1005838.56,341556.48,
1978-10-11,,,1055808.0,335957.76,
1978-10-12,,,1004400.0,335802.24,
1978-10-13,,,983953.44,341089.92,
1978-10-14,,,1055808.0,346377.6,
1978-10-15,,,1107358.56,351665.28,
1978-10-16,,,1066176.0,356952.96,
1978-10-17,,,985102.56,362240.64,
1978-10-18,,,925486.56,367528.32,
1978-10-19,,,925486.56,372816.0,
1978-10-20,,,925486.56,378103.68,
1978-10-21,,,935137.44,383391.36,
1978-10-22,,,954434.88,388679.04,
1978-10-23,,,971136.0,393966.72,
1978-10-24,,,987837.12,399254.4,
1978-10-25,,,973438.56,404542.08,
1978-10-26,,,973438.56,409829.76,
1978-10-27,,,1065238.56,415117.44,
1978-10-28,,,1142640.0,420405.12,
1978-10-29,,,1112400.0,425692.8,
1978-10-30,,,1082160.0,430980.48,
1978-10-31,,,1145880.0,436268.16,
1978-11-01,,,1168020.0,441555.84,
1978-11-02,,,1118340.0,446843.52,
1978-11-03,,,1110240.0,452131.2,
1978-11-04,,,1177200.0,457418.88,
1978-11-05,,,1226880.0,462706.56,
1978-11-06,,,1145880.0,467994.24,
1978-11-07,,,1061640.0,473281.92,
1978-11-08,,,1068660.0,478569.6,
1978-11-09,,,1096200.0,483857.28,
1978-11-10,,,1119420.0,489144.96,
1978-11-11,,,1134540.0,494432.64,
1978-11-12,,,1240380.0,499720.32,
1978-11-13,,,1211220.0,505008.0,
1978-11-14,,,1089180.0,510295.68,
1978-11-15,,,1110240.0,515583.36,
1978-11-16,,,1089180.0,520871.04,
1978-11-17,,,1082160.0,526158.72,
1978-11-18,,,1089180.0,531446.4,
1978-11-19,,,1089180.0,536734.08,
1978-11-20,,,1068660.0,542021.76,
1978-11-21,,,1034640.0,547309.44,
1978-11-22,,,1015200.0,552597.12,
1978-11-23,,,1002240.0,557884.8,
1978-11-24,,,1008720.0,563172.48,
1978-11-25,,,1028160.0,568460.16,
1978-11-26,,,1028160.0,572482.08,
1978-11-27,,,1041025.13,575242.56,
1978-11-28,,,987120.0,578003.04,
1978-11-29,,,987120.0,580759.2,
1978-11-30,,,1034640.0,583519.68,
1978-12-01,,,1068120.0,586280.16,
1978-12-02,,,1120500.0,589036.32,
1978-12-03,,,1175580.0,591796.8,
1978-12-04,,,1192320.0,594557.28,
1978-12-05,,,1167480.0,597313.44,
1978-12-06,,,1126440.0,600073.92,
1978-12-07,,,1089180.0,602834.4,
1978-12-08,,,1089180.0,605590.56,
1978-12-09,,,1159920.0,608351.04,
1978-12-10,,,1184220.0,611111.52,
1978-12-11,,,1134540.0,611893.44,
1978-12-12,,,1151280.0,610705.44,
1978-12-13,,,1159380.0,609517.44,
1978-12-14,,,1159380.0,608329.44,
1978-12-15,,,1192320.0,607141.44,
1978-12-16,,,1144260.0,605949.12,
1978-12-17,,,1089180.0,604761.12,
1978-12-18,,,1089180.0,603573.12,
1978-12-19,,,1096200.0,602380.8,
1978-12-20,,,1082160.0,601192.8,
1978-12-21,,,1061100.0,600004.8,
1978-12-22,,,1090260.0,598816.8,
1978-12-23,,,1142640.0,597628.8,
1978-12-24,,,1127520.0,596436.48,
1978-12-25,,,1111320.0,595248.48,
1978-12-26,,,1150740.0,594060.48,
1978-12-27,,,1183680.0,592868.16,
1978-12-28,,,1167480.0,591680.16,
1978-12-29,,,1167480.0,590492.16,
1978-12-30,,,1175580.0,589304.16,
1978-12-31,,,1150740.0,588116.16,
1979-01-01,,,1105380.0,574560.0,
1979-01-02,,,1075140.0,574560.0,
1979-01-03,,,1061640.0,574560.0,
1979-01-04,,,1091880.0,574560.0,
1979-01-05,,,1126440.0,587520.0,
1979-01-06,,,1104066.72,606394.54,
1979-01-07,,,1485907.22,1132213.69,
1979-01-08,,,1683526.5,1393538.11,
1979-01-09,,,2469013.8,1762530.23,
1979-01-10,,,1745176.5,1222737.13,
1979-01-11,,,1546813.8,1034617.3,
1979-01-12,,,1486944.0,1021005.92,
1979-01-13,,,1467936.0,996970.55,
1979-01-14,,,1496880.0,985309.92,
1979-01-15,,,1496880.0,973671.84,
1979-01-16,,,1381968.0,962033.76,
1979-01-17,,,1252800.0,950400.0,
1979-01-18,,,1261440.0,938766.24,
1979-01-19,,,1296000.0,927128.16,
1979-01-20,,,1296000.0,915490.08,
1979-01-21,,,1323540.0,903852.0,
1979-01-22,,,1306260.0,892213.92,
1979-01-23,,,1252800.0,880575.84,
1979-01-24,,,1200960.0,868942.08,
1979-01-25,,,1166940.0,857308.32,
1979-01-26,,,1150740.0,845670.24,
1979-01-27,,,1150740.0,834032.16,
1979-01-28,,,1166940.0,822394.08,
1979-01-29,,,1175040.0,810756.0,
1979-01-30,,,1158840.0,799117.92,
1979-01-31,,,1105380.0,787484.16,
1979-02-01,,,1089180.0,775850.4,
1979-02-02,,,1118340.0,764212.32,
1979-02-03,,,1126440.0,752574.24,
1979-02-04,,,1126440.0,745022.88,
1979-02-05,,,1111320.0,741558.24,
1979-02-06,,,1096200.0,738093.6,
1979-02-07,,,1103220.0,734628.96,
1979-02-08,,,1142640.0,731164.32,
1979-02-09,,,1192320.0,727699.68,
1979-02-10,,,1218240.0,724235.04,
1979-02-11,,,1209600.0,720770.4,
1979-02-12,,,1183680.0,717305.76,
1979-02-13,,,1158840.0,713841.12,
1979-02-14,,,1158840.0,710376.48,
1979-02-15,,,1150740.0,706911.84,
1979-02-16,,,1142640.0,703447.2,
1979-02-17,,,1150740.0,699982.56,
1979-02-18,,,1150740.0,696517.92,
1979-02-19,,,1150740.0,693057.6,
1979-02-20,,,1176120.0,689597.28,
1979-02-21,,,1184220.0,686132.64,
1979-02-22,,,1158840.0,682668.0,
1979-02-23,,,1158840.0,679203.36,
1979-02-24,,,1184220.0,675738.72,
1979-02-25,,,1168020.0,672274.08,
1979-02-26,,,1104300.0,668809.44,
1979-02-27,,,1068120.0,665344.8,
1979-02-28,,,1006560.0,661880.16,
1979-03-01,,,966241.44,658415.52,
1979-03-02,,,980640.0,654950.88,
1979-03-03,,,1001518.56,651486.24,
1979-03-04,,,1015200.0,648021.6,
1979-03-05,,,994321.44,644556.96,
1979-03-06,,,959040.0,641092.32,
1979-03-07,,,895104.0,619641.0,
1979-03-08,,,1045784.99,955324.5,
1979-03-09,,,1814463.56,1337260.26,
1979-03-10,,,1705113.29,1116412.04,
1979-03-11,,,1480256.7,928507.63,
1979-03-12,,,1318140.0,862543.5,
1979-03-13,,,1244160.0,843683.04,
1979-03-14,,,1244160.0,837609.12,
1979-03-15,,,1193940.0,831535.2,
1979-03-16,,,1126440.0,825461.28,
1979-03-17,,,1134540.0,819387.36,
1979-03-18,,,1134540.0,813313.44,
1979-03-19,,,1126440.0,807235.2,
1979-03-20,,,1118340.0,801156.96,
1979-03-21,,,1096200.0,795083.04,
1979-03-22,,,1075140.0,789009.12,
1979-03-23,,,1054620.0,782935.2,
1979-03-24,,,1061640.0,776861.28,
1979-03-25,,,1089180.0,770787.36,
1979-03-26,,,1152900.0,764713.44,
1979-03-27,,,1176120.0,758639.52,
1979-03-28,,,1098360.0,752565.6,
1979-03-29,,,1106460.0,746491.68,
1979-03-30,,,1134540.0,740417.76,
1979-03-31,,,1134540.0,734343.84,
1979-04-01,,,1113480.0,728265.6,
1979-04-02,,,1048140.0,722187.36,
1979-04-03,,,1021680.0,716113.44,
1979-04-04,,,1008720.0,710039.52,
1979-04-05,,,1028160.0,703965.6,
1979-04-06,,,967680.0,697891.68,
1979-04-07,,,941760.0,691817.76,
1979-04-08,,,966241.44,684737.28,
1979-04-09,,,896832.0,676645.92,
1979-04-10,,,836637.12,668554.56,
1979-04-11,,,809853.12,660463.2,
1979-04-12,,,857088.0,652371.84,
1979-04-13,,,857088.0,644280.48,
1979-04-14,,,906046.56,636189.12,
1979-04-15,,,980640.0,628102.08,
1979-04-16,,,911230.56,620010.72,
1979-04-17,,,818782.56,611919.36,
1979-04-18,,,809857.44,603828.0,
1979-04-19,,,827712.0,595736.64,
1979-04-20,,,776446.56,587645.28,
1979-04-21,,,793584.0,579553.92,
1979-04-22,,,793584.0,571466.88,
1979-04-23,,,705024.0,563375.52,
1979-04-24,,,657504.0,555284.16,
1979-04-25,,,715737.6,547192.8,
1979-04-26,,,715737.6,539101.44,
1979-04-27,,,648000.0,531010.08,
1979-04-28,,,686016.0,522918.72,
1979-04-29,,,620352.0,514831.68,
1979-04-30,,,471312.0,506740.32,
1979-05-01,,,453168.0,498648.96,
1979-05-02,,,516672.0,490557.6,
1979-05-03,,,562464.0,482466.24,
1979-05-04,,,609984.0,474374.88,
1979-05-05,,,686016.0,466283.52,
1979-05-06,,,667008.0,458196.48,
1979-05-07,,,600480.0,450105.12,
1979-05-08,,,562896.0,442013.76,
1979-05-09,,,543888.0,433922.4,
1979-05-10,,,571968.0,425831.04,
1979-05-11,,,600480.0,417739.68,
1979-05-12,,,628992.0,409648.32,
1979-05-13,,,573264.0,401561.28,
1979-05-14,,,525744.0,393469.92,
1979-05-15,,,562464.0,385378.56,
1979-05-16,,,553392.0,377287.2,
1979-05-17,,,534816.0,369195.84,
1979-05-18,,,516672.0,361104.48,
1979-05-19,,,573264.0,353013.12,
1979-05-20,,,609984.0,347811.84,
1979-05-21,,,544320.0,345496.32,
1979-05-22,,,544320.0,343185.12,
1979-05-23,,,562464.0,340873.92,
1979-05-24,,,571968.0,338558.4,
1979-05-25,,,628992.0,336242.88,
1979-05-26,,,705024.0,333931.68,
1979-05-27,,,676512.0,331620.48,
1979-05-28,,,619488.0,329304.96,
1979-05-29,,,600480.0,326989.44,
1979-05-30,,,526176.0,324673.92,
1979-05-31,,,462240.0,322362.72,
1979-06-01,,,489456.0,320051.52,
1979-06-02,,,553392.0,317736.0,
1979-06-03,,,517104.0,315420.48,
1979-06-04,,,435024.0,313109.28,
1979-06-05,,,372384.0,310798.08,
1979-06-06,,,302832.0,308482.56,
1979-06-07,,,235872.0,306158.4,
1979-06-08,,,287280.0,303825.6,
1979-06-09,,,444096.0,301492.8,
1979-06-10,,,310003.2,299160.0,
1979-06-11,,,65707.2,296827.2,
1979-06-12,,,24840.0,294494.4,
1979-06-13,,,22118.4,292161.6,
1979-06-14,,,14018.4,289828.8,
1979-06-15,,,5400.0,287496.0,
1979-06-16,,,47800.8,285163.2,
1979-06-17,,,58492.8,282830.4,
1979-06-18,,,24192.0,280497.6,
1979-06-19,,,15798.24,278164.8,
1979-06-20,,,11348.64,275832.0,
1979-06-21,,,140702.4,273499.2,
1979-06-22,,,276912.0,271166.4,
1979-06-23,,,355536.0,268833.6,
1979-06-24,,,390096.0,266500.8,
1979-06-25,,,216950.4,264168.0,
1979-06-26,,,79660.8,261835.2,
1979-06-27,,,104630.4,259502.4,
1979-06-28,,,104630.4,257169.6,
1979-06-29,,,70070.4,254836.8,
1979-06-30,,,64800.0,252504.0,
1979-07-01,,,79660.8,250171.2,
1979-07-02,,,79660.8,247838.4,
1979-07-03,,,54432.0,245505.6,
1979-07-04,,,121392.0,243172.8,
1979-07-05,,,252720.0,240840.0,
1979-07-06,,,161032.32,238507.2,
1979-07-07,,,24520.32,236174.4,
1979-07-08,,,40608.0,233841.6,
1979-07-09,,,35752.32,231508.8,
1979-07-10,,,12532.32,229176.0,
1979-07-11,,,25596.0,226843.2,
1979-07-12,,,67996.8,225227.52,
1979-07-13,,,124588.8,224333.28,
1979-07-14,,,274320.0,223439.04,
1979-07-15,,,346032.0,222544.8,
1979-07-16,,,185760.0,221650.56,
1979-07-17,,,43424.64,220756.32,
1979-07-18,,,11024.64,219862.08,
1979-07-19,,,3888.0,218967.84,
1979-07-20,,,3024.0,218073.6,
1979-07-21,,,2160.0,217179.36,
1979-07-22,,,1728.0,216285.12,
1979-07-23,,,1728.0,215386.56,
1979-07-24,,,1728.0,214492.32,
1979-07-25,,,1728.0,213598.08,
1979-07-26,,,1728.0,212703.84,
1979-07-27,,,1728.0,211809.6,
1979-07-28,,,1728.0,210915.36,
1979-07-29,,,1728.0,210021.12,
1979-07-30,,,3024.0,209126.88,
1979-07-31,,,6480.0,208232.64,
1979-08-01,,,8100.0,207334.08,
1979-08-02,,,19906.56,206439.84,
1979-08-03,,,59153.76,205545.6,
1979-08-04,,,65491.2,204651.36,
1979-08-05,,,35424.0,203757.12,
1979-08-06,,,18360.0,202862.88,
1979-08-07,,,7020.0,201968.64,
1979-08-08,,,3780.0,201074.4,
1979-08-09,,,10078.56,200180.16,
1979-08-10,,,24045.12,199285.92,
1979-08-11,,,81475.2,198391.68,
1979-08-12,,,81475.2,197925.12,
1979-08-13,,,18286.56,197890.56,
1979-08-14,,,6480.0,197860.32,
1979-08-15,,,9720.0,197830.08,
1979-08-16,,,7378.56,197795.52,
1979-08-17,,,21276.0,197760.96,
1979-08-18,,,58955.04,197726.4,
1979-08-19,,,90750.24,197696.16,
1979-08-20,,,111572.64,197665.92,
1979-08-21,,,120960.0,197631.36,
1979-08-22,,,120960.0,197596.8,
1979-08-23,,,148608.0,197562.24,
1979-08-24,,,191808.0,197527.68,
1979-08-25,,,213118.56,197497.44,
1979-08-26,,,145726.56,197467.2,
1979-08-27,,,92072.16,197432.64,
1979-08-28,,,121132.8,197398.08,
1979-08-29,,,158168.16,197363.52,
1979-08-30,,,219792.96,197333.28,
1979-08-31,,,281417.76,197303.04,
1979-09-01,,,343042.56,197268.48,
1979-09-02,,,384436.8,197268.48,
1979-09-03,,,405604.8,197303.04,
1979-09-04,,,426772.8,197337.6,
1979-09-05,,,447940.8,197376.48,
1979-09-06,,,469108.8,197415.36,
1979-09-07,,,490276.8,197449.92,
1979-09-08,,,511444.8,197484.48,
1979-09-09,,,516494.88,197519.04,
1979-09-10,,,505427.04,197553.6,
1979-09-11,,,494359.2,197588.16,
1979-09-12,,,483291.36,197627.04,
1979-09-13,,,472223.52,197665.92,
1979-09-14,,,461155.68,197700.48,
1979-09-15,,,450087.84,197735.04,
1979-09-16,,,439020.0,197769.6,
1979-09-17,,,427952.16,197804.16,
1979-09-18,,,416884.32,197838.72,
1979-09-19,,,414732.96,197873.28,
1979-09-20,,,421493.76,197912.16,
1979-09-21,,,428254.56,197951.04,
1979-09-22,,,435015.36,197985.6,
1979-09-23,,,441776.16,198020.16,
1979-09-24,,,448536.96,198054.72,
1979-09-25,,,455297.76,198089.28,
1979-09-26,,,462058.56,198123.84,
1979-09-27,,,468819.36,198162.72,
1979-09-28,,,475580.16,198201.6,
1979-09-29,,,482340.96,198236.16,
1979-09-30,,,489101.76,198270.72,
1979-10-01,,,500256.0,198331.2,
1979-10-02,,,519264.0,198668.16,
1979-10-03,,,542592.0,199260.0,
1979-10-04,,,566784.0,199851.84,
1979-10-05,,,631584.0,200439.36,
1979-10-06,,,702864.0,201026.88,
1979-10-07,,,708480.0,201618.72,
1979-10-08,,,661392.0,202210.56,
1979-10-09,,,615168.0,202798.08,
1979-10-10,,,584928.0,203389.92,
1979-10-11,,,567635.04,203981.76,
1979-10-12,,,569337.12,204569.28,
1979-10-13,,,571039.2,205156.8,
1979-10-14,,,572741.28,205748.64,
1979-10-15,,,574443.36,206340.48,
1979-10-16,,,576145.44,206928.0,
1979-10-17,,,577843.2,207519.84,
1979-10-18,,,579540.96,208111.68,
1979-10-19,,,581243.04,208699.2,
1979-10-20,,,582945.12,209286.72,
1979-10-21,,,584647.2,209878.56,
1979-10-22,,,586349.28,210470.4,
1979-10-23,,,588051.36,211057.92,
1979-10-24,,,589753.44,211649.76,
1979-10-25,,,591455.52,212241.6,
1979-10-26,,,593157.6,212829.12,
1979-10-27,,,594859.68,213416.64,
1979-10-28,,,596561.76,214008.48,
1979-10-29,,,598263.84,214600.32,
1979-10-30,,,599961.6,215187.84,
1979-10-31,,,601659.36,215779.68,
1979-11-01,,,603361.44,216371.52,
1979-11-02,,,605063.52,216959.04,
1979-11-03,,,606765.6,217546.56,
1979-11-04,,,608467.68,218138.4,
1979-11-05,,,610169.76,218730.24,
1979-11-06,,,607348.8,218954.88,
1979-11-07,,,600009.12,218816.64,
1979-11-08,,,592669.44,218678.4,
1979-11-09,,,585329.76,218540.16,
1979-11-10,,,577990.08,218401.92,
1979-11-11,,,570650.4,218268.0,
1979-11-12,,,563310.72,218134.08,
1979-11-13,,,555971.04,217995.84,
1979-11-14,,,548631.36,217857.6,
1979-11-15,,,541291.68,217719.36,
1979-11-16,,,533952.0,217581.12,
1979-11-17,,,526612.32,217442.88,
1979-11-18,,,519272.64,217304.64,
1979-11-19,,,511932.96,217166.4,
1979-11-20,,,504593.28,217028.16,
1979-11-21,,,497253.6,216889.92,
1979-11-22,,,489913.92,216756.0,
1979-11-23,,,482574.24,216622.08,
1979-11-24,,,475234.56,216483.84,
1979-11-25,,,467894.88,216345.6,
1979-11-26,,,460555.2,216207.36,
1979-11-27,,,487641.6,216069.12,
1979-11-28,,,565749.46,269568.0,
1979-11-29,,,935391.42,815498.32,
1979-11-30,,,1272163.5,851534.23,
1979-12-01,,,1015113.6,561600.0,
1979-12-02,,,911433.6,457920.0,
1979-12-03,,,870480.0,406080.0,
1979-12-04,,,825120.0,395712.0,
1979-12-05,,,766800.0,395712.0,
1979-12-06,,,805680.0,445370.67,
1979-12-07,,,966384.0,694206.22,
1979-12-08,,,1015372.8,639360.0,
1979-12-09,,,974937.6,587520.0,
1979-12-10,,,939600.0,535680.0,
1979-12-11,,,890611.2,496800.0,
1979-12-12,,,844560.0,457920.0,
1979-12-13,,,799200.0,432000.0,
1979-12-14,,,866601.64,569636.65,
1979-12-15,,,1175061.11,769252.73,
1979-12-16,,,1076544.0,652320.0,
1979-12-17,,,1042243.2,639360.0,
1979-12-18,,,1008201.6,613440.0,
1979-12-19,,,1056758.4,626400.0,
1979-12-20,,,1090800.0,652320.0,
1979-12-21,,,1048896.0,626400.0,
1979-12-22,,,1014854.4,600480.0,
1979-12-23,,,981590.4,587520.0,
1979-12-24,,,947289.6,587520.0,
1979-12-25,,,1029894.3,711910.8,
1979-12-26,,,2095329.0,1089461.2166666668,
1979-12-27,,,2189928.45,1467011.6333333333,
1979-12-28,,,2284527.9,1844562.05,
1979-12-29,,,2094552.0,1546529.38,
1979-12-30,,,1852848.0,1325511.26,
1979-12-31,,,1704754.2,1513882.96,
1980-01-01,,,1789776.0,1426032.0,
1980-01-02,,,1555200.0,1244160.0,
1980-01-03,,,1451520.0,1140480.0,
1980-01-04,,,1384992.0,1054080.0,
1980-01-05,,,1684100.1,1626951.29,
1980-01-06,,,4173150.0,2703207.03,
1980-01-07,,,2746660.8,1740120.79,
1980-01-08,,,2097244.8,1610496.0,
1980-01-09,,,1866888.0,1499040.0,
1980-01-10,,,1840320.0,1573344.0,
1980-01-11,,,1883520.0,1573344.0,
1980-01-12,,,1848960.0,1406160.0,
1980-01-13,,,1901398.8,1717172.1,
1980-01-14,,,2554689.9,2025326.87,
1980-01-15,,,2317981.05,1827302.17,
1980-01-16,,,2031112.95,1591920.0,
1980-01-17,,,1874880.0,1461888.0,
1980-01-18,,,1823040.0,1387584.0,
1980-01-19,,,1745280.0,1331856.0,
1980-01-20,,,1658880.0,1278720.0,
1980-01-21,,,1589760.0,1226880.0,
1980-01-22,,,1537920.0,1175040.0,
1980-01-23,,,1520640.0,1145784.0,
1980-01-24,,,1667520.0,1357165.5,
1980-01-25,,,1846147.5,1367648.05,
1980-01-26,,,2475690.3,1868600.64,
1980-01-27,,,2158374.3,1753508.08,
1980-01-28,,,1859544.0,1665652.14,
1980-01-29,,,1928664.0,1592384.4,
1980-01-30,,,1840320.0,1480464.0,
1980-01-31,,,1745280.0,1387584.0,
1980-02-01,,,1667520.0,1331856.0,
1980-02-02,,,1607040.0,1278720.0,
1980-02-03,,,1572480.0,1244160.0,
1980-02-04,,,1581120.0,1227000.4,
1980-02-05,,,1693440.0,1444161.31,
1980-02-06,,,1978344.0,1902115.43,
1980-02-07,,,2012904.0,1591920.0,
1980-02-08,,,1814400.0,1443312.0,
1980-02-09,,,1762560.0,1369008.0,
1980-02-10,,,1736640.0,1297296.0,
1980-02-11,,,1658880.0,1244160.0,
1980-02-12,,,1598400.0,1226880.0,
1980-02-13,,,1563840.0,1196385.12,
1980-02-14,,,1689274.65,1342568.64,
1980-02-15,,,4654525.5,5324326.56,
1980-02-16,,,3670148.1,3075949.2,
1980-02-17,,,5577394.05,3270360.95,
1980-02-18,,,7244658.0,3464772.7,
1980-02-19,,,4721041.2,3659184.45,
1980-02-20,,,3927081.6,3263099.45,
1980-02-21,,,3615408.0,3101760.0,
1980-02-22,,,3281040.0,2808000.0,
1980-02-23,,,3031776.0,2626560.0,
1980-02-24,,,2857248.0,2480112.0,
1980-02-25,,,2757888.0,2388528.0,
1980-02-26,,,2839818.6,2682893.7,
1980-02-27,,,2991498.3,2641147.5,
1980-02-28,,,3197308.5,2988168.32,
1980-02-29,,,3909063.0,3562637.95,
1980-03-01,,,5944215.15,4297496.116666667,
1980-03-02,,,6017044.9,5032354.283333333,
1980-03-03,,,6089874.65,5767212.45,
1980-03-04,,,6162704.4,4138910.77,
1980-03-05,,,5273550.0,3841935.6,
1980-03-06,,,4611401.1,3819611.91,
1980-03-07,,,4395137.1,3880986.69,
1980-03-08,,,4255155.9,3952800.0,
1980-03-09,,,4054387.2,3669840.0,
1980-03-10,,,3806352.0,3348000.0,
1980-03-11,,,3562056.0,3097440.0,
1980-03-12,,,3702247.8,3590775.4,
1980-03-13,,,3952860.0,3633197.31,
1980-03-14,,,3545047.8,3179520.0,
1980-03-15,,,3316680.0,2989440.0,
1980-03-16,,,3186432.0,2808000.0,
1980-03-17,,,3030048.0,2652480.0,
1980-03-18,,,3345646.95,2773627.9,
1980-03-19,,,4246930.8,4100366.22,
1980-03-20,,,3669817.05,3361461.84,
1980-03-21,,,3259008.0,2930523.0,
1980-03-22,,,2995920.0,2730240.0,
1980-03-23,,,2858112.0,2600640.0,
1980-03-24,,,2807568.0,2548800.0,
1980-03-25,,,2747952.0,2503008.0,
1980-03-26,,,2718144.0,2434320.0,
1980-03-27,,,2747952.0,2457216.0,
1980-03-28,,,2708208.0,2457216.0,
1980-03-29,,,2648592.0,2388528.0,
1980-03-30,,,2618784.0,2296944.0,
1980-03-31,,,2529792.0,2205360.0,
1980-04-01,,,2451168.0,2182464.0,
1980-04-02,,,2470608.0,2205360.0,
1980-04-03,,,3672711.9,4443372.48,
1980-04-04,,,4182921.1500000004,4063191.37,
1980-04-05,,,4693130.4,3683010.26,
1980-04-06,,,3894372.9,3291840.0,
1980-04-07,,,3549312.0,3071520.0,
1980-04-08,,,3376296.0,2911680.0,
1980-04-09,,,3221424.0,2833920.0,
1980-04-10,,,3062448.0,2756160.0,
1980-04-11,,,2911248.0,2652480.0,
1980-04-12,,,2777760.0,2574720.0,
1980-04-13,,,2668464.0,2540864.16,
1980-04-14,,,2608848.0,2524996.8,
1980-04-15,,,2588976.0,2509129.44,
1980-04-16,,,2559168.0,2478517.92,
1980-04-17,,,2519424.0,2433162.24,
1980-04-18,,,2470608.0,2387806.56,
1980-04-19,,,2422656.0,2342450.88,
1980-04-20,,,2384640.0,2297095.2,
1980-04-21,,,2337120.0,2251739.52,
1980-04-22,,,2289816.0,2206383.84,
1980-04-23,,,2261736.0,2161028.16,
1980-04-24,,,2233872.0,2115672.48,
1980-04-25,,,2206008.0,2070321.12,
1980-04-26,,,2178144.0,2024965.44,
1980-04-27,,,2150280.0,1979609.76,
1980-04-28,,,2131704.0,1934254.08,
1980-04-29,,,2103840.0,1888898.4,
1980-04-30,,,2075976.0,1843542.72,
1980-05-01,,,2057400.0,1798187.04,
1980-05-02,,,2029536.0,1752831.36,
1980-05-03,,,2001672.0,1707475.68,
1980-05-04,,,1983096.0,1668790.08,
1980-05-05,,,1955232.0,1636774.56,
1980-05-06,,,1918728.0,1604759.04,
1980-05-07,,,1883520.0,1572743.52,
1980-05-08,,,1848960.0,1540728.0,
1980-05-09,,,1814400.0,1508712.48,
1980-05-10,,,1779840.0,1476696.96,
1980-05-11,,,1753920.0,1444681.44,
1980-05-12,,,1728000.0,1412665.92,
1980-05-13,,,1693440.0,1380646.08,
1980-05-14,,,1667520.0,1348630.56,
1980-05-15,,,1632960.0,1316615.04,
1980-05-16,,,1650240.0,1284599.52,
1980-05-17,,,1650240.0,1252584.0,
1980-05-18,,,1555200.0,1220568.48,
1980-05-19,,,1512000.0,1188552.96,
1980-05-20,,,1494720.0,1156537.44,
1980-05-21,,,1418688.0,1124521.92,
1980-05-22,,,1353024.0,1105747.2,
1980-05-23,,,1368576.0,1100221.92,
1980-05-24,,,1468800.0,1094696.64,
1980-05-25,,,1503360.0,1089167.04,
1980-05-26,,,1426464.0,1083641.76,
1980-05-27,,,1368576.0,1078116.48,
1980-05-28,,,1353024.0,1072591.2,
1980-05-29,,,1321920.0,1067065.92,
1980-05-30,,,1298592.0,1061536.32,
1980-05-31,,,1329696.0,1056011.04,
1980-06-01,,,1337472.0,1050485.76,
1980-06-02,,,1268352.0,1044956.16,
1980-06-03,,,1252800.0,1039430.88,
1980-06-04,,,1252800.0,1033905.6,
1980-06-05,,,1152008.1,1028376.0,
1980-06-06,,,1141344.0,1022850.72,
1980-06-07,,,1222992.0,1017325.44,
1980-06-08,,,1237680.0,1011795.84,
1980-06-09,,,1148688.0,1006270.56,
1980-06-10,,,1083456.0,1000745.28,
1980-06-11,,,1042243.2,995220.0,
1980-06-12,,,988243.2,989694.72,
1980-06-13,,,961632.0,984165.12,
1980-06-14,,,1008720.0,978639.84,
1980-06-15,,,1028678.4,973114.56,
1980-06-16,,,988243.2,967584.96,
1980-06-17,,,968284.8,962059.68,
1980-06-18,,,880416.0,956534.4,
1980-06-19,,,812160.0,947950.56,
1980-06-20,,,825120.0,936312.48,
1980-06-21,,,851040.0,924674.4,
1980-06-22,,,812160.0,913040.64,
1980-06-23,,,734400.0,901406.88,
1980-06-24,,,754704.0,889768.8,
1980-06-25,,,810000.0,878130.72,
1980-06-26,,,817344.0,866492.64,
1980-06-27,,,824688.0,854854.56,
1980-06-28,,,924480.0,843216.48,
1980-06-29,,,880416.0,831578.4,
1980-06-30,,,765936.0,819944.64,
1980-07-01,,,758592.0,808310.88,
1980-07-02,,,721872.0,796672.8,
1980-07-03,,,699840.0,785034.72,
1980-07-04,,,751248.0,773396.64,
1980-07-05,,,810000.0,761758.56,
1980-07-06,,,751334.4,750120.48,
1980-07-07,,,670809.6,738482.4,
1980-07-08,,,656294.4,726848.64,
1980-07-09,,,627782.4,715214.88,
1980-07-10,,,599270.4,703576.8,
1980-07-11,,,564451.2,691938.72,
1980-07-12,,,636768.0,680300.64,
1980-07-13,,,650592.0,668662.56,
1980-07-14,,,522720.0,657024.48,
1980-07-15,,,508896.0,645386.4,
1980-07-16,,,571449.6,633752.64,
1980-07-17,,,578361.6,622118.88,
1980-07-18,,,578361.6,610480.8,
1980-07-19,,,642038.4,598842.72,
1980-07-20,,,586396.8,587204.64,
1980-07-21,,,501984.0,578041.92,
1980-07-22,,,508896.0,571354.56,
1980-07-23,,,495504.0,564667.2,
1980-07-24,,,495504.0,557979.84,
1980-07-25,,,557539.2,551292.48,
1980-07-26,,,656899.2,544609.44,
1980-07-27,,,663897.6,537926.4,
1980-07-28,,,578361.6,531239.04,
1980-07-29,,,543456.0,524551.68,
1980-07-30,,,502848.0,517864.32,
1980-07-31,,,502848.0,511176.96,
1980-08-01,,,515808.0,504489.6,
1980-08-02,,,586742.4,497802.24,
1980-08-03,,,600566.4,491114.88,
1980-08-04,,,543542.4,484427.52,
1980-08-05,,,529718.4,477740.16,
1980-08-06,,,455760.0,471052.8,
1980-08-07,,,423360.0,464369.76,
1980-08-08,,,423360.0,457686.72,
1980-08-09,,,511315.2,450999.36,
1980-08-10,,,571363.2,444312.0,
1980-08-11,,,476928.0,437624.64,
1980-08-12,,,429840.0,430937.28,
1980-08-13,,,416880.0,427930.56,
1980-08-14,,,384480.0,428604.48,
1980-08-15,,,423360.0,429278.4,
1980-08-16,,,530755.2,429956.64,
1980-08-17,,,585273.6,430634.88,
1980-08-18,,,592272.0,431308.8,
1980-08-19,,,649296.0,431982.72,
1980-08-20,,,678067.2,432656.64,
1980-08-21,,,670809.6,433330.56,
1980-08-22,,,700012.8,434004.48,
1980-08-23,,,773280.0,434678.4,
1980-08-24,,,802656.0,435356.64,
1980-08-25,,,773280.0,436034.88,
1980-08-26,,,758592.0,436708.8,
1980-08-27,,,751248.0,437382.72,
1980-08-28,,,736560.0,438056.64,
1980-08-29,,,758592.0,438730.56,
1980-08-30,,,810000.0,439404.48,
1980-08-31,,,810000.0,440078.4,
1980-09-01,,,765936.0,440756.64,
1980-09-02,,,803088.0,441434.88,
1980-09-03,,,839808.0,442108.8,
1980-09-04,,,839808.0,442782.72,
1980-09-05,,,877824.0,443456.64,
1980-09-06,,,924480.0,444130.56,
1980-09-07,,,940032.0,444804.48,
1980-09-08,,,908928.0,445478.4,
1980-09-09,,,893376.0,446156.64,
1980-09-10,,,908928.0,446834.88,
1980-09-11,,,940032.0,447508.8,
1980-09-12,,,963360.0,448182.72,
1980-09-13,,,971136.0,448856.64,
1980-09-14,,,971136.0,451120.32,
1980-09-15,,,924480.0,454973.76,
1980-09-16,,,870048.0,458827.2,
1980-09-17,,,854496.0,462680.64,
1980-09-18,,,854496.0,466529.76,
1980-09-19,,,877824.0,470378.88,
1980-09-20,,,924480.0,474232.32,
1980-09-21,,,901152.0,478085.76,
1980-09-22,,,839376.0,481939.2,
1980-09-23,,,832032.0,485792.64,
1980-09-24,,,832032.0,489646.08,
1980-09-25,,,870480.0,493499.52,
1980-09-26,,,901152.0,497348.64,
1980-09-27,,,940032.0,501197.76,
1980-09-28,,,978912.0,505051.2,
1980-09-29,,,924480.0,508904.64,
1980-09-30,,,870048.0,512758.08,
1980-10-01,,,870048.0,516611.52,
1980-10-02,,,916704.0,520460.64,
1980-10-03,,,995328.0,524309.76,
1980-10-04,,,1035072.0,528158.88,
1980-10-05,,,1018656.0,532008.0,
1980-10-06,,,986688.0,535857.12,
1980-10-07,,,932256.0,539706.24,
1980-10-08,,,885600.0,543555.36,
1980-10-09,,,832896.0,547404.48,
1980-10-10,,,810000.0,551257.92,
1980-10-11,,,862704.0,555107.04,
1980-10-12,,,862704.0,558956.16,
1980-10-13,,,824688.0,562805.28,
1980-10-14,,,824688.0,566654.4,
1980-10-15,,,839376.0,570503.52,
1980-10-16,,,885600.0,574352.64,
1980-10-17,,,916704.0,578201.76,
1980-10-18,,,916704.0,582050.88,
1980-10-19,,,908928.0,583450.56,
1980-10-20,,,901152.0,582400.8,
1980-10-21,,,908928.0,581351.04,
1980-10-22,,,1138752.0,580296.96,
1980-10-23,,,1110240.0,579242.88,
1980-10-24,,,919296.0,578193.12,
1980-10-25,,,1007424.0,577143.36,
1980-10-26,,,1014336.0,576089.28,
1980-10-27,,,979776.0,575035.2,
1980-10-28,,,945648.0,573985.44,
1980-10-29,,,938952.0,572935.68,
1980-10-30,,,945648.0,571881.6,
1980-10-31,,,1000728.0,570827.52,
1980-11-01,,,1048896.0,569777.76,
1980-11-02,,,1014336.0,568728.0,
1980-11-03,,,966168.0,567673.92,
1980-11-04,,,918864.0,566619.84,
1980-11-05,,,878688.0,565570.08,
1980-11-06,,,878688.0,564520.32,
1980-11-07,,,898776.0,563466.24,
1980-11-08,,,946080.0,562412.16,
1980-11-09,,,972864.0,561362.4,
1980-11-10,,,952344.0,560312.64,
1980-11-11,,,925560.0,559033.92,
1980-11-12,,,932256.0,557530.56,
1980-11-13,,,945648.0,556027.2,
1980-11-14,,,905472.0,554523.84,
1980-11-15,,,892080.0,553020.48,
1980-11-16,,,918864.0,551517.12,
1980-11-17,,,925560.0,550009.44,
1980-11-18,,,898776.0,548501.76,
1980-11-19,,,871992.0,546998.4,
1980-11-20,,,858600.0,545495.04,
1980-11-21,,,858600.0,543991.68,
1980-11-22,,,892080.0,542488.32,
1980-11-23,,,938952.0,540984.96,
1980-11-24,,,932256.0,539481.6,
1980-11-25,,,892080.0,537978.24,
1980-11-26,,,878688.0,536474.88,
1980-11-27,,,878688.0,534971.52,
1980-11-28,,,871992.0,533468.16,
1980-11-29,,,865296.0,531964.8,
1980-11-30,,,865296.0,530461.44,
1980-12-01,,,858600.0,528953.76,
1980-12-02,,,851904.0,527446.08,
1980-12-03,,,819720.0,525942.72,
1980-12-04,,,806328.0,524439.36,
1980-12-05,,,845208.0,522936.0,
1980-12-06,,,878688.0,521432.64,
1980-12-07,,,878688.0,519929.28,
1980-12-08,,,858600.0,527428.8,
1980-12-09,,,851904.0,548640.0,
1980-12-10,,,940032.0,600480.0,
1980-12-11,,,1062720.0,667440.0,
1980-12-12,,,1069632.0,667440.0,
1980-12-13,,,1073454.0,766304.94,
1980-12-14,,,1360052.4,1047121.52,
1980-12-15,,,1230959.7,892080.0,
1980-12-16,,,1170720.0,846720.0,
1980-12-17,,,1126656.0,801360.0,
1980-12-18,,,1097712.0,786240.0,
1980-12-19,,,1069632.0,786240.0,
1980-12-20,,,1048896.0,756000.0,
1980-12-21,,,1021248.0,725760.0,
1980-12-22,,,1007424.0,740880.0,
1980-12-23,,,1035072.0,756000.0,
1980-12-24,,,1048896.0,756000.0,
1980-12-25,,,1041984.0,756000.0,
1980-12-26,,,1041984.0,771120.0,
1980-12-27,,,1092084.84,846625.5,
1980-12-28,,,1387847.09,1273326.32,
1980-12-29,,,1913910.0,1880982.38,
1980-12-30,,,2011494.0,1819697.77,
1980-12-31,,,1613419.34,1373156.71,
1981-01-01,,,1480216.55,1226880.0,
1981-01-02,,,1378902.6,1192887.22,
1981-01-03,,,1801795.2,1522660.24,
1981-01-04,,,4330484.1,2068412.81,
1981-01-05,,,3397890.6,2614165.38,
1981-01-06,,,2405404.8,1906117.36,
1981-01-07,,,2100816.0,1725408.0,
1981-01-08,,,1955664.0,1595020.5,
1981-01-09,,,1805760.0,1406160.0,
1981-01-10,,,1728000.0,1304449.92,
1981-01-11,,,4140944.27,1719034.9133333333,
1981-01-12,,,4486984.135,2133619.9066666667,
1981-01-13,,,4833024.0,2548204.9,
1981-01-14,,,3299974.5,2089968.93,
1981-01-15,,,2836910.7,1978249.2,
1981-01-16,,,2678199.9,2078824.59,
1981-01-17,,,2835438.6,2273517.74,
1981-01-18,,,3869198.7,3718865.82,
1981-01-19,,,3617154.9,2700640.3,
1981-01-20,,,2941920.0,2308943.54,
1981-01-21,,,2889648.0,2224014.83,
1981-01-22,,,2797632.0,2075760.0,
1981-01-23,,,2728080.0,1928448.0,
1981-01-24,,,2668464.0,1887840.0,
1981-01-25,,,2608848.0,1832440.32,
1981-01-26,,,2689122.0,2435360.09,
1981-01-27,,,3937587.9,3208254.425,
1981-01-28,,,5186053.8,3981148.76,
1981-01-29,,,3817425.6,3004460.33,
1981-01-30,,,3164832.0,2633418.12,
1981-01-31,,,4458777.3,3635111.7133333334,
1981-02-01,,,7263183.92,4636805.306666667,
1981-02-02,,,6014248.72,5638498.9,
1981-02-03,,,5062369.2,4039320.61,
1981-02-04,,,4252321.08,3533918.25,
1981-02-05,,,4460431.59,4005893.79,
1981-02-06,,,4350695.1,3494433.19,
1981-02-07,,,3652536.0,3125520.0,
1981-02-08,,,3369993.6,2941885.44,
1981-02-09,,,3448353.0,2959813.85,
1981-02-10,,,3084912.0,2674393.92,
1981-02-11,,,2985120.0,2506032.0,
1981-02-12,,,2870640.0,2342736.0,
1981-02-13,,,2738016.0,2251152.0,
1981-02-14,,,2668464.0,2205360.0,
1981-02-15,,,2628720.0,2182464.0,
1981-02-16,,,2747952.0,2397349.34,
1981-02-17,,,2857248.0,2467791.89,
1981-02-18,,,2757888.0,2388528.0,
1981-02-19,,,2708208.0,2388528.0,
1981-02-20,,,2747952.0,2434320.0,
1981-02-21,,,2747952.0,2411424.0,
1981-02-22,,,2747952.0,2344511.52,
1981-02-23,,,2673224.64,2290883.34,
1981-02-24,,,3538579.24,3764220.56,
1981-02-25,,,5252283.75,4826250.31,
1981-02-26,,,5565145.05,5310891.08,
1981-02-27,,,4557467.85,4081787.8,
1981-02-28,,,4008232.2,3787031.2,
1981-03-01,,,4330870.2,4069522.46,
1981-03-02,,,5270506.35,5337346.89,
1981-03-03,,,4826195.85,4188471.51,
1981-03-04,,,4111344.0,3702240.0,
1981-03-05,,,3816720.0,3376080.0,
1981-03-06,,,3583872.0,3179520.0,
1981-03-07,,,3447360.0,3069360.0,
1981-03-08,,,3316032.0,2989440.0,
1981-03-09,,,3186432.0,2885760.0,
1981-03-10,,,3128112.0,2833920.0,
1981-03-11,,,3163104.0,2859840.0,
1981-03-12,,,3151440.0,2833920.0,
1981-03-13,,,3060720.0,2782080.0,
1981-03-14,,,2995920.0,2704320.0,
1981-03-15,,,2931120.0,2626560.0,
1981-03-16,,,2858112.0,2600640.0,
1981-03-17,,,2777760.0,2551824.0,
1981-03-18,,,2698272.0,2480112.0,
1981-03-19,,,2638656.0,2411424.0,
1981-03-20,,,2588976.0,2365632.0,
1981-03-21,,,2588976.0,2388528.0,
1981-03-22,,,2588976.0,2388528.0,
1981-03-23,,,2549232.0,2342736.0,
1981-03-24,,,2529360.0,2296944.0,
1981-03-25,,,2549232.0,2331895.88,
1981-03-26,,,2985133.07,2930495.35,
1981-03-27,,,4157806.19,5681257.17,
1981-03-28,,,5669523.15,5267446.9,
1981-03-29,,,4136648.4,3750706.5,
1981-03-30,,,3607416.6,3404160.0,
1981-03-31,,,3347806.5,3179520.0,
1981-04-01,,,3163968.0,2989440.0,
1981-04-02,,,3039120.0,2859840.0,
1981-04-03,,,2931984.0,2704320.0,
1981-04-04,,,2857248.0,2574720.0,
1981-04-05,,,2877984.0,2525904.0,
1981-04-06,,,2828304.0,2411424.0,
1981-04-07,,,2849904.0,2468056.5,
1981-04-08,,,2869776.0,2411424.0,
1981-04-09,,,2777760.0,2342736.0,
1981-04-10,,,2718144.0,2296944.0,
1981-04-11,,,2718144.0,2319840.0,
1981-04-12,,,2738016.0,2319840.0,
1981-04-13,,,2688336.0,2228256.0,
1981-04-14,,,2608848.0,2182464.0,
1981-04-15,,,2500416.0,2159568.0,
1981-04-16,,,2451168.0,2136672.0,
1981-04-17,,,2422656.0,2113776.0,
1981-04-18,,,2365632.0,2070576.0,
1981-04-19,,,2337120.0,2050272.0,
1981-04-20,,,2327616.0,2050272.0,
1981-04-21,,,2337120.0,2009664.0,
1981-04-22,,,2299104.0,1887840.0,
1981-04-23,,,2232576.0,1908144.0,
1981-04-24,,,2194560.0,1969056.0,
1981-04-25,,,2156544.0,1908144.0,
1981-04-26,,,2118528.0,1887840.0,
1981-04-27,,,2081376.0,1867536.0,
1981-04-28,,,2045088.0,1826928.0,
1981-04-29,,,2017872.0,1786320.0,
1981-04-30,,,1990656.0,1786320.0,
1981-05-01,,,1963440.0,1766016.0,
1981-05-02,,,1936224.0,1725408.0,
1981-05-03,,,1927152.0,1725408.0,
1981-05-04,,,1936224.0,1705104.0,
1981-05-05,,,1927152.0,1684800.0,
1981-05-06,,,1892160.0,1629072.0,
1981-05-07,,,1901232.0,1573344.0,
1981-05-08,,,1963440.0,1554768.0,
1981-05-09,,,1999728.0,1536192.0,
1981-05-10,,,1972512.0,1517616.0,
1981-05-11,,,1883952.0,1499040.0,
1981-05-12,,,1779840.0,1443312.0,
1981-05-13,,,1702080.0,1406160.0,
1981-05-14,,,1676160.0,1461888.0,
1981-05-15,,,1684800.0,1461888.0,
1981-05-16,,,1719360.0,1424736.0,
1981-05-17,,,1710720.0,1443312.0,
1981-05-18,,,1650240.0,1406160.0,
1981-05-19,,,1598400.0,1346915.52,
1981-05-20,,,1581120.0,1339878.24,
1981-05-21,,,1529280.0,1332840.96,
1981-05-22,,,1477440.0,1325808.0,
1981-05-23,,,1537920.0,1318775.04,
1981-05-24,,,1563840.0,1311737.76,
1981-05-25,,,1529280.0,1304700.48,
1981-05-26,,,1503360.0,1297667.52,
1981-05-27,,,1468800.0,1290630.24,
1981-05-28,,,1410048.0,1283592.96,
1981-05-29,,,1337472.0,1276560.0,
1981-05-30,,,1337472.0,1269527.04,
1981-05-31,,,1329696.0,1262489.76,
1981-06-01,,,1267488.0,1255452.48,
1981-06-02,,,1236816.0,1248419.52,
1981-06-03,,,1275696.0,1241382.24,
1981-06-04,,,1314144.0,1234344.96,
1981-06-05,,,1298592.0,1227312.0,
1981-06-06,,,1314144.0,1220279.04,
1981-06-07,,,1268784.0,1213241.76,
1981-06-08,,,1237680.0,1206204.48,
1981-06-09,,,1222992.0,1199171.52,
1981-06-10,,,1127088.0,1192134.24,
1981-06-11,,,1105056.0,1185096.96,
1981-06-12,,,1077408.0,1178064.0,
1981-06-13,,,1077408.0,1171031.04,
1981-06-14,,,1098144.0,1163993.76,
1981-06-15,,,1000944.0,1156956.48,
1981-06-16,,,1029456.0,1148299.2,
1981-06-17,,,1111968.0,1138013.28,
1981-06-18,,,967896.0,1127727.36,
1981-06-19,,,878688.0,1117445.76,
1981-06-20,,,973512.0,1107159.84,
1981-06-21,,,973512.0,1096873.92,
1981-06-22,,,871992.0,1086592.32,
1981-06-23,,,845208.0,1076306.4,
1981-06-24,,,838944.0,1066020.48,
1981-06-25,,,806328.0,1055734.56,
1981-06-26,,,787536.0,1045448.64,
1981-06-27,,,833544.0,1035167.04,
1981-06-28,,,821016.0,1024881.12,
1981-06-29,,,775008.0,1014595.2,
1981-06-30,,,819288.0,1004313.6,
1981-07-01,,,794232.0,994027.68,
1981-07-02,,,731160.0,983741.76,
1981-07-03,,,724896.0,973460.16,
1981-07-04,,,801360.0,963174.24,
1981-07-05,,,795096.0,952888.32,
1981-07-06,,,712368.0,942606.72,
1981-07-07,,,712368.0,932320.8,
1981-07-08,,,700272.0,922034.88,
1981-07-09,,,700272.0,911753.28,
1981-07-10,,,731160.0,901467.36,
1981-07-11,,,781272.0,891181.44,
1981-07-12,,,787536.0,880899.84,
1981-07-13,,,724896.0,870613.92,
1981-07-14,,,675648.0,860328.0,
1981-07-15,,,657504.0,850042.08,
1981-07-16,,,663552.0,839756.16,
1981-07-17,,,669600.0,829474.56,
1981-07-18,,,763776.0,819188.64,
1981-07-19,,,769824.0,808902.72,
1981-07-20,,,687744.0,798621.12,
1981-07-21,,,669600.0,788335.2,
1981-07-22,,,639360.0,778049.28,
1981-07-23,,,627264.0,767767.68,
1981-07-24,,,645408.0,757481.76,
1981-07-25,,,694224.0,747195.84,
1981-07-26,,,724896.0,736914.24,
1981-07-27,,,670032.0,726628.32,
1981-07-28,,,639360.0,716342.4,
1981-07-29,,,657504.0,706060.8,
1981-07-30,,,663552.0,695774.88,
1981-07-31,,,725328.0,685488.96,
1981-08-01,,,800064.0,675207.36,
1981-08-02,,,702000.0,664921.44,
1981-08-03,,,572832.0,654635.52,
1981-08-04,,,584928.0,644349.6,
1981-08-05,,,597024.0,634063.68,
1981-08-06,,,578880.0,623782.08,
1981-08-07,,,603072.0,613496.16,
1981-08-08,,,694656.0,603210.24,
1981-08-09,,,658368.0,592928.64,
1981-08-10,,,597024.0,582642.72,
1981-08-11,,,627264.0,572356.8,
1981-08-12,,,590976.0,568429.92,
1981-08-13,,,548640.0,570857.76,
1981-08-14,,,597024.0,573281.28,
1981-08-15,,,706968.0,575704.8,
1981-08-16,,,725112.0,578132.64,
1981-08-17,,,669600.0,580560.48,
1981-08-18,,,681912.0,582984.0,
1981-08-19,,,724896.0,585407.52,
1981-08-20,,,737424.0,587835.36,
1981-08-21,,,743688.0,590263.2,
1981-08-22,,,807624.0,592686.72,
1981-08-23,,,826416.0,595110.24,
1981-08-24,,,793800.0,597538.08,
1981-08-25,,,812592.0,599965.92,
1981-08-26,,,885384.0,602393.76,
1981-08-27,,,879120.0,604817.28,
1981-08-28,,,832248.0,607240.8,
1981-08-29,,,892080.0,609668.64,
1981-08-30,,,912168.0,612096.48,
1981-08-31,,,892080.0,614520.0,
1981-09-01,,,898776.0,616943.52,
1981-09-02,,,898776.0,619371.36,
1981-09-03,,,865296.0,621799.2,
1981-09-04,,,838512.0,624222.72,
1981-09-05,,,878688.0,626646.24,
1981-09-06,,,918864.0,629074.08,
1981-09-07,,,905472.0,631501.92,
1981-09-08,,,905472.0,633929.76,
1981-09-09,,,918864.0,636353.28,
1981-09-10,,,925560.0,638776.8,
1981-09-11,,,945648.0,641204.64,
1981-09-12,,,1007424.0,643632.48,
1981-09-13,,,994032.0,646056.0,
1981-09-14,,,932256.0,648479.52,
1981-09-15,,,918864.0,650907.36,
1981-09-16,,,905472.0,653335.2,
1981-09-17,,,892080.0,655758.72,
1981-09-18,,,918864.0,658182.24,
1981-09-19,,,986688.0,660610.08,
1981-09-20,,,979992.0,658929.6,
1981-09-21,,,945648.0,653140.8,
1981-09-22,,,945648.0,647352.0,
1981-09-23,,,918864.0,641563.2,
1981-09-24,,,858600.0,635774.4,
1981-09-25,,,838512.0,629985.6,
1981-09-26,,,912384.0,624196.8,
1981-09-27,,,959256.0,618408.0,
1981-09-28,,,932256.0,612619.2,
1981-09-29,,,952776.0,606830.4,
1981-09-30,,,1003989.6,601041.6,
1981-10-01,,,1013709.6,595308.96,
1981-10-02,,,990964.8,589632.48,
1981-10-03,,,968220.0,583956.0,
1981-10-04,,,945475.2,578279.52,
1981-10-05,,,892404.0,572603.04,
1981-10-06,,,840801.6,566926.56,
1981-10-07,,,871128.0,561250.08,
1981-10-08,,,930312.0,555569.28,
1981-10-09,,,930312.0,549888.48,
1981-10-10,,,930312.0,544212.0,
1981-10-11,,,1006128.0,538535.52,
1981-10-12,,,1059199.2,532859.04,
1981-10-13,,,1044036.0,527182.56,
1981-10-14,,,1013709.6,521506.08,
1981-10-15,,,1013709.6,515829.6,
1981-10-16,,,1089525.6,510153.12,
1981-10-17,,,1127433.6,504476.64,
1981-10-18,,,1044036.0,498800.16,
1981-10-19,,,998546.4,493123.68,
1981-10-20,,,1006128.0,487447.2,
1981-10-21,,,975801.6,481770.72,
1981-10-22,,,960638.4,476094.24,
1981-10-23,,,975801.6,470413.44,
1981-10-24,,,1013709.6,464732.64,
1981-10-25,,,1006128.0,459056.16,
1981-10-26,,,968220.0,453379.68,
1981-10-27,,,968220.0,449448.5,
1981-10-28,,,968220.0,455833.44,
1981-10-29,,,960638.4,463911.84,
1981-10-30,,,953056.8,471994.56,
1981-10-31,,,960638.4,480077.28,
1981-11-01,,,990964.8,488155.68,
1981-11-02,,,1021291.2,496234.08,
1981-11-03,,,1028872.8,504312.48,
1981-11-04,,,1013709.6,512395.2,
1981-11-05,,,990964.8,520477.92,
1981-11-06,,,975801.6,528556.32,
1981-11-07,,,975801.6,536634.72,
1981-11-08,,,990964.8,544713.12,
1981-11-09,,,1013709.6,552795.84,
1981-11-10,,,1013709.6,560878.56,
1981-11-11,,,1028872.8,568956.96,
1981-11-12,,,1074362.4,577035.36,
1981-11-13,,,1089525.6,585118.08,
1981-11-14,,,1066780.8,593200.8,
1981-11-15,,,1036454.4,601279.2,
1981-11-16,,,1021291.2,609357.6,
1981-11-17,,,1028872.8,617436.0,
1981-11-18,,,1059199.2,625518.72,
1981-11-19,,,1097107.2,633601.44,
1981-11-20,,,1135015.2,641679.84,
1981-11-21,,,1142596.8,649758.24,
1981-11-22,,,1127433.6,655606.26,
1981-11-23,,,1119852.0,650056.32,
1981-11-24,,,1097107.2,642906.72,
1981-11-25,,,1066780.8,635757.12,
1981-11-26,,,1044036.0,628607.52,
1981-11-27,,,1013709.6,621457.92,
1981-11-28,,,998546.4,614308.32,
1981-11-29,,,1028872.8,607158.72,
1981-11-30,,,1059199.2,600009.12,
1981-12-01,,,1044036.0,592859.52,
1981-12-02,,,1013709.6,585709.92,
1981-12-03,,,1006128.0,578560.32,
1981-12-04,,,1013709.6,571410.72,
1981-12-05,,,1028872.8,564261.12,
1981-12-06,,,1036454.4,557794.92,
1981-12-07,,,1036454.4,557578.08,
1981-12-08,,,1013709.6,558865.44,
1981-12-09,,,983383.2,560152.8,
1981-12-10,,,968220.0,561440.16,
1981-12-11,,,945475.2,562727.52,
1981-12-12,,,937893.6,564014.88,
1981-12-13,,,945475.2,565302.24,
1981-12-14,,,960638.4,566593.92,
1981-12-15,,,975801.6,567885.6,
1981-12-16,,,975801.6,569172.96,
1981-12-17,,,983383.2,570460.32,
1981-12-18,,,998546.4,571747.68,
1981-12-19,,,1021291.2,573035.04,
1981-12-20,,,1021291.2,574322.4,
1981-12-21,,,1013709.6,575609.76,
1981-12-22,,,1013709.6,576897.12,
1981-12-23,,,1021291.2,578184.48,
1981-12-24,,,1044036.0,579471.84,
1981-12-25,,,1036454.4,580759.2,
1981-12-26,,,998546.4,582046.56,
1981-12-27,,,975801.6,583333.92,
1981-12-28,,,968220.0,584621.28,
1981-12-29,,,975801.6,585908.64,
1981-12-30,,,983383.2,587200.32,
1981-12-31,,,1006128.0,588492.0,
1982-01-01,,,1044036.0,589779.36,
1982-01-02,,,1051617.6,591066.72,
1982-01-03,,,1036454.4,592354.08,
1982-01-04,,,1059199.2,593641.44,
1982-01-05,,,1097107.2,594928.8,
1982-01-06,,,1066780.8,596216.16,
1982-01-07,,,1006128.0,597503.52,
1982-01-08,,,998546.4,598790.88,
1982-01-09,,,1059199.2,600078.24,
1982-01-10,,,1097107.2,601365.6,
1982-01-11,,,1074362.4,602652.96,
1982-01-12,,,1066780.8,603940.32,
1982-01-13,,,1081944.0,605227.68,
1982-01-14,,,1104688.8,605839.71,
1982-01-15,,,1142596.8,602264.16,
1982-01-16,,,1127433.6,597970.08,
1982-01-17,,,1081944.0,593671.68,
1982-01-18,,,1036454.4,589373.28,
1982-01-19,,,998546.4,585079.2,
1982-01-20,,,983383.2,580785.12,
1982-01-21,,,975801.6,576491.04,
1982-01-22,,,975801.6,572192.64,
1982-01-23,,,975801.6,567894.24,
1982-01-24,,,968220.0,563600.16,
1982-01-25,,,953056.8,559306.08,
1982-01-26,,,945475.2,555012.0,
1982-01-27,,,953056.8,550717.92,
1982-01-28,,,968220.0,546419.52,
1982-01-29,,,983383.2,542121.12,
1982-01-30,,,1044036.0,537827.04,
1982-01-31,,,1196553.6,549180.0,
1982-02-01,,,2611404.0,2150127.0,
1982-02-02,,,4313790.0,3022338.0,
1982-02-03,,,5135085.0,3894549.0,
1982-02-04,,,5956380.0,4766760.0,
1982-02-05,,,4458168.0,2980485.0,
1982-02-06,,,3680982.0,2478699.0,
1982-02-07,,,3191976.0,2099520.0,
1982-02-08,,,2707650.0,1859076.0,
1982-02-09,,,2408670.0,1686033.0,
1982-02-10,,,2188165.5,1591920.0,
1982-02-11,,,2056104.0,1539288.0,
1982-02-12,,,1985040.0,1444473.0,
1982-02-13,,,2005344.0,1369008.0,
1982-02-14,,,2025648.0,1394163.0,
1982-02-15,,,1877904.0,1360341.0,
1982-02-16,,,1740960.0,1244160.0,
1982-02-17,,,1683936.0,1220400.0,
1982-02-18,,,1617408.0,1175040.0,
1982-02-19,,,1598400.0,1140480.0,
1982-02-20,,,1598400.0,1140480.0,
1982-02-21,,,1579392.0,1123200.0,
1982-02-22,,,1531872.0,1098720.0,
1982-02-23,,,1503360.0,1054080.0,
1982-02-24,,,1512864.0,1054080.0,
1982-02-25,,,1522368.0,1019520.0,
1982-02-26,,,1541376.0,1019520.0,
1982-02-27,,,1579392.0,1019520.0,
1982-02-28,,,1588896.0,1019520.0,
1982-03-01,,,1528704.0,1054080.0,
1982-03-02,,,1613448.0,1099440.0,
1982-03-03,,,2194992.0,1419066.0,
1982-03-04,,,2120616.0,1335492.0,
1982-03-05,,,1911861.0,1261440.0,
1982-03-06,,,1963044.0,1290384.0,
1982-03-07,,,1991808.0,1278720.0,
1982-03-08,,,1900440.0,1226880.0,
1982-03-09,,,1894896.0,1300086.0,
1982-03-10,,,2284065.0,1596204.0,
1982-03-11,,,2301062.1,1576440.0,
1982-03-12,,,2188080.0,1517616.0,
1982-03-13,,,2127168.0,1480464.0,
1982-03-14,,,2086560.0,1424736.0,
1982-03-15,,,2005344.0,1369008.0,
1982-03-16,,,1924128.0,1331856.0,
1982-03-17,,,1903824.0,1313280.0,
1982-03-18,,,1924128.0,1313280.0,
1982-03-19,,,1894320.0,1313280.0,
1982-03-20,,,1836000.0,1296000.0,
1982-03-21,,,1797984.0,1261440.0,
1982-03-22,,,1740960.0,1226880.0,
1982-03-23,,,1674432.0,1209600.0,
1982-03-24,,,1655424.0,1192320.0,
1982-03-25,,,1664928.0,1175040.0,
1982-03-26,,,1683936.0,1175040.0,
1982-03-27,,,1674432.0,1175040.0,
1982-03-28,,,1636416.0,1157760.0,
1982-03-29,,,1588896.0,1105920.0,
1982-03-30,,,1497312.0,1071360.0,
1982-03-31,,,1425600.0,1054080.0,
1982-04-01,,,1434240.0,1033810.56,
1982-04-02,,,1460160.0,1027831.68,
1982-04-03,,,1468800.0,1021848.48,
1982-04-04,,,1468800.0,1015865.28,
1982-04-05,,,1486080.0,1009886.4,
1982-04-06,,,1503360.0,1003907.52,
1982-04-07,,,1531872.0,997924.32,
1982-04-08,,,1531872.0,991941.12,
1982-04-09,,,1486080.0,985962.24,
1982-04-10,,,1434240.0,979983.36,
1982-04-11,,,1365120.0,974000.16,
1982-04-12,,,1321920.0,968016.96,
1982-04-13,,,1330560.0,962038.08,
1982-04-14,,,1321920.0,956059.2,
1982-04-15,,,1313280.0,950076.0,
1982-04-16,,,1339200.0,944092.8,
1982-04-17,,,1347840.0,938113.92,
1982-04-18,,,1304640.0,932135.04,
1982-04-19,,,1244160.0,926151.84,
1982-04-20,,,1235520.0,920168.64,
1982-04-21,,,1252800.0,914189.76,
1982-04-22,,,1270080.0,908210.88,
1982-04-23,,,1278720.0,902232.0,
1982-04-24,,,1278720.0,896248.8,
1982-04-25,,,1252800.0,890265.6,
1982-04-26,,,1192320.0,884286.72,
1982-04-27,,,1175040.0,878307.84,
1982-04-28,,,1235520.0,872324.64,
1982-04-29,,,1270080.0,866341.44,
1982-04-30,,,1278720.0,860362.56,
1982-05-01,,,1278720.0,854383.68,
1982-05-02,,,1209600.0,848400.48,
1982-05-03,,,1157760.0,842417.28,
1982-05-04,,,1157760.0,836438.4,
1982-05-05,,,1192320.0,830459.52,
1982-05-06,,,1177156.8,824476.32,
1982-05-07,,,1142596.8,818493.12,
1982-05-08,,,1142596.8,812514.24,
1982-05-09,,,1127433.6,806535.36,
1982-05-10,,,1112270.4,800552.16,
1982-05-11,,,1081944.0,794568.96,
1982-05-12,,,1036454.4,788352.75,
1982-05-13,,,1006128.0,779889.6,
1982-05-14,,,998546.4,770873.76,
1982-05-15,,,1028872.8,761857.92,
1982-05-16,,,1036454.4,752842.08,
1982-05-17,,,990964.8,743826.24,
1982-05-18,,,960638.4,734810.4,
1982-05-19,,,945475.2,725794.56,
1982-05-20,,,930312.0,716774.4,
1982-05-21,,,990964.8,707758.56,
1982-05-22,,,1051617.6,698742.72,
1982-05-23,,,990964.8,689726.88,
1982-05-24,,,922730.4,680711.04,
1982-05-25,,,863546.4,671695.2,
1982-05-26,,,840801.6,662679.36,
1982-05-27,,,884822.4,653663.52,
1982-05-28,,,945475.2,644647.68,
1982-05-29,,,945475.2,635627.52,
1982-05-30,,,871128.0,626611.68,
1982-05-31,,,840801.6,617595.84,
1982-06-01,,,840801.6,608580.0,
1982-06-02,,,806565.6,599564.16,
1982-06-03,,,813412.8,590548.32,
1982-06-04,,,847648.8,581532.48,
1982-06-05,,,854496.0,572516.64,
1982-06-06,,,840801.6,563500.8,
1982-06-07,,,806565.6,554480.64,
1982-06-08,,,786024.0,545856.03,
1982-06-09,,,751788.0,539892.0,
1982-06-10,,,697010.4,534427.2,
1982-06-11,,,683316.0,528966.72,
1982-06-12,,,703857.6,523506.24,
1982-06-13,,,669621.6,518041.44,
1982-06-14,,,594928.8,512576.64,
1982-06-15,,,561945.6,507116.16,
1982-06-16,,,537062.4,501651.36,
1982-06-17,,,495936.0,496186.56,
1982-06-18,,,457056.0,490726.08,
1982-06-19,,,466560.0,485265.6,
1982-06-20,,,466560.0,479800.8,
1982-06-21,,,432000.0,474336.0,
1982-06-22,,,432000.0,468875.52,
1982-06-23,,,386208.0,463415.04,
1982-06-24,,,317952.0,457950.24,
1982-06-25,,,372384.0,452485.44,
1982-06-26,,,475200.0,447024.96,
1982-06-27,,,458784.0,441560.16,
1982-06-28,,,424224.0,436095.36,
1982-06-29,,,440640.0,430634.88,
1982-06-30,,,424224.0,425174.4,
1982-07-01,,,400032.0,419709.6,
1982-07-02,,,384480.0,414244.8,
1982-07-03,,,408672.0,408784.32,
1982-07-04,,,365472.0,403323.84,
1982-07-05,,,269568.0,397859.04,
1982-07-06,,,228096.0,392394.24,
1982-07-07,,,200448.0,389629.44,
1982-07-08,,,165888.0,389560.32,
1982-07-09,,,172800.0,389491.2,
1982-07-10,,,200448.0,389417.76,
1982-07-11,,,131328.0,389344.32,
1982-07-12,,,69120.0,389275.2,
1982-07-13,,,110592.0,389206.08,
1982-07-14,,,131328.0,389136.96,
1982-07-15,,,110592.0,389067.84,
1982-07-16,,,152064.0,388998.72,
1982-07-17,,,235008.0,388925.28,
1982-07-18,,,235008.0,388851.84,
1982-07-19,,,193536.0,388782.72,
1982-07-20,,,186624.0,388713.6,
1982-07-21,,,186624.0,388644.48,
1982-07-22,,,193536.0,388575.36,
1982-07-23,,,214272.0,388506.24,
1982-07-24,,,255744.0,388432.8,
1982-07-25,,,172800.0,388359.36,
1982-07-26,,,89856.0,388290.24,
1982-07-27,,,131328.0,388221.12,
1982-07-28,,,158976.0,388152.0,
1982-07-29,,,179712.0,388082.88,
1982-07-30,,,262656.0,388013.76,
1982-07-31,,,377568.0,387944.64,
1982-08-01,,,343008.0,387871.2,
1982-08-02,,,207360.0,387797.76,
1982-08-03,,,158976.0,387728.64,
1982-08-04,,,179712.0,387659.52,
1982-08-05,,,179712.0,387590.4,
1982-08-06,,,214272.0,387521.28,
1982-08-07,,,290304.0,387452.16,
1982-08-08,,,255744.0,387378.72,
1982-08-09,,,200448.0,387305.28,
1982-08-10,,,186624.0,387236.16,
1982-08-11,,,145152.0,387167.04,
1982-08-12,,,158976.0,387097.92,
1982-08-13,,,262656.0,387028.8,
1982-08-14,,,377568.0,386959.68,
1982-08-15,,,400032.0,386886.24,
1982-08-16,,,368928.0,386812.8,
1982-08-17,,,346464.0,386743.68,
1982-08-18,,,346464.0,386674.56,
1982-08-19,,,368928.0,386605.44,
1982-08-20,,,443232.0,386536.32,
1982-08-21,,,535680.0,386467.2,
1982-08-22,,,527040.0,386393.76,
1982-08-23,,,483840.0,386320.32,
1982-08-24,,,492480.0,386251.2,
1982-08-25,,,475200.0,386182.08,
1982-08-26,,,416448.0,386112.96,
1982-08-27,,,476928.0,386043.84,
1982-08-28,,,561600.0,385974.72,
1982-08-29,,,552960.0,385901.28,
1982-08-30,,,587520.0,385827.84,
1982-08-31,,,630720.0,385758.72,
1982-09-01,,,604800.0,385689.6,
1982-09-02,,,570240.0,385620.48,
1982-09-03,,,613440.0,385551.36,
1982-09-04,,,639360.0,385482.24,
1982-09-05,,,613440.0,385408.8,
1982-09-06,,,596160.0,385335.36,
1982-09-07,,,570240.0,385266.24,
1982-09-08,,,578880.0,385197.12,
1982-09-09,,,604800.0,385128.0,
1982-09-10,,,639360.0,385058.88,
1982-09-11,,,691200.0,384989.76,
1982-09-12,,,673920.0,384920.64,
1982-09-13,,,613440.0,384847.2,
1982-09-14,,,570240.0,384773.76,
1982-09-15,,,535680.0,384704.64,
1982-09-16,,,552960.0,384635.52,
1982-09-17,,,622080.0,384566.4,
1982-09-18,,,691200.0,384497.28,
1982-09-19,,,673920.0,384428.16,
1982-09-20,,,622080.0,384354.72,
1982-09-21,,,604800.0,384281.28,
1982-09-22,,,578880.0,384212.16,
1982-09-23,,,544320.0,384143.04,
1982-09-24,,,552960.0,384073.92,
1982-09-25,,,596160.0,384004.8,
1982-09-26,,,622080.0,383935.68,
1982-09-27,,,648000.0,383862.24,
1982-09-28,,,656640.0,383788.8,
1982-09-29,,,648000.0,383719.68,
1982-09-30,,,656640.0,383650.56,
1982-10-01,,,673920.0,383581.44,
1982-10-02,,,699840.0,383508.0,
1982-10-03,,,673920.0,383434.56,
1982-10-04,,,656640.0,383365.44,
1982-10-05,,,735264.0,383292.0,
1982-10-06,,,743904.0,383218.56,
1982-10-07,,,691200.0,383149.44,
1982-10-08,,,708480.0,383076.0,
1982-10-09,,,780192.0,383002.56,
1982-10-10,,,780192.0,382933.44,
1982-10-11,,,717120.0,382860.0,
1982-10-12,,,691200.0,382786.56,
1982-10-13,,,673920.0,383317.92,
1982-10-14,,,691200.0,384454.08,
1982-10-15,,,734400.0,385590.24,
1982-10-16,,,760320.0,386722.08,
1982-10-17,,,760320.0,387853.92,
1982-10-18,,,769824.0,388990.08,
1982-10-19,,,778464.0,390126.24,
1982-10-20,,,751680.0,391258.08,
1982-10-21,,,725760.0,392389.92,
1982-10-22,,,725760.0,393526.08,
1982-10-23,,,770688.0,394662.24,
1982-10-24,,,797472.0,395794.08,
1982-10-25,,,769824.0,396925.92,
1982-10-26,,,760320.0,398062.08,
1982-10-27,,,778464.0,399198.24,
1982-10-28,,,786996.0,400330.08,
1982-10-29,,,792871.2,401461.92,
1982-10-30,,,786024.0,402598.08,
1982-10-31,,,738093.6,403734.24,
1982-11-01,,,697010.4,404866.08,
1982-11-02,,,690163.2,405997.92,
1982-11-03,,,676468.8,407134.08,
1982-11-04,,,669621.6,408270.24,
1982-11-05,,,710704.8,409402.08,
1982-11-06,,,814881.6,410533.92,
1982-11-07,,,975801.6,411670.08,
1982-11-08,,,1129550.4,412806.24,
1982-11-09,,,1076479.2,413938.08,
1982-11-10,,,915148.8,415069.92,
1982-11-11,,,899985.6,416206.08,
1982-11-12,,,945475.2,417342.24,
1982-11-13,,,953056.8,418474.08,
1982-11-14,,,937893.6,419333.76,
1982-11-15,,,922730.4,419921.28,
1982-11-16,,,930312.0,420513.12,
1982-11-17,,,915148.8,421104.96,
1982-11-18,,,855964.8,421692.48,
1982-11-19,,,840801.6,422280.0,
1982-11-20,,,862077.6,422867.52,
1982-11-21,,,869659.2,423455.04,
1982-11-22,,,862077.6,424046.88,
1982-11-23,,,854496.0,424638.72,
1982-11-24,,,854496.0,425226.24,
1982-11-25,,,840801.6,425813.76,
1982-11-26,,,820260.0,426401.28,
1982-11-27,,,833954.4,426993.12,
1982-11-28,,,877240.8,427584.96,
1982-11-29,,,877240.8,428172.48,
1982-11-30,,,827107.2,428760.0,
1982-12-01,,,792871.2,429347.52,
1982-12-02,,,792871.2,429935.04,
1982-12-03,,,799718.4,430526.88,
1982-12-04,,,865015.2,431118.72,
1982-12-05,,,907567.2,431706.24,
1982-12-06,,,855964.8,432000.0,
1982-12-07,,,820260.0,419040.0,
1982-12-08,,,813412.8,406080.0,
1982-12-09,,,806565.6,395712.0,
1982-12-10,,,806565.6,385344.0,
1982-12-11,,,820260.0,385344.0,
1982-12-12,,,840801.6,385344.0,
1982-12-13,,,884822.4,379296.0,
1982-12-14,,,884822.4,374976.0,
1982-12-15,,,833954.4,364608.0,
1982-12-16,,,813412.8,364608.0,
1982-12-17,,,833954.4,364608.0,
1982-12-18,,,854496.0,364608.0,
1982-12-19,,,847648.8,364608.0,
1982-12-20,,,827107.2,374976.0,
1982-12-21,,,820260.0,374976.0,
1982-12-22,,,855964.8,374976.0,
1982-12-23,,,869659.2,385344.0,
1982-12-24,,,862077.6,374976.0,
1982-12-25,,,877240.8,374976.0,
1982-12-26,,,892404.0,395712.0,
1982-12-27,,,863546.4,395712.0,
1982-12-28,,,840801.6,385344.0,
1982-12-29,,,869659.2,395712.0,
1982-12-30,,,877240.8,385344.0,
1982-12-31,,,915780.6,403542.0,
1983-01-01,,,1752440.4,1049931.0,
1983-01-02,,,1957990.5,1032210.0,
1983-01-03,,,1359936.0,720720.0,
1983-01-04,,,1352160.0,747180.0,
1983-01-05,,,1818504.0,958410.0,
1983-01-06,,,1415808.0,756000.0,
1983-01-07,,,1239840.0,639360.0,
1983-01-08,,,1166400.0,613440.0,
1983-01-09,,,1157760.0,600480.0,
1983-01-10,,,1107216.0,587520.0,
1983-01-11,,,1060146.9,561600.0,
1983-01-12,,,1028872.8,556470.0,
1983-01-13,,,1036454.4,522720.0,
1983-01-14,,,1021291.2,524880.0,
1983-01-15,,,1006128.0,580230.0,
1983-01-16,,,1014341.4,690615.0,
1983-01-17,,,1097107.2,868644.0,
1983-01-18,,,3355750.8,3134295.0,
1983-01-19,,,3277089.0,1876203.0,
1983-01-20,,,2098008.0,1371600.0,
1983-01-21,,,1778976.0,1175040.0,
1983-01-22,,,1664928.0,1054080.0,
1983-01-23,,,1887984.0,1078920.0,
1983-01-24,,,2623716.0,1299087.0,
1983-01-25,,,2003499.0,1123200.0,
1983-01-26,,,1731456.0,1036800.0,
1983-01-27,,,1655424.0,969840.0,
1983-01-28,,,1579392.0,922320.0,
1983-01-29,,,1505088.0,876960.0,
1983-01-30,,,1442880.0,831600.0,
1983-01-31,,,1373760.0,801360.0,
1983-02-01,,,1296000.0,786240.0,
1983-02-02,,,1248120.0,786240.0,
1983-02-03,,,1252800.0,786240.0,
1983-02-04,,,1261440.0,771120.0,
1983-02-05,,,1261440.0,804195.0,
1983-02-06,,,1296000.0,843570.0,
1983-02-07,,,1347840.0,1043460.0,
1983-02-08,,,1373760.0,987120.0,
1983-02-09,,,1382400.0,922320.0,
1983-02-10,,,1373760.0,907200.0,
1983-02-11,,,1365120.0,922320.0,
1983-02-12,,,1365120.0,937440.0,
1983-02-13,,,1347840.0,937440.0,
1983-02-14,,,1313280.0,937440.0,
1983-02-15,,,1330560.0,959647.5,
1983-02-16,,,1347840.0,984960.0,
1983-02-17,,,1606680.0,1473867.0,
1983-02-18,,,3410172.0,3679695.0,
1983-02-19,,,6186600.0,5518620.0,
1983-02-20,,,6461397.0,5525730.0,
1983-02-21,,,5464080.0,3399930.0,
1983-02-22,,,3879626.4,2503278.0,
1983-02-23,,,3193041.6,2359431.0,
1983-02-24,,,3149640.0,2609793.0,
1983-02-25,,,4555296.0,3661605.0,
1983-02-26,,,4855104.0,3443625.0,
1983-02-27,,,4201560.0,2650104.0,
1983-02-28,,,3478680.0,2312685.0,
1983-03-01,,,3208140.0,2319840.0,
1983-03-02,,,3159648.0,2458917.0,
1983-03-03,,,3290760.0,2511243.0,
1983-03-04,,,4695534.0,2955062.25,
1983-03-05,,,4889022.75,3398881.5,
1983-03-06,,,5082511.5,3842700.75,
1983-03-07,,,5276000.25,4286520.0,
1983-03-08,,,5469489.0,3673215.0,
1983-03-09,,,4727214.0,3405915.0,
1983-03-10,,,4304637.0,3157290.0,
1983-03-11,,,4021110.0,2976615.0,
1983-03-12,,,3825720.0,2866320.0,
1983-03-13,,,3669120.0,2799360.0,
1983-03-14,,,3514320.0,2715120.0,
1983-03-15,,,3401568.0,2730240.0,
1983-03-16,,,3394278.0,2689740.0,
1983-03-17,,,3351510.0,2640060.0,
1983-03-18,,,3227472.0,2519748.0,
1983-03-19,,,3090060.0,2456262.0,
1983-03-20,,,3028860.0,2504439.0,
1983-03-21,,,3382632.0,3068145.0,
1983-03-22,,,4540482.0,4150485.0,
1983-03-23,,,5737842.0,3792690.0,
1983-03-24,,,4265856.0,3263760.0,
1983-03-25,,,3857220.0,2998350.0,
1983-03-26,,,3623868.0,2818260.0,
1983-03-27,,,3459888.0,2787480.0,
1983-03-28,,,3378726.0,2757240.0,
1983-03-29,,,3308256.0,2725920.0,
1983-03-30,,,3273264.0,2669220.0,
1983-03-31,,,3185784.0,2626560.0,
1983-04-01,,,3101760.0,2600640.0,
1983-04-02,,,3036960.0,2550870.0,
1983-04-03,,,2960460.0,2480112.0,
1983-04-04,,,2883510.0,2434320.0,
1983-04-05,,,2892960.0,2365632.0,
1983-04-06,,,2810160.0,2296944.0,
1983-04-07,,,2709185.97,2271912.39,
1983-04-08,,,2671367.22,2252059.2,
1983-04-09,,,2668189.14,2228247.36,
1983-04-10,,,2629123.44,2204435.52,
1983-04-11,,,2500232.72,2180628.0,
1983-04-12,,,2499533.61,2156820.48,
1983-04-13,,,2472010.12,2133008.64,
1983-04-14,,,2366966.23,2109196.8,
1983-04-15,,,2298282.17,2085384.96,
1983-04-16,,,2264785.6,2061577.44,
1983-04-17,,,2222888.94,2037769.92,
1983-04-18,,,2265135.88,2013958.08,
1983-04-19,,,2408447.77,1990146.24,
1983-04-20,,,2311801.47,1966338.72,
1983-04-21,,,2224840.91,1942531.2,
1983-04-22,,,2194546.07,1918719.36,
1983-04-23,,,2184573.56,1894907.52,
1983-04-24,,,2154983.53,1871095.68,
1983-04-25,,,2083374.89,1847288.16,
1983-04-26,,,2090480.72,1823480.64,
1983-04-27,,,1993611.59,1799668.8,
1983-04-28,,,1981243.73,1775856.96,
1983-04-29,,,1927334.23,1752049.44,
1983-04-30,,,1894275.98,1728241.92,
1983-05-01,,,1902120.55,1704430.08,
1983-05-02,,,1909259.07,1680618.24,
1983-05-03,,,1945809.11,1656806.4,
1983-05-04,,,1932771.74,1632998.88,
1983-05-05,,,1926972.11,1609813.56,
1983-05-06,,,1860235.32,1592136.0,
1983-05-07,,,1842454.8,1575758.88,
1983-05-08,,,1858062.89,1559381.76,
1983-05-09,,,1799514.97,1543000.32,
1983-05-10,,,1691599.65,1526618.88,
1983-05-11,,,1623869.9,1510237.44,
1983-05-12,,,1632696.9,1493856.0,
1983-05-13,,,1692153.0,1477474.56,
1983-05-14,,,1713823.99,1461097.44,
1983-05-15,,,1820970.37,1444720.32,
1983-05-16,,,1783570.96,1428338.88,
1983-05-17,,,1736485.49,1411957.44,
1983-05-18,,,1686502.92,1395576.0,
1983-05-19,,,1667960.01,1379194.56,
1983-05-20,,,1621481.04,1362817.44,
1983-05-21,,,1578639.97,1346440.32,
1983-05-22,,,1550130.58,1330058.88,
1983-05-23,,,1458504.05,1313677.44,
1983-05-24,,,1434499.09,1297296.0,
1983-05-25,,,1449658.85,1280914.56,
1983-05-26,,,1462279.99,1264533.12,
1983-05-27,,,1455848.02,1248156.0,
1983-05-28,,,1426796.81,1231778.88,
1983-05-29,,,1408953.28,1215397.44,
1983-05-30,,,1401966.0,1199016.0,
1983-05-31,,,1421888.67,1182634.56,
1983-06-01,,,1305081.31,1166253.12,
1983-06-02,,,1264104.0,1149876.0,
1983-06-03,,,1346766.65,1133498.88,
1983-06-04,,,1411529.08,1117117.44,
1983-06-05,,,1393962.0,1100736.0,
1983-06-06,,,1284480.61,1084354.56,
1983-06-07,,,1236678.94,1067973.12,
1983-06-08,,,1267635.86,1051591.68,
1983-06-09,,,1148279.6,1035214.56,
1983-06-10,,,1218378.83,1018837.44,
1983-06-11,,,1258793.26,1002456.0,
1983-06-12,,,1313787.6,986074.56,
1983-06-13,,,1234725.1,969693.12,
1983-06-14,,,1190650.41,953311.68,
1983-06-15,,,1144443.77,936930.24,
1983-06-16,,,1087443.63,920553.12,
1983-06-17,,,1095851.31,904176.0,
1983-06-18,,,1109617.36,887794.56,
1983-06-19,,,1097425.86,871413.12,
1983-06-20,,,979053.19,855031.68,
1983-06-21,,,928739.75,838650.24,
1983-06-22,,,887520.13,822273.12,
1983-06-23,,,908135.82,805896.0,
1983-06-24,,,934513.47,789514.56,
1983-06-25,,,1035906.84,773133.12,
1983-06-26,,,894918.12,756751.68,
1983-06-27,,,836093.73,742777.79,
1983-06-28,,,834710.12,740599.2,
1983-06-29,,,801941.31,740007.36,
1983-06-30,,,794187.84,739415.52,
1983-07-01,,,783739.6,738819.36,
1983-07-02,,,844881.71,738223.2,
1983-07-03,,,858687.44,737627.04,
1983-07-04,,,779905.48,737035.2,
1983-07-05,,,731125.58,736443.36,
1983-07-06,,,685649.01,735847.2,
1983-07-07,,,667738.46,735251.04,
1983-07-08,,,648627.16,734659.2,
1983-07-09,,,690162.74,734067.36,
1983-07-10,,,698680.04,733471.2,
1983-07-11,,,621471.89,732875.04,
1983-07-12,,,611987.26,732283.2,
1983-07-13,,,640553.84,731691.36,
1983-07-14,,,633085.2,731095.2,
1983-07-15,,,641429.19,730499.04,
1983-07-16,,,697385.78,729907.2,
1983-07-17,,,722827.07,729315.36,
1983-07-18,,,623900.41,728719.2,
1983-07-19,,,597404.84,728123.04,
1983-07-20,,,602345.13,727531.2,
1983-07-21,,,613076.07,726939.36,
1983-07-22,,,626584.04,726343.2,
1983-07-23,,,719030.16,725747.04,
1983-07-24,,,730424.51,725256.0,
1983-07-25,,,641532.73,725116.32,
1983-07-26,,,673999.53,725004.0,
1983-07-27,,,668165.24,724896.0,
1983-07-28,,,701708.15,724788.0,
1983-07-29,,,664413.42,724675.68,
1983-07-30,,,668508.13,724567.68,
1983-07-31,,,659617.46,724459.68,
1983-08-01,,,626823.0,724347.36,
1983-08-02,,,630772.61,724239.36,
1983-08-03,,,625271.32,724131.36,
1983-08-04,,,622395.44,724019.04,
1983-08-05,,,653573.66,723911.04,
1983-08-06,,,779968.17,723803.04,
1983-08-07,,,774105.77,723690.72,
1983-08-08,,,664780.82,723582.72,
1983-08-09,,,659896.12,723474.72,
1983-08-10,,,644958.23,723362.4,
1983-08-11,,,601791.91,723254.4,
1983-08-12,,,620777.81,723146.4,
1983-08-13,,,657369.47,723034.08,
1983-08-14,,,682536.92,722926.08,
1983-08-15,,,614240.14,722818.08,
1983-08-16,,,610961.9,722705.76,
1983-08-17,,,637682.11,722597.76,
1983-08-18,,,600189.21,722489.76,
1983-08-19,,,619495.04,722377.44,
1983-08-20,,,748035.3,722269.44,
1983-08-21,,,720041.97,722161.44,
1983-08-22,,,678999.32,722049.12,
1983-08-23,,,669461.0,721941.12,
1983-08-24,,,647422.04,721833.12,
1983-08-25,,,645236.15,721720.8,
1983-08-26,,,666504.91,721612.8,
1983-08-27,,,748325.68,721504.8,
1983-08-28,,,793251.55,721392.48,
1983-08-29,,,706032.59,721284.48,
1983-08-30,,,696918.77,721176.48,
1983-08-31,,,705152.5,721064.16,
1983-09-01,,,700284.96,720956.16,
1983-09-02,,,742144.75,720848.16,
1983-09-03,,,882152.44,720735.84,
1983-09-04,,,819605.29,720627.84,
1983-09-05,,,803570.49,720519.84,
1983-09-06,,,853755.24,720407.52,
1983-09-07,,,821141.99,720295.2,
1983-09-08,,,888402.7,720187.2,
1983-09-09,,,968442.76,720079.2,
1983-09-10,,,1053545.28,719966.88,
1983-09-11,,,969989.38,719858.88,
1983-09-12,,,933184.25,719750.88,
1983-09-13,,,973259.49,719638.56,
1983-09-14,,,1000504.37,719530.56,
1983-09-15,,,1034857.76,719422.56,
1983-09-16,,,1078458.48,719310.24,
1983-09-17,,,1190791.1,719202.24,
1983-09-18,,,1214133.79,719094.24,
1983-09-19,,,1065457.25,718981.92,
1983-09-20,,,951728.48,718873.92,
1983-09-21,,,988483.73,718765.92,
1983-09-22,,,996621.34,718653.6,
1983-09-23,,,991307.3,718545.6,
1983-09-24,,,991955.42,718437.6,
1983-09-25,,,1002276.96,718325.28,
1983-09-26,,,1016510.74,718217.28,
1983-09-27,,,1014043.81,718109.28,
1983-09-28,,,1016142.52,717996.96,
1983-09-29,,,1014143.47,717888.96,
1983-09-30,,,1002240.0,717780.96,
1983-10-01,,,1007579.52,713102.4,
1983-10-02,,,1018258.56,706320.0,
1983-10-03,,,1027185.84,701568.0,
1983-10-04,,,1028160.0,696816.0,
1983-10-05,,,1028160.0,692064.0,
1983-10-06,,,1028160.0,687312.0,
1983-10-07,,,1028160.0,682560.0,
1983-10-08,,,1028160.0,677808.0,
1983-10-09,,,1028160.0,672239.52,
1983-10-10,,,1028160.0,666203.52,
1983-10-11,,,1028160.0,665280.0,
1983-10-12,,,1028160.0,665280.0,
1983-10-13,,,1028160.0,656119.22,
1983-10-14,,,1028160.0,665893.44,
1983-10-15,,,1028160.0,707923.06,
1983-10-16,,,1028160.0,715214.3,
1983-10-17,,,1028160.0,696436.29,
1983-10-18,,,1028160.0,669044.12,
1983-10-19,,,1028160.0,642725.48,
1983-10-20,,,1023840.0,668175.35,
1983-10-21,,,1046680.52,679489.51,
1983-10-22,,,1084184.36,688002.0,
1983-10-23,,,1020699.14,701907.0,
1983-10-24,,,1086782.69,644539.68,
1983-10-25,,,915618.38,654899.04,
1983-10-26,,,942061.22,654934.0,
1983-10-27,,,1032053.76,662297.66,
1983-10-28,,,925144.73,665280.0,
1983-10-29,,,961798.61,665280.0,
1983-10-30,,,823935.3,692653.5,
1983-10-31,,,866716.53,725760.0,
1983-11-01,,,1023002.33,702072.0,
1983-11-02,,,1016884.4,658603.23,
1983-11-03,,,1054081.62,667582.62,
1983-11-04,,,978513.08,646995.16,
1983-11-05,,,966108.42,653053.16,
1983-11-06,,,982888.38,653724.0,
1983-11-07,,,920050.11,634276.66,
1983-11-08,,,943709.13,620536.09,
1983-11-09,,,922865.27,631350.26,
1983-11-10,,,915352.77,661844.37,
1983-11-11,,,859426.65,660748.36,
1983-11-12,,,913070.97,730471.7,
1983-11-13,,,1563146.81,1001884.33,
1983-11-14,,,1360997.59,878860.5,
1983-11-15,,,1226527.09,840224.22,
1983-11-16,,,1195686.31,796811.22,
1983-11-17,,,1165273.46,784980.0,
1983-11-18,,,1194595.99,752842.08,
1983-11-19,,,1189809.63,746526.24,
1983-11-20,,,1115648.9,740210.4,
1983-11-21,,,1141513.81,733894.56,
1983-11-22,,,1164721.61,727578.72,
1983-11-23,,,1088350.46,721262.88,
1983-11-24,,,1049555.8,714947.04,
1983-11-25,,,1026863.19,708631.2,
1983-11-26,,,1038997.4,702315.36,
1983-11-27,,,1042581.78,697336.89,
1983-11-28,,,994462.16,703425.6,
1983-11-29,,,996057.56,711983.52,
1983-11-30,,,946718.22,720545.76,
1983-12-01,,,923828.23,729103.68,
1983-12-02,,,905076.86,737661.6,
1983-12-03,,,908019.99,746223.84,
1983-12-04,,,912323.24,754781.76,
1983-12-05,,,898276.26,763339.68,
1983-12-06,,,895726.22,771901.92,
1983-12-07,,,881086.39,780459.84,
1983-12-08,,,892729.26,789017.76,
1983-12-09,,,907746.22,797580.0,
1983-12-10,,,921872.82,806137.92,
1983-12-11,,,1013857.31,811082.34,
1983-12-12,,,1092403.37,764817.12,
1983-12-13,,,1020772.64,750146.4,
1983-12-14,,,1012482.79,744292.8,
1983-12-15,,,981183.09,738439.2,
1983-12-16,,,941972.34,732589.92,
1983-12-17,,,900363.78,726736.32,
1983-12-18,,,900489.68,720882.72,
1983-12-19,,,912951.77,715029.12,
1983-12-20,,,907082.82,709175.52,
1983-12-21,,,972045.6,703326.24,
1983-12-22,,,938024.77,697472.64,
1983-12-23,,,936334.52,691619.04,
1983-12-24,,,897156.89,685765.44,
1983-12-25,,,892493.51,679911.84,
1983-12-26,,,877509.32,674058.24,
1983-12-27,,,879820.79,668204.64,
1983-12-28,,,906640.11,665280.0,
1983-12-29,,,923927.0,665280.0,
1983-12-30,,,930266.72,656364.97,
1983-12-31,,,933262.63,665089.92,
1984-01-01,,,950655.96,699115.66,
1984-01-02,,,956231.6,672645.6,
1984-01-03,,,885072.04,639380.87,
1984-01-04,,,897271.12,639360.0,
1984-01-05,,,969288.21,651722.38,
1984-01-06,,,973438.34,641045.16,
1984-01-07,,,927137.21,614213.28,
1984-01-08,,,894146.72,596485.19,
1984-01-09,,,900359.42,631089.0,
1984-01-10,,,964705.02,657628.5,
1984-01-11,,,941059.16,665280.0,
1984-01-12,,,934117.51,651447.0,
1984-01-13,,,903042.73,640049.64,
1984-01-14,,,923661.0,669494.6,
1984-01-15,,,946862.97,674238.58,
1984-01-16,,,960298.49,688305.68,
1984-01-17,,,965882.34,700747.44,
1984-01-18,,,1913533.02,1784693.95,
1984-01-19,,,1885073.51,1324564.76,
1984-01-20,,,1361780.09,1017804.83,
1984-01-21,,,1224166.92,844419.82,
1984-01-22,,,1220708.41,898676.64,
1984-01-23,,,1192395.71,847842.35,
1984-01-24,,,1171352.76,858627.0,
1984-01-25,,,1215502.2,907200.0,
1984-01-26,,,1252296.0,907830.0,
1984-01-27,,,1781016.89,1734714.0,
1984-01-28,,,2791824.92,2233962.0,
1984-01-29,,,2021329.0,1547208.0,
1984-01-30,,,1684632.71,1369008.0,
1984-01-31,,,1569624.07,1278720.0,
1984-02-01,,,1486621.6,1233360.0,
1984-02-02,,,1480725.02,1179360.0,
1984-02-03,,,1470378.12,1140480.0,
1984-02-04,,,1434645.45,1088640.0,
1984-02-05,,,1382838.0,1071360.0,
1984-02-06,,,1396948.14,1088640.0,
1984-02-07,,,1409715.2,1178863.92,
1984-02-08,,,3649446.89,4595894.63,
1984-02-09,,,3377730.65,2678281.06,
1984-02-10,,,2630846.81,2158230.7,
1984-02-11,,,2319866.43,1917650.05,
1984-02-12,,,2131375.83,1752264.57,
1984-02-13,,,2023716.44,1743497.91,
1984-02-14,,,2423545.46,2010256.52,
1984-02-15,,,2053883.25,1713660.54,
1984-02-16,,,1912281.26,1577136.6,
1984-02-17,,,1791982.37,1462890.24,
1984-02-18,,,1740843.9,1393494.3,
1984-02-19,,,1705704.62,1344755.52,
1984-02-20,,,1665995.94,1300075.1,
1984-02-21,,,1635445.82,1266814.08,
1984-02-22,,,1559707.16,1233667.3,
1984-02-23,,,1535589.67,1192284.0,
1984-02-24,,,1517970.25,1175040.0,
1984-02-25,,,1489834.1,1175040.0,
1984-02-26,,,1466589.07,1168267.57,
1984-02-27,,,1409537.29,1140405.75,
1984-02-28,,,1382173.51,1126251.76,
1984-02-29,,,1407219.7,1117408.1,
1984-03-01,,,1423997.21,1175028.9,
1984-03-02,,,1365431.34,1112867.22,
1984-03-03,,,1326134.09,1088248.14,
1984-03-04,,,1285027.91,1059641.42,
1984-03-05,,,1229025.49,1042997.88,
1984-03-06,,,1203881.04,1040256.0,
1984-03-07,,,1211627.99,1020084.0,
1984-03-08,,,1127386.88,1002240.0,
1984-03-09,,,1149132.26,1024380.0,
1984-03-10,,,1156847.03,1025947.08,
1984-03-11,,,1134208.5,1003312.06,
1984-03-12,,,1214371.47,994137.28,
1984-03-13,,,1355551.11,1193655.29,
1984-03-14,,,1908924.42,1645616.14,
1984-03-15,,,3034015.32,2719255.98,
1984-03-16,,,2667967.26,2009849.61,
1984-03-17,,,2321303.32,1800912.38,
1984-03-18,,,2918957.18,2582298.6,
1984-03-19,,,4107238.69,3267616.39,
1984-03-20,,,3126698.07,2381241.09,
1984-03-21,,,2718160.62,2121851.28,
1984-03-22,,,2446816.15,1964900.8,
1984-03-23,,,2678467.5,2413480.01,
1984-03-24,,,3351521.81,2938023.42,
1984-03-25,,,2995710.44,2519926.34,
1984-03-26,,,2930315.83,2625647.24,
1984-03-27,,,3353702.72,2780551.44,
1984-03-28,,,3007572.34,2450464.7,
1984-03-29,,,2818510.79,2299449.63,
1984-03-30,,,2626730.85,2197191.17,
1984-03-31,,,2463410.11,2087794.91,
1984-04-01,,,2415318.99,2012324.93,
1984-04-02,,,2331998.45,1983480.3,
1984-04-03,,,2229595.51,1869946.84,
1984-04-04,,,2157499.09,1790186.55,
1984-04-05,,,2063795.49,1704749.62,
1984-04-06,,,1995509.63,1677117.6,
1984-04-07,,,1915087.28,1630645.8,
1984-04-08,,,1853217.23,1579983.49,
1984-04-09,,,1919102.98,1604318.69,
1984-04-10,,,2144840.48,1634412.35,
1984-04-11,,,1994197.86,1682201.5,
1984-04-12,,,2000614.95,1644511.15,
1984-04-13,,,1969001.25,1592987.36,
1984-04-14,,,1914482.61,1545032.99,
1984-04-15,,,1966361.81,1508998.8,
1984-04-16,,,5308821.86,4617881.4,
1984-04-17,,,4570131.24,4164473.77,
1984-04-18,,,3488653.39,3157287.64,
1984-04-19,,,3272387.76,2803529.85,
1984-04-20,,,3020573.98,2536003.72,
1984-04-21,,,2827653.96,2428950.29,
1984-04-22,,,2689157.65,2290077.01,
1984-04-23,,,2550730.47,2188311.2,
1984-04-24,,,2587992.32,2212053.61,
1984-04-25,,,2579358.28,2148549.91,
1984-04-26,,,2439197.75,2030797.99,
1984-04-27,,,2335367.85,1968258.53,
1984-04-28,,,2290141.94,1903678.46,
1984-04-29,,,2239354.65,1839213.95,
1984-04-30,,,2184576.15,1774024.63,
1984-05-01,,,2128289.4,1749210.43,
1984-05-02,,,2016736.63,1692568.8,
1984-05-03,,,1867507.12,1624544.1,
1984-05-04,,,1916264.03,1605658.5,
1984-05-05,,,1942801.6,1594719.3,
1984-05-06,,,1850749.71,1539380.5,
1984-05-07,,,1832336.64,1517869.77,
1984-05-08,,,1806006.24,1491520.79,
1984-05-09,,,1779675.84,1453812.6,
1984-05-10,,,1753345.44,1416092.36,
1984-05-11,,,1727015.04,1366808.02,
1984-05-12,,,1700680.32,1322058.37,
1984-05-13,,,1674349.92,1257391.32,
1984-05-14,,,1648019.52,1234899.24,
1984-05-15,,,1621689.12,1231754.19,
1984-05-16,,,1595358.72,1208336.75,
1984-05-17,,,1569028.32,1163653.3,
1984-05-18,,,1542697.92,1139867.97,
1984-05-19,,,1516363.2,1154285.4,
1984-05-20,,,1490032.8,1142127.64,
1984-05-21,,,1463702.4,1148077.76,
1984-05-22,,,1437372.0,1139382.72,
1984-05-23,,,1411041.6,1146996.0,
1984-05-24,,,1384706.88,1177692.83,
1984-05-25,,,1358376.48,1144978.78,
1984-05-26,,,1332046.08,1101906.44,
1984-05-27,,,1305715.68,1096337.24,
1984-05-28,,,1279385.28,1043112.0,
1984-05-29,,,1253054.88,1019736.0,
1984-05-30,,,1226724.48,1017882.41,
1984-05-31,,,1200389.76,995425.97,
1984-06-01,,,1174059.36,1008999.91,
1984-06-02,,,1147728.96,1014652.67,
1984-06-03,,,1121398.56,965390.31,
1984-06-04,,,1095068.16,968314.5,
1984-06-05,,,1074384.0,998180.28,
1984-06-06,,,1139208.9,1008747.48,
1984-06-07,,,1096681.5,1005846.93,
1984-06-08,,,1286133.11,984251.52,
1984-06-09,,,1258761.6,966127.5,
1984-06-10,,,1218844.8,972844.5,
1984-06-11,,,1178928.0,918447.0,
1984-06-12,,,1139015.52,973442.24,
1984-06-13,,,1099103.04,970794.59,
1984-06-14,,,1059186.24,992654.28,
1984-06-15,,,1019269.44,895461.0,
1984-06-16,,,979352.64,879995.37,
1984-06-17,,,939435.84,820689.42,
1984-06-18,,,899519.04,744918.0,
1984-06-19,,,859602.24,746851.15,
1984-06-20,,,817804.96,714216.86,
1984-06-21,,,781545.27,730441.9,
1984-06-22,,,734792.21,706257.34,
1984-06-23,,,725459.1,733427.96,
1984-06-24,,,782773.61,722955.14,
1984-06-25,,,692526.32,694386.73,
1984-06-26,,,660782.12,656410.52,
1984-06-27,,,719639.06,660382.43,
1984-06-28,,,646074.49,677646.0,
1984-06-29,,,626800.45,696699.0,
1984-06-30,,,680088.73,719080.5,
1984-07-01,,,679056.36,703183.26,
1984-07-02,,,553208.51,606208.67,
1984-07-03,,,593733.99,635000.15,
1984-07-04,,,587847.88,600664.95,
1984-07-05,,,554243.21,599148.32,
1984-07-06,,,547148.13,589474.68,
1984-07-07,,,617757.8,646670.85,
1984-07-08,,,651400.78,619329.56,
1984-07-09,,,550637.1,575153.17,
1984-07-10,,,591909.12,568989.21,
1984-07-11,,,593779.68,569030.85,
1984-07-12,,,595650.24,550309.5,
1984-07-13,,,597520.8,556609.5,
1984-07-14,,,599391.36,574056.0,
1984-07-15,,,601261.92,573732.0,
1984-07-16,,,603132.48,523368.0,
1984-07-17,,,605003.04,533386.46,
1984-07-18,,,606873.6,531737.66,
1984-07-19,,,608744.16,543267.0,
1984-07-20,,,610614.72,534452.79,
1984-07-21,,,612485.28,531275.49,
1984-07-22,,,614355.84,614804.47,
1984-07-23,,,616222.08,556024.9,
1984-07-24,,,618092.64,535361.35,
1984-07-25,,,619963.2,549662.46,
1984-07-26,,,621833.76,535790.1,
1984-07-27,,,623704.32,529913.11,
1984-07-28,,,625574.88,593710.15,
1984-07-29,,,602583.38,582589.24,
1984-07-30,,,522953.5,531694.57,
1984-07-31,,,487852.24,490243.33,
1984-08-01,,,512006.01,516452.35,
1984-08-02,,,545343.82,517905.0,
1984-08-03,,,549025.33,512954.18,
1984-08-04,,,586385.41,542069.03,
1984-08-05,,,603969.83,549446.95,
1984-08-06,,,547543.29,501834.92,
1984-08-07,,,535217.9,500121.65,
1984-08-08,,,506048.62,466915.91,
1984-08-09,,,506877.65,449446.13,
1984-08-10,,,504833.2,500454.0,
1984-08-11,,,571670.62,529551.0,
1984-08-12,,,616616.26,543312.0,
1984-08-13,,,546867.89,516222.0,
1984-08-14,,,550043.73,510992.1,
1984-08-15,,,587449.86,536571.53,
1984-08-16,,,542506.61,493776.0,
1984-08-17,,,548813.49,479968.04,
1984-08-18,,,630163.65,540506.23,
1984-08-19,,,611218.66,521550.0,
1984-08-20,,,588798.08,521361.0,
1984-08-21,,,663505.08,588510.0,
1984-08-22,,,672558.94,531855.0,
1984-08-23,,,626294.5,518051.58,
1984-08-24,,,648043.03,536622.23,
1984-08-25,,,735209.65,569313.0,
1984-08-26,,,752206.18,599094.0,
1984-08-27,,,694632.43,531600.07,
1984-08-28,,,685107.92,555141.43,
1984-08-29,,,719112.61,562972.91,
1984-08-30,,,712391.65,547542.19,
1984-08-31,,,711562.35,540770.03,
1984-09-01,,,732646.21,556889.82,
1984-09-02,,,686675.89,541117.95,
1984-09-03,,,612405.52,549820.99,
1984-09-04,,,647311.17,603984.39,
1984-09-05,,,722598.5,643125.58,
1984-09-06,,,796810.42,627044.5,
1984-09-07,,,774131.93,622422.96,
1984-09-08,,,825406.85,621495.0,
1984-09-09,,,857410.9,685399.24,
1984-09-10,,,836510.4,652012.48,
1984-09-11,,,782786.4,613174.68,
1984-09-12,,,796257.11,620102.82,
1984-09-13,,,820988.58,624766.9,
1984-09-14,,,826601.72,656749.2,
1984-09-15,,,867414.05,674214.7,
1984-09-16,,,868852.51,672308.74,
1984-09-17,,,769904.24,661083.16,
1984-09-18,,,771628.11,669502.5,
1984-09-19,,,794795.75,680895.0,
1984-09-20,,,802327.57,672483.0,
1984-09-21,,,827244.96,710752.5,
1984-09-22,,,897551.46,710770.13,
1984-09-23,,,765385.95,536410.58,
1984-09-24,,,711597.83,611239.5,
1984-09-25,,,766625.1,640492.5,
1984-09-26,,,740686.08,608229.0,
1984-09-27,,,755268.54,617493.0,
1984-09-28,,,783277.14,639744.0,
1984-09-29,,,800025.93,633592.68,
1984-09-30,,,823068.48,574567.16,
1984-10-01,,,782507.13,657920.53,
1984-10-02,,,820637.96,631526.33,
1984-10-03,,,800060.08,638739.22,
1984-10-04,,,761091.95,624421.82,
1984-10-05,,,766316.6,636822.43,
1984-10-06,,,865707.22,669660.87,
1984-10-07,,,848906.8,659085.22,
1984-10-08,,,827016.77,566938.49,
1984-10-09,,,712703.51,479732.79,
1984-10-10,,,839168.78,620574.78,
1984-10-11,,,911530.03,605767.16,
1984-10-12,,,834476.52,576230.7,
1984-10-13,,,882232.23,608092.66,
1984-10-14,,,846667.62,525197.98,
1984-10-15,,,837206.75,631094.56,
1984-10-16,,,847133.44,641354.22,
1984-10-17,,,1021170.63,788203.43,
1984-10-18,,,1313214.38,1027269.3,
1984-10-19,,,1247457.33,899394.14,
1984-10-20,,,1048187.6,797990.93,
1984-10-21,,,1067804.3,776892.69,
1984-10-22,,,1029603.93,706655.64,
1984-10-23,,,1014680.8,802919.95,
1984-10-24,,,953944.5,766169.53,
1984-10-25,,,1017178.8,787132.44,
1984-10-26,,,845164.38,716547.8,
1984-10-27,,,838066.93,581459.64,
1984-10-28,,,885908.29,638712.88,
1984-10-29,,,896497.42,780498.19,
1984-10-30,,,890370.87,706449.63,
1984-10-31,,,844908.87,716320.09,
1984-11-01,,,864905.11,686300.51,
1984-11-02,,,848073.38,673762.76,
1984-11-03,,,900350.86,653506.04,
1984-11-04,,,798699.32,605632.79,
1984-11-05,,,806109.82,643680.0,
1984-11-06,,,840976.23,636975.85,
1984-11-07,,,863603.88,713347.53,
1984-11-08,,,850903.49,700686.71,
1984-11-09,,,825765.65,685363.32,
1984-11-10,,,797412.41,667854.26,
1984-11-11,,,773696.24,672784.92,
1984-11-12,,,783300.6,659697.55,
1984-11-13,,,788292.6,698350.1,
1984-11-14,,,774625.5,618368.05,
1984-11-15,,,788860.8,658572.63,
1984-11-16,,,818965.37,726328.37,
1984-11-17,,,989189.56,818675.55,
1984-11-18,,,1022039.3,794653.56,
1984-11-19,,,899777.81,702327.92,
1984-11-20,,,914231.4,696234.72,
1984-11-21,,,865747.8,694917.77,
1984-11-22,,,879725.22,674397.8,
1984-11-23,,,884128.6,695049.67,
1984-11-24,,,927011.96,721031.12,
1984-11-25,,,889996.49,675582.44,
1984-11-26,,,906309.34,615092.16,
1984-11-27,,,887865.61,634072.34,
1984-11-28,,,794590.98,659809.15,
1984-11-29,,,823822.53,647158.7,
1984-11-30,,,853596.79,626672.95,
1984-12-01,,,816076.29,617155.2,
1984-12-02,,,775279.82,708334.62,
1984-12-03,,,869330.72,643680.0,
1984-12-04,,,725826.03,632942.56,
1984-12-05,,,785484.34,695995.33,
1984-12-06,,,751620.59,622884.13,
1984-12-07,,,785309.67,730236.15,
1984-12-08,,,748615.73,648713.82,
1984-12-09,,,832894.49,634175.28,
1984-12-10,,,853132.63,710712.03,
1984-12-11,,,828422.37,713249.28,
1984-12-12,,,893153.65,680145.66,
1984-12-13,,,1430391.36,1173843.46,
1984-12-14,,,1771464.46,1355590.62,
1984-12-15,,,1409293.19,1136670.38,
1984-12-16,,,1169628.56,922806.74,
1984-12-17,,,1117427.89,862920.69,
1984-12-18,,,994863.42,899869.2,
1984-12-19,,,1104941.52,866505.9,
1984-12-20,,,1095183.14,912574.95,
1984-12-21,,,1055377.5,854384.29,
1984-12-22,,,1033503.87,905835.97,
1984-12-23,,,1043580.92,851421.9,
1984-12-24,,,1001161.19,946675.46,
1984-12-25,,,951546.85,860739.89,
1984-12-26,,,882185.24,768031.18,
1984-12-27,,,990964.8,868280.08,
1984-12-28,,,980118.2,802335.15,
1984-12-29,,,950561.67,855151.2,
1984-12-30,,,943906.91,820087.47,
1984-12-31,,,891448.09,723569.58,
1985-01-01,,,884744.98,804950.25,
1985-01-02,,,950455.84,882144.0,
1985-01-03,,,1073114.33,829193.4,
1985-01-04,,,1023276.38,867840.3,
1985-01-05,,,892276.42,693008.1,
1985-01-06,,,1007369.76,822528.0,
1985-01-07,,,929620.72,724714.71,
1985-01-08,,,987795.58,786848.88,
1985-01-09,,,843561.85,761477.8,
1985-01-10,,,1011443.87,822585.68,
1985-01-11,,,1031531.63,815960.76,
1985-01-12,,,990053.96,775502.96,
1985-01-13,,,1051296.62,753141.6,
1985-01-14,,,1000682.95,847365.6,
1985-01-15,,,967041.18,749393.37,
1985-01-16,,,952798.82,823879.86,
1985-01-17,,,1028628.34,817541.8,
1985-01-18,,,1049540.29,792295.65,
1985-01-19,,,1079425.58,834627.15,
1985-01-20,,,1124992.19,881481.6,
1985-01-21,,,1203118.95,1017617.5,
1985-01-22,,,1303722.0,1088512.97,
1985-01-23,,,1310962.05,1111678.03,
1985-01-24,,,1267430.55,1080568.34,
1985-01-25,,,1278720.0,1103733.63,
1985-01-26,,,1260070.78,1059482.26,
1985-01-27,,,1151472.3,896016.45,
1985-01-28,,,1144898.78,1018508.89,
1985-01-29,,,1147009.28,957961.49,
1985-01-30,,,1177415.75,1040801.63,
1985-01-31,,,1599483.77,1481087.35,
1985-02-01,,,2310192.76,2343961.11,
1985-02-02,,,4619749.04,3924576.0,
1985-02-03,,,6015070.31,4652322.2,
1985-02-04,,,6291269.45,5449012.32,
1985-02-05,,,5643698.17,5540410.2,
1985-02-06,,,4996126.89,3576115.62,
1985-02-07,,,3981904.43,3032028.02,
1985-02-08,,,3522524.27,2743515.76,
1985-02-09,,,3142939.38,2445489.28,
1985-02-10,,,2806504.17,2263292.51,
1985-02-11,,,2543416.88,2160098.41,
1985-02-12,,,2466798.44,2029650.81,
1985-02-13,,,2370443.48,1883133.04,
1985-02-14,,,2211371.58,1713351.88,
1985-02-15,,,2752372.36,2579704.64,
1985-02-16,,,3592065.08,2915485.51,
1985-02-17,,,4215624.32,3960802.69,
1985-02-18,,,4430007.17,3146647.26,
1985-02-19,,,3385916.57,2700895.35,
1985-02-20,,,3047933.2,2551391.58,
1985-02-21,,,3498197.07,2935937.4,
1985-02-22,,,3164354.1,2609469.0,
1985-02-23,,,2868900.01,2344264.57,
1985-02-24,,,2798311.9,2231879.12,
1985-02-25,,,2792918.88,2402908.02,
1985-02-26,,,3249598.89,2681429.71,
1985-02-27,,,3040407.31,2398100.03,
1985-02-28,,,2704269.36,2179988.02,
1985-03-01,,,2642996.58,2140818.88,
1985-03-02,,,2550223.51,2060394.93,
1985-03-03,,,2431503.9,1984083.0,
1985-03-04,,,2352372.4,1990970.27,
1985-03-05,,,2324725.54,1945904.54,
1985-03-06,,,2211240.28,1838865.54,
1985-03-07,,,2155803.31,1794154.5,
1985-03-08,,,2095449.34,1732627.04,
1985-03-09,,,2092294.82,1741068.75,
1985-03-10,,,2062012.66,1685884.93,
1985-03-11,,,1976980.55,1626904.02,
1985-03-12,,,1944404.35,1624400.4,
1985-03-13,,,1870142.36,1598400.0,
1985-03-14,,,1819849.24,1579258.8,
1985-03-15,,,1810827.41,1564704.0,
1985-03-16,,,1824851.53,1561108.0,
1985-03-17,,,1810930.36,1531363.47,
1985-03-18,,,1774548.6,1510217.1,
1985-03-19,,,1773436.18,1497312.0,
1985-03-20,,,1720075.96,1494871.02,
1985-03-21,,,1662860.92,1400756.61,
1985-03-22,,,1640700.0,1393406.01,
1985-03-23,,,1664790.48,1395459.1,
1985-03-24,,,1682289.86,1417827.57,
1985-03-25,,,1716063.73,1457991.63,
1985-03-26,,,1661715.54,1398058.65,
1985-03-27,,,1643565.11,1362954.99,
1985-03-28,,,1689980.31,1402453.76,
1985-03-29,,,1691344.44,1433934.55,
1985-03-30,,,1649104.2,1384160.38,
1985-03-31,,,1582592.19,1340672.08,
1985-04-01,,,1518273.71,1328832.0,
1985-04-02,,,1531455.41,1375082.1,
1985-04-03,,,1503438.71,1347408.37,
1985-04-04,,,1488519.78,1313456.82,
1985-04-05,,,1464822.05,1278186.61,
1985-04-06,,,1523879.57,1295136.0,
1985-04-07,,,1522651.01,1275592.2,
1985-04-08,,,1337100.14,1147921.2,
1985-04-09,,,1379409.08,1230528.6,
1985-04-10,,,1382276.57,1184638.05,
1985-04-11,,,1339791.23,1153452.23,
1985-04-12,,,1375727.8,1168253.1,
1985-04-13,,,1342919.51,1129954.26,
1985-04-14,,,1372842.0,1183007.4,
1985-04-15,,,1282722.18,1112217.96,
1985-04-16,,,1358928.55,1129676.17,
1985-04-17,,,1220570.9,1056930.69,
1985-04-18,,,1326932.86,1083654.12,
1985-04-19,,,1289109.6,1066024.5,
1985-04-20,,,1277456.46,1086812.31,
1985-04-21,,,1316062.51,1068753.41,
1985-04-22,,,1259934.0,1075438.53,
1985-04-23,,,1402302.41,1233072.5,
1985-04-24,,,1286802.62,1203360.82,
1985-04-25,,,1274324.42,1177562.88,
1985-04-26,,,1308964.91,1138828.5,
1985-04-27,,,1232002.58,1165436.1,
1985-04-28,,,1313391.34,1120865.11,
1985-04-29,,,1258173.08,1032004.58,
1985-04-30,,,1244944.47,1013343.68,
1985-05-01,,,1312596.9,1043552.47,
1985-05-02,,,1250826.85,1026255.16,
1985-05-03,,,1331681.34,1071797.09,
1985-05-04,,,1297176.11,1033002.0,
1985-05-05,,,1264784.94,1027740.6,
1985-05-06,,,1257534.79,1018242.39,
1985-05-07,,,1230945.4,1034468.53,
1985-05-08,,,1221039.57,1034340.38,
1985-05-09,,,1174262.81,1021058.4,
1985-05-10,,,1185729.91,998081.4,
1985-05-11,,,1224192.94,1019548.8,
1985-05-12,,,1198056.1,990566.7,
1985-05-13,,,1155462.15,968659.35,
1985-05-14,,,1138879.76,972239.4,
1985-05-15,,,1126113.75,953153.7,
1985-05-16,,,1107646.48,943470.68,
1985-05-17,,,1074100.86,927389.63,
1985-05-18,,,1096468.86,945332.76,
1985-05-19,,,1120322.95,914659.69,
1985-05-20,,,1060906.5,916158.86,
1985-05-21,,,1016821.22,884027.7,
1985-05-22,,,934920.63,878919.0,
1985-05-23,,,998351.87,914058.3,
1985-05-24,,,945220.64,869703.3,
1985-05-25,,,946036.37,865894.5,
1985-05-26,,,981444.55,908204.7,
1985-05-27,,,959454.36,873015.3,
1985-05-28,,,864906.53,815467.5,
1985-05-29,,,904692.29,821510.55,
1985-05-30,,,888587.34,840668.09,
1985-05-31,,,837910.08,704184.55,
1985-06-01,,,903732.23,778537.37,
1985-06-02,,,931190.58,788069.54,
1985-06-03,,,766847.09,736204.17,
1985-06-04,,,766267.13,733633.23,
1985-06-05,,,744408.8,724868.85,
1985-06-06,,,689254.17,643219.5,
1985-06-07,,,143196.0,697170.69,
1985-06-08,,,856744.7,742360.71,
1985-06-09,,,807441.89,706356.39,
1985-06-10,,,737504.84,718938.81,
1985-06-11,,,731326.75,664534.71,
1985-06-12,,,658626.78,606979.86,
1985-06-13,,,573429.15,545915.03,
1985-06-14,,,584420.18,518522.34,
1985-06-15,,,536518.72,518195.22,
1985-06-16,,,626912.01,603188.64,
1985-06-17,,,561930.43,566876.86,
1985-06-18,,,565076.58,563704.54,
1985-06-19,,,632482.23,528804.51,
1985-06-20,,,525028.44,526343.13,
1985-06-21,,,537668.24,539307.81,
1985-06-22,,,509127.36,468283.18,
1985-06-23,,,559284.61,564045.94,
1985-06-24,,,480752.23,513340.17,
1985-06-25,,,441153.3,514049.25,
1985-06-26,,,463994.93,529936.5,
1985-06-27,,,415482.08,507804.87,
1985-06-28,,,417762.3,522089.58,
1985-06-29,,,410563.78,482653.01,
1985-06-30,,,457045.2,518735.1,
1985-07-01,,,463636.94,540720.65,
1985-07-02,,,411811.34,517805.35,
1985-07-03,,,366403.17,541870.05,
1985-07-04,,,402831.86,540960.87,
1985-07-05,,,418239.17,532091.64,
1985-07-06,,,447475.03,521601.45,
1985-07-07,,,488923.96,455501.28,
1985-07-08,,,478931.76,444566.06,
1985-07-09,,,423741.02,436734.18,
1985-07-10,,,431282.67,411569.58,
1985-07-11,,,403768.06,384827.17,
1985-07-12,,,367269.71,369111.75,
1985-07-13,,,434889.64,397824.02,
1985-07-14,,,435969.22,384327.18,
1985-07-15,,,393103.47,361811.25,
1985-07-16,,,360001.5,367983.61,
1985-07-17,,,308773.29,354982.42,
1985-07-18,,,289367.47,370634.5,
1985-07-19,,,298708.67,370168.34,
1985-07-20,,,361703.77,369956.52,
1985-07-21,,,367747.15,367029.57,
1985-07-22,,,545192.1,372989.5,
1985-07-23,,,500982.31,367337.54,
1985-07-24,,,487606.77,357488.74,
1985-07-25,,,478569.53,362681.97,
1985-07-26,,,466638.55,345584.84,
1985-07-27,,,500336.46,358560.86,
1985-07-28,,,514954.8,352394.32,
1985-07-29,,,455730.97,325367.7,
1985-07-30,,,429804.0,327899.16,
1985-07-31,,,425128.85,331799.04,
1985-08-01,,,442244.43,333115.56,
1985-08-02,,,479699.27,321730.25,
1985-08-03,,,507519.14,339376.58,
1985-08-04,,,487718.81,349194.24,
1985-08-05,,,439547.53,332722.34,
1985-08-06,,,449727.59,336474.77,
1985-08-07,,,484237.9,329772.72,
1985-08-08,,,481811.16,345548.25,
1985-08-09,,,503121.04,346521.45,
1985-08-10,,,572624.95,355926.94,
1985-08-11,,,605903.85,392011.11,
1985-08-12,,,546458.66,367127.41,
1985-08-13,,,557993.07,353629.08,
1985-08-14,,,533067.98,343064.64,
1985-08-15,,,606257.58,323267.97,
1985-08-16,,,672786.97,335374.11,
1985-08-17,,,647648.24,354120.3,
1985-08-18,,,685129.12,370206.12,
1985-08-19,,,660410.76,427735.98,
1985-08-20,,,675570.61,482182.98,
1985-08-21,,,659149.55,441509.4,
1985-08-22,,,579128.03,467259.67,
1985-08-23,,,609133.6,447076.63,
1985-08-24,,,536829.93,354524.05,
1985-08-25,,,613846.88,527154.66,
1985-08-26,,,603919.39,455613.72,
1985-08-27,,,611413.0,505648.2,
1985-08-28,,,613960.21,489220.05,
1985-08-29,,,571896.33,485149.95,
1985-08-30,,,644225.36,464073.0,
1985-08-31,,,683376.86,473872.53,
1985-09-01,,,660491.7,483372.62,
1985-09-02,,,713900.99,556533.72,
1985-09-03,,,606224.88,502845.85,
1985-09-04,,,641327.58,514777.53,
1985-09-05,,,670584.91,567761.1,
1985-09-06,,,657928.12,532795.18,
1985-09-07,,,720304.82,508320.29,
1985-09-08,,,704791.85,530970.75,
1985-09-09,,,684531.81,537835.53,
1985-09-10,,,642403.53,498280.2,
1985-09-11,,,605691.23,485305.41,
1985-09-12,,,702324.27,626423.58,
1985-09-13,,,696687.75,472680.2,
1985-09-14,,,638168.58,455065.57,
1985-09-15,,,790789.7,616341.32,
1985-09-16,,,713461.33,517724.04,
1985-09-17,,,743120.54,486667.92,
1985-09-18,,,791930.15,583032.09,
1985-09-19,,,737035.0,534349.01,
1985-09-20,,,697572.05,586203.14,
1985-09-21,,,753860.21,505236.76,
1985-09-22,,,658032.95,555208.74,
1985-09-23,,,634440.68,447513.86,
1985-09-24,,,589569.28,490353.39,
1985-09-25,,,557842.88,345606.08,
1985-09-26,,,499681.97,392716.7,
1985-09-27,,,536979.85,443546.52,
1985-09-28,,,544442.9,476586.14,
1985-09-29,,,551371.45,490185.07,
1985-09-30,,,508584.83,490436.6,153424.8
1985-10-01,,,537676.11,539422.58,149238.72
1985-10-02,,,554895.0,464029.27,145052.64
1985-10-03,,,576104.9,455306.19,140862.24
1985-10-04,,,554578.44,478287.13,136676.16
1985-10-05,,,598140.41,446678.95,132490.08
1985-10-06,,,539956.53,425601.14,129059.1
1985-10-07,,,579277.86,528715.11,128710.08
1985-10-08,,,563232.65,493348.56,128688.48
1985-10-09,,,516419.66,480925.67,128666.88
1985-10-10,,,527438.25,497761.61,128645.28
1985-10-11,,,486600.21,481494.75,128623.68
1985-10-12,,,533792.94,508358.37,128602.08
1985-10-13,,,550120.4,518875.11,128580.48
1985-10-14,,,559946.2,525348.27,128558.88
1985-10-15,,,541980.3,526702.29,128532.96
1985-10-16,,,500024.0,497206.4,128511.36
1985-10-17,,,516262.86,491468.24,128489.76
1985-10-18,,,558404.67,524808.59,128468.16
1985-10-19,,,567085.97,480491.39,128446.56
1985-10-20,,,690281.19,581596.74,128424.96
1985-10-21,,,670050.72,577096.68,128403.36
1985-10-22,,,719868.42,614187.58,128381.76
1985-10-23,,,942997.13,629126.14,128360.16
1985-10-24,,,780739.11,627729.72,128334.24
1985-10-25,,,772363.33,608043.53,128312.64
1985-10-26,,,771481.49,616053.72,128291.04
1985-10-27,,,799063.76,586694.92,128269.44
1985-10-28,,,767420.06,579582.72,128247.84
1985-10-29,,,702784.01,483334.03,128226.24
1985-10-30,,,683447.06,502054.5,128204.64
1985-10-31,,,679090.86,477696.89,128183.04
1985-11-01,,,702588.54,457983.64,128161.44
1985-11-02,,,664162.86,518692.52,128135.52
1985-11-03,,,705060.62,493892.71,128113.92
1985-11-04,,,618472.08,417166.88,128092.32
1985-11-05,,,685738.78,519526.1,128070.72
1985-11-06,,,705826.46,475903.75,128049.12
1985-11-07,,,647000.56,494098.77,128027.52
1985-11-08,,,660848.12,434965.59,128005.92
1985-11-09,,,613645.91,421900.44,127984.32
1985-11-10,,,664322.22,480885.17,127962.72
1985-11-11,,,658726.57,485049.21,127936.8
1985-11-12,,,622303.11,401888.85,127915.2
1985-11-13,,,611283.25,481663.14,127893.6
1985-11-14,,,620208.09,456643.26,127734.35
1985-11-15,,,572955.99,467286.09,126748.8
1985-11-16,,,597630.3,411456.66,125621.28
1985-11-17,,,564185.32,437205.09,124493.76
1985-11-18,,,590989.69,439967.91,123366.24
1985-11-19,,,608986.7,426760.44,122238.72
1985-11-20,,,633328.48,400229.5,121111.2
1985-11-21,,,572029.07,415414.78,119983.68
1985-11-22,,,552876.84,392374.02,118856.16
1985-11-23,,,588466.61,394988.25,117728.64
1985-11-24,,,600266.23,449836.86,116601.12
1985-11-25,,,518413.46,435184.83,115473.6
1985-11-26,,,550686.86,460373.99,114346.08
1985-11-27,,,587473.9,530888.11,113218.56
1985-11-28,,,577593.28,424068.83,112091.04
1985-11-29,,,564353.06,456169.03,110963.52
1985-11-30,,,642968.84,422853.48,109840.32
1985-12-01,,,675695.62,544877.76,108712.8
1985-12-02,,,659537.84,457567.71,107585.28
1985-12-03,,,670536.28,487813.23,106457.76
1985-12-04,,,640896.39,442238.75,105330.24
1985-12-05,,,630051.2,437541.3,104202.72
1985-12-06,,,679232.81,563068.96,103075.2
1985-12-07,,,621473.55,476139.17,101947.68
1985-12-08,,,638545.1,491536.26,100820.16
1985-12-09,,,634101.18,443587.19,99692.64
1985-12-10,,,612331.51,462934.74,98565.12
1985-12-11,,,608003.46,411538.61,97437.6
1985-12-12,,,590480.56,402753.55,96310.08
1985-12-13,,,616698.56,451512.99,95182.56
1985-12-14,,,650136.97,392809.64,94055.04
1985-12-15,,,556298.22,363469.42,92931.84
1985-12-16,,,682403.95,469071.19,91804.32
1985-12-17,,,688864.98,450793.62,90955.89
1985-12-18,,,659525.94,406379.93,91558.08
1985-12-19,,,794499.99,549772.47,92365.92
1985-12-20,,,736205.64,506230.14,93169.44
1985-12-21,,,646353.24,462496.19,93977.28
1985-12-22,,,623328.39,428387.34,94785.12
1985-12-23,,,705527.07,489149.94,95588.64
1985-12-24,,,675725.01,448892.04,96396.48
1985-12-25,,,685888.85,465839.94,97204.32
1985-12-26,,,694276.5,463894.38,98007.84
1985-12-27,,,729336.37,505920.1,98815.68
1985-12-28,,,697609.83,468919.12,99623.52
1985-12-29,,,835872.23,655086.96,100427.04
1985-12-30,,,857324.89,650516.25,101234.88
1985-12-31,,,735437.78,559662.55,102042.72
1986-01-01,,,752395.52,485875.31,103569.63
1986-01-02,,,718236.55,513516.84,108803.52
1986-01-03,,,814019.18,522376.84,114562.08
1986-01-04,,,821796.14,513054.89,120320.64
1986-01-05,,,785720.64,563391.57,126074.88
1986-01-06,,,840532.82,582820.83,131833.44
1986-01-07,,,762302.48,520452.99,137592.0
1986-01-08,,,826286.06,581508.09,143350.56
1986-01-09,,,831329.36,553572.58,149109.12
1986-01-10,,,860296.77,604130.51,154867.68
1986-01-11,,,758655.59,524952.99,160626.24
1986-01-12,,,1013561.39,681606.58,166384.8
1986-01-13,,,1057953.53,745047.41,172143.36
1986-01-14,,,1203573.63,871864.05,177901.92
1986-01-15,,,2867742.1,2844412.87,183660.48
1986-01-16,,,2850381.2,2127065.8,189414.72
1986-01-17,,,2080944.72,1619577.49,195173.28
1986-01-18,,,1793429.48,1486036.84,200931.84
1986-01-19,,,2004324.6,1751731.55,206690.4
1986-01-20,,,1789342.9,1463932.75,212448.96
1986-01-21,,,1620101.64,1308493.03,214221.24
1986-01-22,,,1514565.79,1282762.66,215944.38
1986-01-23,,,1418644.34,1166976.69,170847.36
1986-01-24,,,1383480.24,1105461.4,137193.62
1986-01-25,,,1224197.01,972895.18,128558.88
1986-01-26,,,1198491.65,1044281.26,120445.92
1986-01-27,,,1409896.87,1110671.16,113214.69
1986-01-28,,,1268735.9,983512.12,111296.16
1986-01-29,,,1219602.72,969570.67,110272.32
1986-01-30,,,1168279.46,976670.75,109248.48
1986-01-31,,,1147759.58,946418.63,108224.64
1986-02-01,,,1122787.04,930482.57,107200.8
1986-02-02,,,1133037.45,924366.9,106176.96
1986-02-03,,,1096008.02,905748.6,105153.12
1986-02-04,,,1085928.8,859949.1,104129.28
1986-02-05,,,1127770.1,965954.1,103105.44
1986-02-06,,,1466994.24,1287986.8,102081.6
1986-02-07,,,1564159.46,1264410.5,101057.76
1986-02-08,,,1392036.1,1113847.5,100033.92
1986-02-09,,,2569478.01,2339095.1,99010.08
1986-02-10,,,3684927.08,2867653.97,1829592.3
1986-02-11,,,2695460.69,2137597.2,496080.0
1986-02-12,,,2210851.67,1822205.11,533952.0
1986-02-13,,,2012539.5,1658446.63,457466.91
1986-02-14,,,2641855.31,2287121.41,280453.43
1986-02-15,,,5738542.15,4623120.21,1348971.585
1986-02-16,,,4398264.06,3158112.08,2417489.74
1986-02-17,,,3221708.06,2486801.74,590811.68
1986-02-18,,,2745168.38,2151951.64,313453.8
1986-02-19,,,2442557.33,1953634.14,299108.16
1986-02-20,,,2269607.1,1844805.36,285616.8
1986-02-21,,,2164437.16,1781706.69,272125.44
1986-02-22,,,2071253.89,1722604.29,258629.76
1986-02-23,,,2006273.54,1633030.3,245134.08
1986-02-24,,,1949559.14,1554960.05,231642.72
1986-02-25,,,1859788.15,1520241.9,218151.36
1986-02-26,,,1820410.01,1478501.79,204655.68
1986-02-27,,,1686112.77,1415829.54,191164.32
1986-02-28,,,1742733.25,1379316.3,177672.96
1986-03-01,,,1713208.01,1421478.05,164177.28
1986-03-02,,,1699642.18,1369986.82,152396.6
1986-03-03,,,1693609.4,1396122.92,149467.68
1986-03-04,,,1574733.56,1307651.65,147804.48
1986-03-05,,,1548010.8,1311507.29,146141.28
1986-03-06,,,1515956.1,1293051.7,144473.76
1986-03-07,,,1471687.44,1175587.67,142806.24
1986-03-08,,,1536589.71,1274742.92,141138.72
1986-03-09,,,1487268.12,1229633.06,139471.2
1986-03-10,,,1449327.06,1228370.42,137808.0
1986-03-11,,,1425772.92,1199990.81,136144.8
1986-03-12,,,1399739.99,1185050.36,134477.28
1986-03-13,,,1395898.59,1159904.77,132809.76
1986-03-14,,,1336221.12,1106596.34,131142.24
1986-03-15,,,1123394.48,947814.0,129474.72
1986-03-16,,,1264597.34,1084406.1,127811.52
1986-03-17,,,1291265.88,1162117.54,126148.32
1986-03-18,,,1441117.18,1210932.39,124480.8
1986-03-19,,,1204100.05,1043504.88,122813.28
1986-03-20,,,1249027.0,1070236.18,121145.76
1986-03-21,,,1235955.71,1041578.62,119478.24
1986-03-22,,,1287600.0,1139925.1,117815.04
1986-03-23,,,1265654.94,1116803.42,116151.84
1986-03-24,,,1242437.94,1044287.64,114484.32
1986-03-25,,,1237336.96,1067017.8,112816.8
1986-03-26,,,1123312.03,986619.83,111149.28
1986-03-27,,,1031692.35,944237.7,109481.76
1986-03-28,,,967524.99,845102.42,107814.24
1986-03-29,,,1026051.34,951145.54,106151.04
1986-03-30,,,1132487.1,999233.38,104487.84
1986-03-31,,,1218176.02,1073979.92,102811.29
1986-04-01,,,1107964.91,1001226.2,101083.68
1986-04-02,,,1033093.11,951054.41,99351.36
1986-04-03,,,1055476.62,970833.34,97619.04
1986-04-04,,,1024235.41,911291.75,95886.72
1986-04-05,,,1014533.15,849427.65,94154.4
1986-04-06,,,979080.94,872830.5,92417.76
1986-04-07,,,961601.58,833516.33,90685.44
1986-04-08,,,976579.2,881395.35,88953.12
1986-04-09,,,939155.79,842668.5,87220.8
1986-04-10,,,890068.45,804896.52,85488.48
1986-04-11,,,893141.84,779455.66,83751.84
1986-04-12,,,927604.37,860927.39,82019.52
1986-04-13,,,918610.43,783708.54,80287.2
1986-04-14,,,903080.81,750360.79,78554.88
1986-04-15,,,850285.22,789261.02,76822.56
1986-04-16,,,914493.86,797797.05,75085.92
1986-04-17,,,920188.35,817743.94,73353.6
1986-04-18,,,896656.55,789139.9,71621.28
1986-04-19,,,910017.9,837320.34,69884.64
1986-04-20,,,886704.24,793291.81,68152.32
1986-04-21,,,838735.08,811990.33,66420.0
1986-04-22,,,814039.94,746843.36,64687.68
1986-04-23,,,784914.77,728719.14,62955.36
1986-04-24,,,829844.53,805029.3,61218.72
1986-04-25,,,758832.23,777267.45,59486.4
1986-04-26,,,768366.54,767942.1,57754.08
1986-04-27,,,770582.34,678179.76,56021.76
1986-04-28,,,789998.43,771619.44,54467.28
1986-04-29,,,790084.77,686542.91,53693.28
1986-04-30,,,881868.03,635128.32,53010.72
1986-05-01,,,1117051.68,658406.85,52328.16
1986-05-02,,,1024768.08,675372.45,51645.6
1986-05-03,,,1057554.34,652283.89,50958.72
1986-05-04,,,1151685.23,736777.17,50271.84
1986-05-05,,,1069362.98,681057.78,49589.28
1986-05-06,,,1061469.6,704511.92,48906.72
1986-05-07,,,1044568.8,668830.13,48224.16
1986-05-08,,,1049133.02,680499.21,47541.6
1986-05-09,,,1027808.12,638664.72,46859.04
1986-05-10,,,1045397.52,633234.33,46176.48
1986-05-11,,,961879.56,675246.02,45493.92
1986-05-12,,,923166.0,546147.89,44811.36
1986-05-13,,,1016366.5,736046.78,44128.8
1986-05-14,,,881566.18,575367.29,43446.24
1986-05-15,,,1045447.68,771080.34,42759.36
1986-05-16,,,899655.68,634115.49,42072.48
1986-05-17,,,913531.25,611553.52,41389.92
1986-05-18,,,932538.64,628737.54,40707.36
1986-05-19,,,869187.16,557032.32,40024.8
1986-05-20,,,843896.17,612300.91,39342.24
1986-05-21,,,838095.07,598342.7,38659.68
1986-05-22,,,762008.18,573165.18,37977.12
1986-05-23,,,804799.5,592641.47,37294.56
1986-05-24,,,850125.6,564105.6,36612.0
1986-05-25,,,870912.0,617350.68,35929.44
1986-05-26,,,738196.2,503301.18,35246.88
1986-05-27,,,671714.11,484531.2,34700.4
1986-05-28,,,702823.46,511220.32,34992.0
1986-05-29,,,695255.62,488459.83,35424.0
1986-05-30,,,692155.43,442109.94,35856.0
1986-05-31,,,694072.99,530321.02,36288.0
1986-06-01,,,731494.9,453065.0,36720.0
1986-06-02,,,669633.11,483891.29,37152.0
1986-06-03,,,516433.76,357836.63,37584.0
1986-06-04,,,505451.11,425967.59,38016.0
1986-06-05,,,521308.9,435710.61,38448.0
1986-06-06,,,565941.62,468585.09,38880.0
1986-06-07,,,588994.4,418256.46,39312.0
1986-06-08,,,571084.32,410499.33,39672.72
1986-06-09,,,472459.54,334937.16,39605.76
1986-06-10,,,409663.37,329190.84,39467.52
1986-06-11,,,389605.92,341552.88,39329.28
1986-06-12,,,424818.43,354585.6,39191.04
1986-06-13,,,474266.8,371220.12,39052.8
1986-06-14,,,572950.82,387154.81,38914.56
1986-06-15,,,578708.42,420282.72,38776.32
1986-06-16,,,436272.67,358046.64,38638.08
1986-06-17,,,397923.27,355049.28,38495.52
1986-06-18,,,345844.92,327735.05,38352.96
1986-06-19,,,335944.25,317341.79,38214.72
1986-06-20,,,336203.78,313193.88,38076.48
1986-06-21,,,353229.87,324571.04,37938.24
1986-06-22,,,437278.28,402601.34,37800.0
1986-06-23,,,340323.16,328693.63,37661.76
1986-06-24,,,320042.74,342463.68,37523.52
1986-06-25,,,355568.39,368472.17,37385.28
1986-06-26,,,345676.66,351599.06,37247.04
1986-06-27,,,347533.4,352927.22,37108.8
1986-06-28,,,377792.14,348664.91,36970.56
1986-06-29,,,398148.67,350342.24,36832.32
1986-06-30,,,355419.97,308926.32,36694.08
1986-07-01,,,308915.63,286631.64,36555.84
1986-07-02,,,285574.75,325226.18,36417.6
1986-07-03,,,244403.07,308072.14,36358.56
1986-07-04,,,226348.13,301034.88,36655.2
1986-07-05,,,252606.38,292597.92,36992.16
1986-07-06,,,269712.05,288303.54,37329.12
1986-07-07,,,229048.7,320726.23,37666.08
1986-07-08,,,217965.65,342031.46,38003.04
1986-07-09,,,212823.54,330739.2,38335.68
1986-07-10,,,193434.96,329037.12,38668.32
1986-07-11,,,195912.25,325628.64,39005.28
1986-07-12,,,245244.98,322220.16,39342.24
1986-07-13,,,313347.44,318816.0,39679.2
1986-07-14,,,254245.06,315411.84,40016.16
1986-07-15,,,235606.27,312003.36,40353.12
1986-07-16,,,223025.41,308594.88,40690.08
1986-07-17,,,259585.83,341703.36,41027.04
1986-07-18,,,246890.55,337361.76,41364.0
1986-07-19,,,243750.21,333020.16,41700.96
1986-07-20,,,253115.47,328682.88,42037.92
1986-07-21,,,223802.3,324345.6,42374.88
1986-07-22,,,270878.0,320004.0,42711.84
1986-07-23,,,224604.04,315662.4,43048.8
1986-07-24,,,269777.21,311325.12,43385.76
1986-07-25,,,256000.46,306983.52,43722.72
1986-07-26,,,280677.68,302641.92,44059.68
1986-07-27,,,283760.43,298304.64,44396.64
1986-07-28,,,163301.21,293967.36,44733.6
1986-07-29,,,104444.9,289625.76,45070.56
1986-07-30,,,135117.16,285747.75,45407.52
1986-07-31,,,148476.02,285120.0,45744.48
1986-08-01,,,145393.81,285120.0,46077.12
1986-08-02,,,226848.73,285120.0,46409.76
1986-08-03,,,189440.84,285120.0,46746.72
1986-08-04,,,159103.92,285120.0,47083.68
1986-08-05,,,166106.35,285120.0,47420.64
1986-08-06,,,171555.48,285120.0,47757.6
1986-08-07,,,176979.39,285120.0,48094.56
1986-08-08,,,195345.44,285120.0,48209.13
1986-08-09,,,287713.66,285120.0,47541.6
1986-08-10,,,297086.19,285120.0,46811.52
1986-08-11,,,244842.18,285120.0,46081.44
1986-08-12,,,252813.17,285120.0,45347.04
1986-08-13,,,292016.19,285120.0,44612.64
1986-08-14,,,306246.48,285120.0,43878.24
1986-08-15,,,329588.3,285120.0,43143.84
1986-08-16,,,359465.7,285120.0,42413.76
1986-08-17,,,348618.93,285120.0,41683.68
1986-08-18,,,324217.06,285120.0,40949.28
1986-08-19,,,290257.45,285120.0,40214.88
1986-08-20,,,309308.4,285120.0,39480.48
1986-08-21,,,277817.73,285120.0,38746.08
1986-08-22,,,275195.34,285120.0,38016.0
1986-08-23,,,321246.84,285120.0,37285.92
1986-08-24,,,302278.12,285120.0,36551.52
1986-08-25,,,303207.18,285120.0,35817.12
1986-08-26,,,256729.22,285120.0,35082.72
1986-08-27,,,284801.42,285120.0,34352.64
1986-08-28,,,334567.77,285120.0,33622.56
1986-08-29,,,341108.4,285120.0,32888.16
1986-08-30,,,326496.24,285120.0,32153.76
1986-08-31,,,345501.39,285120.0,31419.36
1986-09-01,,,244255.14,285120.0,30684.96
1986-09-02,,,271821.03,285120.0,29954.88
1986-09-03,,,251412.47,285120.0,29224.8
1986-09-04,,,273693.79,285120.0,28490.4
1986-09-05,,,292152.45,285120.0,27756.0
1986-09-06,,,342696.95,285120.0,27021.6
1986-09-07,,,357824.73,285120.0,26287.2
1986-09-08,,,357552.95,285335.78,25557.12
1986-09-09,,,384284.48,286981.92,24827.04
1986-09-10,,,367610.4,288891.36,24092.64
1986-09-11,,,387894.85,290796.48,23445.54
1986-09-12,,,366912.33,292701.6,23414.4
1986-09-13,,,376149.17,294611.04,23500.8
1986-09-14,,,381053.76,296520.48,23591.52
1986-09-15,,,346295.7,298425.6,23682.24
1986-09-16,,,370514.77,300330.72,23768.64
1986-09-17,,,391339.46,335335.27,23859.36
1986-09-18,,,418144.14,238268.81,23950.08
1986-09-19,,,371775.44,242802.24,24040.8
1986-09-20,,,393984.54,218088.85,24131.52
1986-09-21,,,383213.03,236468.16,24217.92
1986-09-22,,,425359.31,306487.18,24308.64
1986-09-23,,,417458.1,238118.4,24399.36
1986-09-24,,,467660.93,238118.45,24485.76
1986-09-25,,,464533.02,241704.0,24576.48
1986-09-26,,,400371.12,248819.04,24667.2
1986-09-27,,,385149.63,255935.17,24753.6
1986-09-28,,,406727.82,264500.64,24844.32
1986-09-29,,,365331.68,274307.04,24935.04
1986-09-30,,,454314.84,362698.18,25021.44
1986-10-01,,,512253.15,283046.4,25112.16
1986-10-02,,,937865.1,659775.16,25202.88
1986-10-03,,,907279.11,464777.7,25289.28
1986-10-04,,,791772.43,421128.24,25380.0
1986-10-05,,,752270.4,400191.84,25470.72
1986-10-06,,,741686.54,427372.05,25557.12
1986-10-07,,,752374.66,393739.57,25647.84
1986-10-08,,,592164.32,280293.62,25738.56
1986-10-09,,,593321.79,261137.52,25829.28
1986-10-10,,,603275.84,373031.9,25908.6
1986-10-11,,,572478.6,243700.67,25920.0
1986-10-12,,,585172.2,339336.95,25920.0
1986-10-13,,,529505.13,262880.64,25920.0
1986-10-14,,,588723.35,394534.68,25920.0
1986-10-15,,,540872.06,322624.59,25920.0
1986-10-16,,,494682.55,283046.4,25920.0
1986-10-17,,,523154.31,333456.96,25920.0
1986-10-18,,,483656.61,283046.4,25920.0
1986-10-19,,,584832.33,390432.03,25920.0
1986-10-20,,,516055.84,299680.92,25920.0
1986-10-21,,,502523.7,340668.57,25920.0
1986-10-22,,,513162.45,284222.16,25920.0
1986-10-23,,,584603.71,389887.41,25920.0
1986-10-24,,,478365.34,334757.22,25920.0
1986-10-25,,,481119.6,287262.54,25920.0
1986-10-26,,,608464.42,432275.49,25920.0
1986-10-27,,,484498.46,283046.4,25920.0
1986-10-28,,,497793.32,341511.42,25920.0
1986-10-29,,,506889.53,367701.19,25920.0
1986-10-30,,,493723.05,307113.86,25920.0
1986-10-31,,,530108.92,388911.48,25920.0
1986-11-01,,,464946.62,306892.8,25920.0
1986-11-02,,,699215.69,541673.57,25920.0
1986-11-03,,,734193.5,557145.01,25920.0
1986-11-04,,,658245.55,516062.37,25920.0
1986-11-05,,,677967.63,459246.77,25920.0
1986-11-06,,,700841.6,429705.99,25920.0
1986-11-07,,,733033.0,516333.21,25920.0
1986-11-08,,,1077941.84,770553.4,39045.73090909091
1986-11-09,,,1385261.4966666668,1041073.1333333333,52171.46181818182
1986-11-10,,,1692581.1533333333,1311592.8666666667,65297.19272727273
1986-11-11,,,1999900.81,1582112.6,
1986-11-12,,,1660463.34,1288513.52,
1986-11-13,,,1375682.96,1084543.25,
1986-11-14,,,1219359.3,1005340.74,
1986-11-15,,,1186619.1,953433.62,
1986-11-16,,,1192622.04,875957.78,
1986-11-17,,,1213607.24,835700.17,
1986-11-18,,,1109798.95,810356.4,170303.04
1986-11-19,,,1094304.45,796549.5,166635.36
1986-11-20,,,1059553.61,787405.28,163165.86
1986-11-21,,,986341.47,718298.72,162021.6
1986-11-22,,,897879.42,694125.9,161546.4
1986-11-23,,,1025542.7,774183.15,161066.88
1986-11-24,,,995287.37,700871.99,160587.36
1986-11-25,,,953203.63,729234.53,160112.16
1986-11-26,,,951462.31,750448.53,159632.64
1986-11-27,,,928875.72,772651.35,159153.12
1986-11-28,,,919722.66,750588.66,158677.92
1986-11-29,,,1020361.67,739228.05,158198.4
1986-11-30,,,1059428.74,820545.61,157718.88
1986-12-01,,,1068239.54,800806.51,157366.86
1986-12-02,,,1090268.45,807653.81,157723.2
1986-12-03,,,1060191.67,782681.38,158194.08
1986-12-04,,,1048033.26,779644.89,158664.96
1986-12-05,,,1001246.36,759261.96,159135.84
1986-12-06,,,980593.83,728795.46,159606.72
1986-12-07,,,951399.65,711125.07,160077.6
1986-12-08,,,994525.94,737465.98,160548.48
1986-12-09,,,926614.04,744306.34,161019.36
1986-12-10,,,914779.96,726437.07,161490.24
1986-12-11,,,930524.99,771338.39,161961.12
1986-12-12,,,910825.03,752568.49,161850.96
1986-12-13,,,878879.63,695740.5,158250.24
1986-12-14,,,862473.06,788927.91,154064.16
1986-12-15,,,924420.11,778445.45,149878.08
1986-12-16,,,814861.82,721310.18,145696.32
1986-12-17,,,856768.17,755977.5,141514.56
1986-12-18,,,845155.17,754114.5,137332.8
1986-12-19,,,909253.62,767040.55,133146.72
1986-12-20,,,1326997.62,1063299.65,128960.64
1986-12-21,,,2257946.87,1282654.5074999998,124778.88
1986-12-22,,,2324263.8533333335,1502009.365,120597.12
1986-12-23,,,2390580.8366666664,1721364.2225000001,116411.04
1986-12-24,,,2456897.82,1940719.08,112224.96
1986-12-25,,,2111364.71,1650251.82,108037.04
1986-12-26,,,1939162.0,1559088.55,108640.84
1986-12-27,,,2242689.46,1671570.355,305681.1
1986-12-28,,,2348619.866,1784052.16,422300.02499999997
1986-12-29,,,2454550.272,1896533.9649999999,538918.95
1986-12-30,,,2560480.6780000003,,619463.7466666666
1986-12-31,,,,,700008.5433333333
1987-01-01,,,2772341.49,2233979.38,780553.34
1987-01-02,,,3857145.24,3273942.06,738678.1766666666
1987-01-03,,,3496020.98,2944049.73,696803.0133333333
1987-01-04,,,2763293.52,2642397.37,654927.85
1987-01-05,,,2728714.36,2397855.79,589802.56
1987-01-06,,,4370429.74,4173027.96,616333.5112500001
1987-01-07,,,4752610.94,3548171.92,642864.4625
1987-01-08,,,3884670.97,3030424.71,669395.4137500001
1987-01-09,,,3382048.21,2688931.92,
1987-01-10,,,3563392.81,2980857.47,
1987-01-11,,,3330388.85,2621238.37,
1987-01-12,,,2985723.94,2387760.79,
1987-01-13,,,2786612.19,2217912.55,802050.17
1987-01-14,,,2592312.7,2112076.7,796484.4633333334
1987-01-15,,,2467997.27,2039561.64,790918.7566666667
1987-01-16,,,2328295.83,1962543.06,785353.05
1987-01-17,,,2213660.96,1853125.84,784512.0
1987-01-18,,,2252534.76,1836309.93,706288.03
1987-01-19,,,2105157.48,1691239.91,573913.09
1987-01-20,,,2005388.93,1698967.72,489749.77
1987-01-21,,,2083844.86,1689022.03,347875.99
1987-01-22,,,2082167.74,1686469.35,263695.31
1987-01-23,,,2074067.27,1748691.71,239566.39
1987-01-24,,,2358150.2,1988775.6,236340.2
1987-01-25,,,3202844.45,3092576.08,233280.17
1987-01-26,,,3461635.6100000003,3331726.335,341339.024
1987-01-27,,,3720426.77,3570876.59,449397.878
1987-01-28,,,3979217.93,2927654.14,557456.732
1987-01-29,,,3434770.65,2659126.73,
1987-01-30,,,3176409.09,2508658.18,773574.44
1987-01-31,,,2993285.73,2371343.42,547200.82
1987-02-01,,,2851104.06,2277157.78,411909.12
1987-02-02,,,2785128.51,2294732.76,327598.6
1987-02-03,,,2887670.62,2496317.26,292339.94
1987-02-04,,,4917696.63,4550789.61,353541.69
1987-02-05,,,4112978.28,3220780.61,634025.15
1987-02-06,,,3487548.32,2873943.21,701725.72
1987-02-07,,,3218532.12,2662616.18,549879.33
1987-02-08,,,3134907.65,2635282.91,406096.27
1987-02-09,,,3297563.7,2879702.1,379438.56
1987-02-10,,,3522731.99,2849617.45,381456.0
1987-02-11,,,3112608.0,2536380.3,383473.44
1987-02-12,,,2941181.04,2384169.12,382968.0
1987-02-13,,,2848215.32,2297530.53,379944.0
1987-02-14,,,2797967.42,2240812.94,380069.28
1987-02-15,,,2718345.56,2193907.68,374694.62
1987-02-16,,,2670623.14,2156624.93,253941.07
1987-02-17,,,2614188.51,2107848.96,140927.7
1987-02-18,,,2500926.34,2052017.46,115663.68
1987-02-19,,,2511354.48,2077994.36,113590.08
1987-02-20,,,2509988.5,2025071.3,111516.48
1987-02-21,,,2398724.21,1949949.42,109447.2
1987-02-22,,,2241489.77,1911678.01,107377.92
1987-02-23,,,2212856.55,1918343.36,105304.32
1987-02-24,,,2167787.7,1862517.31,103230.72
1987-02-25,,,2146620.74,1827756.33,101157.12
1987-02-26,,,2179385.26,1829014.34,99083.52
1987-02-27,,,2248701.3,1849069.06,97014.24
1987-02-28,,,2246894.4,1867566.81,94944.96
1987-03-01,,,2218862.27,1877179.98,92871.36
1987-03-02,,,2128361.6,1833722.56,91019.93
1987-03-03,,,2120771.78,1821496.57,90720.0
1987-03-04,,,2070783.29,1796325.94,90720.0
1987-03-05,,,2142816.21,1896895.35,90720.0
1987-03-06,,,3117070.65,3045407.19,90720.0
1987-03-07,,,3382752.7,2855939.24,90720.0
1987-03-08,,,3101511.71,2810448.14,90720.0
1987-03-09,,,3342085.2,2886850.66,90720.0
1987-03-10,,,3537268.99,3194853.07,96660.0
1987-03-11,,,3402312.44,2901693.87,1327519.81
1987-03-12,,,3077652.7,2672801.9,694082.69
1987-03-13,,,3341891.56,3076989.43,377911.2
1987-03-14,,,4408771.57,3628381.03,504482.9142857143
1987-03-15,,,4746013.08,3518373.38,631054.6285714286
1987-03-16,,,4098720.97,3260566.54,757626.3428571429
1987-03-17,,,5441698.28,5007050.31,
1987-03-18,,,5089561.27,3897430.73,
1987-03-19,,,4444224.48,3660795.3,
1987-03-20,,,4045273.27,3306324.77,1263913.2
1987-03-21,,,3761171.31,3112854.84,1307189.54
1987-03-22,,,3539001.65,2968978.7,721971.93
1987-03-23,,,3359302.28,2847562.56,360724.99
1987-03-24,,,3231629.0,2754674.4,221769.94
1987-03-25,,,3267132.08,2816290.86,155638.2
1987-03-26,,,3713119.58,3466841.54,189583.35
1987-03-27,,,4007339.83,3463075.68,959672.4
1987-03-28,,,3667758.42,3185260.58,1312702.78
1987-03-29,,,3444886.8,3041402.86,890614.46
1987-03-30,,,3253026.03,2854866.53,680394.59
1987-03-31,,,3174762.42,2790914.06,401205.9
1987-04-01,,,3041291.43,2589912.94,287128.8
1987-04-02,,,3024721.91,2658184.72,216245.75
1987-04-03,,,3009242.39,2557440.0,190308.96
1987-04-04,,,3017092.05,2589483.2,171724.32
1987-04-05,,,2910246.52,2518192.5,161308.8
1987-04-06,,,2836754.05,2444834.88,159066.72
1987-04-07,,,2675511.56,2301242.62,156824.64
1987-04-08,,,2682501.84,2337183.04,154578.24
1987-04-09,,,2638341.05,2256014.81,152336.16
1987-04-10,,,2542241.08,2204883.51,150094.08
1987-04-11,,,2533093.26,2197560.6,147847.68
1987-04-12,,,2539409.77,2180854.55,145605.6
1987-04-13,,,2501189.91,2164245.65,143363.52
1987-04-14,,,2502148.26,2154242.7,141117.12
1987-04-15,,,2477515.62,2115712.77,138875.04
1987-04-16,,,2447490.45,2093146.74,136632.96
1987-04-17,,,2375099.4,2043402.6,134386.56
1987-04-18,,,2367996.54,2021937.14,132140.16
1987-04-19,,,2476265.46,2114747.64,129898.08
1987-04-20,,,2416317.42,2065041.23,127656.0
1987-04-21,,,2320087.55,1986359.22,125409.6
1987-04-22,,,2229155.4,1911065.01,123167.52
1987-04-23,,,2148278.33,1882834.52,120925.44
1987-04-24,,,2158638.8,1916972.52,118679.04
1987-04-25,,,2164937.56,1891300.74,116436.96
1987-04-26,,,2167196.33,1891298.26,114194.88
1987-04-27,,,2115360.52,1923456.66,111948.48
1987-04-28,,,2156637.69,1851082.63,109706.4
1987-04-29,,,2010622.64,1796327.23,107464.32
1987-04-30,,,1963217.05,1771770.28,105217.92
1987-05-01,,,1961957.38,1804375.61,102975.84
1987-05-02,,,1888957.22,1753610.65,100733.76
1987-05-03,,,1891814.36,1762092.14,98487.36
1987-05-04,,,1877334.69,1760250.94,96245.28
1987-05-05,,,1917647.99,1748758.1,94003.2
1987-05-06,,,1873070.21,1712799.68,91756.8
1987-05-07,,,1823223.6,1682150.7,89514.72
1987-05-08,,,1801667.63,1674918.3,87272.64
1987-05-09,,,1768518.14,1672159.26,85026.24
1987-05-10,,,1773478.15,1679565.47,82779.84
1987-05-11,,,1764978.11,1662361.52,80844.12
1987-05-12,,,1742610.36,1667583.23,81535.68
1987-05-13,,,1719164.66,1626291.01,82827.36
1987-05-14,,,1647447.29,1597519.81,84119.04
1987-05-15,,,1612104.71,1614804.02,85410.72
1987-05-16,,,1564585.04,1562514.98,86702.4
1987-05-17,,,1572647.4,1629768.62,87998.4
1987-05-18,,,1699887.87,1571211.83,89290.08
1987-05-19,,,1728846.06,1563482.1,90581.76
1987-05-20,,,1773067.76,1599975.04,91873.44
1987-05-21,,,1674392.84,1575079.42,93165.12
1987-05-22,,,1687670.98,1512929.17,94456.8
1987-05-23,,,1621579.58,1528831.49,95748.48
1987-05-24,,,1657588.31,1516611.21,97040.16
1987-05-25,,,1566895.5,1512174.47,98331.84
1987-05-26,,,1632386.55,1497641.61,99623.52
1987-05-27,,,1639852.79,1462843.8,100915.2
1987-05-28,,,1647397.56,1463166.14,102206.88
1987-05-29,,,1619465.52,1460259.6,103498.56
1987-05-30,,,1603911.6,1450714.44,104794.56
1987-05-31,,,1562265.53,1414265.4,106086.24
1987-06-01,,,1553205.6,1449868.5,107377.92
1987-06-02,,,1539648.0,1434740.4,108669.6
1987-06-03,,,1566637.62,1420185.6,109961.28
1987-06-04,,,1591042.56,1398821.31,111252.96
1987-06-05,,,1509867.58,1382266.23,112544.64
1987-06-06,,,1502510.11,1308684.6,113836.32
1987-06-07,,,1444408.69,1354533.58,115128.0
1987-06-08,,,1374988.26,1443580.94,116419.68
1987-06-09,,,1246058.34,1352507.68,117711.36
1987-06-10,,,1228178.3,1349786.27,119007.36
1987-06-11,,,1220264.34,1371648.16,120299.04
1987-06-12,,,1219259.5,1354742.87,121590.72
1987-06-13,,,1255651.79,1340625.6,122882.4
1987-06-14,,,1243353.68,1333824.44,124174.08
1987-06-15,,,1196301.2,1299971.27,125465.76
1987-06-16,,,1208720.39,1279961.7,126757.44
1987-06-17,,,1136465.75,1270040.1,128049.12
1987-06-18,,,1165751.27,1253686.73,129340.8
1987-06-19,,,1176003.84,1235058.6,130632.48
1987-06-20,,,1154303.13,1258831.8,131924.16
1987-06-21,,,1215621.05,1236739.35,132222.78
1987-06-22,,,1124088.18,1157748.29,128779.2
1987-06-23,,,1088405.0,1135926.11,124973.28
1987-06-24,,,1026288.14,1111416.13,121167.36
1987-06-25,,,989572.18,1071542.93,117365.76
1987-06-26,,,990167.37,1067720.51,113564.16
1987-06-27,,,1025114.4,1077061.09,109762.56
1987-06-28,,,1049431.95,1106166.35,105956.64
1987-06-29,,,987120.32,1061368.66,102150.72
1987-06-30,,,909752.61,1056143.55,98349.12
1987-07-01,,,952262.01,1085824.54,94547.52
1987-07-02,,,930751.51,1083712.44,90741.6
1987-07-03,,,1044485.63,1086518.63,86935.68
1987-07-04,,,1053527.66,1067077.5,83134.08
1987-07-05,,,1031985.42,1027564.43,79332.48
1987-07-06,,,994713.48,978079.28,75526.56
1987-07-07,,,914352.47,978339.57,71720.64
1987-07-08,,,936982.24,997701.48,68206.56
1987-07-09,,,931357.85,1004568.04,67897.44
1987-07-10,,,911772.16,988627.47,68480.64
1987-07-11,,,952619.08,998360.74,69068.16
1987-07-12,,,955579.01,995116.39,69655.68
1987-07-13,,,848196.87,957656.09,70243.2
1987-07-14,,,875342.01,980170.82,70830.72
1987-07-15,,,843569.0,973335.84,71418.24
1987-07-16,,,832751.82,973728.0,72005.76
1987-07-17,,,846955.88,975803.7,72593.28
1987-07-18,,,1009801.32,973728.0,73180.8
1987-07-19,,,961564.8,973728.0,73768.32
1987-07-20,,,878222.53,973728.0,74351.52
1987-07-21,,,782902.03,973728.0,74934.72
1987-07-22,,,645121.81,973728.0,75522.24
1987-07-23,,,718282.88,973728.0,76109.76
1987-07-24,,,755597.69,973728.0,76697.28
1987-07-25,,,898376.48,989290.2,77284.8
1987-07-26,,,934785.23,1005696.0,77872.32
1987-07-27,,,751253.56,934674.75,78459.84
1987-07-28,,,707700.11,810964.95,79047.36
1987-07-29,,,683825.45,772558.2,79634.88
1987-07-30,,,735419.99,817710.9,80222.4
1987-07-31,,,682661.0,750406.63,80809.92
1987-08-01,,,798372.9,814193.48,81393.12
1987-08-02,,,846148.44,835001.16,81976.32
1987-08-03,,,691618.98,740785.26,82563.84
1987-08-04,,,646605.42,725948.01,83151.36
1987-08-05,,,709085.92,778495.51,83738.88
1987-08-06,,,700593.64,797064.01,84326.4
1987-08-07,,,736595.93,815919.17,84913.92
1987-08-08,,,721834.07,789676.03,85501.44
1987-08-09,,,797781.05,799549.05,86088.96
1987-08-10,,,576350.92,691931.75,86676.48
1987-08-11,,,602256.41,776406.63,87264.0
1987-08-12,,,595389.14,757106.84,87847.2
1987-08-13,,,546300.24,733605.3,88430.4
1987-08-14,,,591222.81,765485.03,89017.92
1987-08-15,,,704177.26,760800.6,89605.44
1987-08-16,,,762857.52,805070.25,90192.96
1987-08-17,,,801436.86,806827.05,90752.13
1987-08-18,,,865362.48,801770.39,91190.88
1987-08-19,,,848956.92,796887.19,91618.56
1987-08-20,,,910254.43,826315.73,92050.56
1987-08-21,,,944826.72,782773.65,92478.24
1987-08-22,,,896848.56,859586.85,92905.92
1987-08-23,,,982735.2,883655.1,93333.6
1987-08-24,,,907184.36,853375.65,93761.28
1987-08-25,,,957350.87,868953.15,94188.96
1987-08-26,,,945341.28,879109.79,94616.64
1987-08-27,,,934567.2,871061.03,95044.32
1987-08-28,,,923797.44,864474.3,95472.0
1987-08-29,,,913027.68,868715.85,95899.68
1987-08-30,,,902253.6,897302.07,96327.36
1987-08-31,,,891479.52,899490.19,96755.04
1987-09-01,,,880705.44,892347.16,97182.72
1987-09-02,,,881375.82,863526.54,97610.4
1987-09-03,,,895424.26,898135.56,98038.08
1987-09-04,,,802551.82,851213.27,98465.76
1987-09-05,,,870566.11,920423.17,98893.44
1987-09-06,,,995016.17,918939.87,99325.44
1987-09-07,,,858566.45,855541.18,99753.12
1987-09-08,,,900921.12,928144.28,100154.25
1987-09-09,,,985127.44,947205.04,100319.04
1987-09-10,,,926992.63,921446.78,100422.72
1987-09-11,,,959973.86,934993.06,100530.72
1987-09-12,,,1057567.8,944817.6,100638.72
1987-09-13,,,1014113.0,920167.2,100742.4
1987-09-14,,,985651.59,964408.2,100846.08
1987-09-15,,,939370.5,905448.19,100949.76
1987-09-16,,,910244.1,899881.7,101057.76
1987-09-17,,,962119.41,923660.65,101165.76
1987-09-18,,,955888.16,868617.23,101269.44
1987-09-19,,,948946.18,947894.53,101373.12
1987-09-20,,,1050282.57,980152.52,101481.12
1987-09-21,,,956169.3,893438.59,101589.12
1987-09-22,,,1004095.79,896369.85,101692.8
1987-09-23,,,947671.61,901474.33,101796.48
1987-09-24,,,1054639.32,905800.16,101900.16
1987-09-25,,,1136533.85,921230.94,102008.16
1987-09-26,,,1157445.56,1004976.2,102116.16
1987-09-27,,,1166279.27,905506.09,102219.84
1987-09-28,,,983818.05,932802.91,102323.52
1987-09-29,,,1024987.49,978747.62,102431.52
1987-09-30,,,1020389.55,988468.71,102539.52
1987-10-01,,,928231.49,924267.3,102643.2
1987-10-02,,,1019793.94,986467.33,102746.88
1987-10-03,,,1069847.34,1018110.86,102850.56
1987-10-04,,,1009437.86,969684.26,102958.56
1987-10-05,,,1028178.48,1011694.48,103066.56
1987-10-06,,,1045137.77,945283.35,103170.24
1987-10-07,,,1071799.32,1030608.32,103273.92
1987-10-08,,,1121733.7,944906.92,103381.92
1987-10-09,,,1086016.27,1092632.4,103489.92
1987-10-10,,,1124897.7,1008375.15,103593.6
1987-10-11,,,1011984.79,956435.25,103697.28
1987-10-12,,,1028132.71,907405.52,103805.28
1987-10-13,,,965369.33,980896.38,103913.28
1987-10-14,,,1055947.08,1000034.97,104016.96
1987-10-15,,,1055477.84,975294.02,104120.64
1987-10-16,,,1013635.5,960449.92,104224.32
1987-10-17,,,1070284.68,990822.9,104332.32
1987-10-18,,,1091765.72,1022757.6,104440.32
1987-10-19,,,1089320.58,1000642.56,104418.72
1987-10-20,,,1104416.81,1011418.04,103641.12
1987-10-21,,,1077378.24,911388.54,102733.92
1987-10-22,,,1101680.77,859683.64,101831.04
1987-10-23,,,1027805.14,715839.43,100928.16
1987-10-24,,,1011753.63,793295.85,100020.96
1987-10-25,,,1130872.92,933253.71,99118.08
1987-10-26,,,1362810.87,1009757.14,98215.2
1987-10-27,,,1200116.3,930466.35,97308.0
1987-10-28,,,1095890.03,843408.08,96405.12
1987-10-29,,,1034116.76,823234.62,95502.24
1987-10-30,,,1042255.15,902372.42,94595.04
1987-10-31,,,1096913.46,880680.02,93692.16
1987-11-01,,,1018873.34,919873.2,92789.28
1987-11-02,,,1093543.2,943347.18,91882.08
1987-11-03,,,1059488.7,877564.62,90979.2
1987-11-04,,,978804.0,853953.63,90076.32
1987-11-05,,,966438.3,850988.18,89169.12
1987-11-06,,,1235336.16,1073729.7,88266.24
1987-11-07,,,1376046.59,1032214.1,87363.36
1987-11-08,,,1230953.28,1039716.22,86543.37
1987-11-09,,,1175511.03,1005844.91,86400.0
1987-11-10,,,1043132.5,930445.37,86400.0
1987-11-11,,,996532.78,848786.2,86400.0
1987-11-12,,,906455.7,879843.39,86400.0
1987-11-13,,,1110184.86,951167.17,86400.0
1987-11-14,,,971534.91,810242.55,86400.0
1987-11-15,,,1046815.44,950284.59,86400.0
1987-11-16,,,983077.39,854330.9,86400.0
1987-11-17,,,897615.3,841938.08,86400.0
1987-11-18,,,888230.02,814251.49,86400.0
1987-11-19,,,897415.1,819682.48,86400.0
1987-11-20,,,891882.9,805432.68,86400.0
1987-11-21,,,887186.68,822973.28,86400.0
1987-11-22,,,954948.2,920087.48,86400.0
1987-11-23,,,882996.99,848730.27,86400.0
1987-11-24,,,866018.72,828997.36,86400.0
1987-11-25,,,847368.6,832395.93,86400.0
1987-11-26,,,954036.28,861854.65,86400.0
1987-11-27,,,865266.83,836489.32,86400.0
1987-11-28,,,879317.89,835336.8,86400.0
1987-11-29,,,946351.46,938451.55,86400.0
1987-11-30,,,887078.21,850576.94,86400.0
1987-12-01,,,796827.43,822871.54,86400.0
1987-12-02,,,795218.15,926239.98,86400.0
1987-12-03,,,845656.15,938576.07,86400.0
1987-12-04,,,860436.38,945556.2,86400.0
1987-12-05,,,888976.94,936319.8,86400.0
1987-12-06,,,965995.64,1001025.6,86400.0
1987-12-07,,,935207.5,955755.22,86400.0
1987-12-08,,,996906.66,1057679.8,86400.0
1987-12-09,,,1110980.04,1141880.83,86641.7
1987-12-10,,,1054216.76,1100170.59,88858.08
1987-12-11,,,1045322.4,1078559.51,91510.56
1987-12-12,,,1033316.46,1040535.89,94163.04
1987-12-13,,,1051696.58,1104370.56,96815.52
1987-12-14,,,969455.65,914100.99,99468.0
1987-12-15,,,1065541.92,1134165.53,102120.48
1987-12-16,,,1080161.23,1098226.82,104772.96
1987-12-17,,,1042527.77,1030926.0,107425.44
1987-12-18,,,1057890.2,1109826.6,110077.92
1987-12-19,,,1041823.0,1052044.71,112730.4
1987-12-20,,,1107485.24,1221868.69,115382.88
1987-12-21,,,1122476.49,1192995.26,118035.36
1987-12-22,,,1502604.53,1420718.46,120687.84
1987-12-23,,,1649457.5528571429,1503710.657142857,123340.32
1987-12-24,,,1796310.5757142857,1586702.8542857142,125992.8
1987-12-25,,,1943163.5985714286,1669695.0514285713,128152.14
1987-12-26,,,,,126908.64
1987-12-27,,,,,125012.16
1987-12-28,,,,,123115.68
1987-12-29,,,2530575.69,2001663.84,121223.52
1987-12-30,,,2246629.06,1797812.52,119331.36
1987-12-31,,,2014409.13,1661448.91,117434.88
1988-01-01,,,1857297.29,1594257.05,115538.4
1988-01-02,,,1756976.67,1504653.88,113646.24
1988-01-03,,,1796790.89,1501794.9,111749.76
1988-01-04,,,1630379.88,1420545.23,109853.28
1988-01-05,,,2392787.78,1997760.31,108300.6
1988-01-06,,,4452885.45,3870233.5,108630.72
1988-01-07,,,3846251.29,2760441.37,109248.48
1988-01-08,,,2906909.03,2277441.46,109866.24
1988-01-09,,,2609724.62,2088111.22,110484.0
1988-01-10,,,2414673.05,1978596.65,111101.76
1988-01-11,,,2254563.6,1831096.82,111719.52
1988-01-12,,,2181160.65,1775411.93,112789.2
1988-01-13,,,2140745.55,1768840.79,115335.36
1988-01-14,,,2099926.68,1674758.53,119225.88
1988-01-15,,,2152760.2,1811265.95,127215.36
1988-01-16,,,2553666.37,1889214.08,645887.87
1988-01-17,,,2453286.04,1910972.56,396818.15
1988-01-18,,,2262165.25,1756242.55,280114.69
1988-01-19,,,2154529.69,1721806.21,285200.75
1988-01-20,,,2121705.15,1693663.5,257512.86
1988-01-21,,,2135937.99,1677944.1,245376.0
1988-01-22,,,2096759.66,1665025.1,233690.4
1988-01-23,,,2224875.57,1763163.05,210319.2
1988-01-24,,,2112582.43,1726756.72,189948.19
1988-01-25,,,2399395.81,2268955.09,177996.96
1988-01-26,,,3466329.73,2886176.06,175154.4
1988-01-27,,,3008605.31,2444098.04,331643.39
1988-01-28,,,3027623.05,2591431.96,375739.75
1988-01-29,,,2749003.23,2391979.92,351361.2
1988-01-30,,,2679605.25,2289795.41,367904.08
1988-01-31,,,2656647.87,2241348.04,313599.19
1988-02-01,,,4158908.44,4701260.81,1292228.1
1988-02-02,,,5104027.785,4201653.335,1271445.8
1988-02-03,,,6049147.13,3702045.86,1250663.5
1988-02-04,,,5093461.17,3249754.14,1229881.2
1988-02-05,,,4621233.71,3039334.25,622968.0
1988-02-06,,,4053294.7,2783527.2,751051.41
1988-02-07,,,3600895.5,2644403.33,679679.53
1988-02-08,,,3288760.99,2571989.36,485870.54
1988-02-09,,,3091812.84,2436821.09,338397.25
1988-02-10,,,3070816.48,2402363.99,320794.17
1988-02-11,,,2908961.9,2276272.58,262595.52
1988-02-12,,,2802286.84,2230738.17,250059.29
1988-02-13,,,2754774.43,2205082.98,263260.8
1988-02-14,,,2580276.2,2181507.77,282222.85
1988-02-15,,,2506053.47,2093600.64,269136.9
1988-02-16,,,2545784.01,2098050.29,270959.81
1988-02-17,,,2786335.94,2269620.84,1134898.18
1988-02-18,,,2969143.61,2447574.74,593932.47
1988-02-19,,,2905845.0,2289135.22,597446.42
1988-02-20,,,2719491.29,2175324.12,567880.18
1988-02-21,,,2567481.39,2115225.75,190131.13
1988-02-22,,,2601608.54,2177097.99,135544.13
1988-02-23,,,3895835.38,3298763.7,1350141.69
1988-02-24,,,5170625.32,3784834.3,1309953.4933333334
1988-02-25,,,4196729.95,2956923.61,1269765.2966666666
1988-02-26,,,3525447.36,2758955.03,1229577.1
1988-02-27,,,3472915.17,2913706.06,2105244.82
1988-02-28,,,3788805.08,3121273.65,649338.45
1988-02-29,,,3607014.66,2978409.86,1304711.05
1988-03-01,,,3442948.79,2841466.42,1322309.5632
1988-03-02,,,3322485.79,2835287.34,1339908.0764000001
1988-03-03,,,3345651.77,2819324.44,1357506.5896
1988-03-04,,,3646348.46,3233299.7,
1988-03-05,,,3493081.01,2964928.99,
1988-03-06,,,3325328.63,2870466.45,
1988-03-07,,,4456259.33,4588476.81,
1988-03-08,,,5328778.49,4211734.73,
1988-03-09,,,4796993.68,3990236.95,
1988-03-10,,,4542001.84,3950236.16,
1988-03-11,,,4428788.73,3868080.38,
1988-03-12,,,4505024.35,3752953.23,
1988-03-13,,,4293002.81,3872590.11,
1988-03-14,,,4983648.43,3987098.76,
1988-03-15,,,4238160.1,3464875.85,
1988-03-16,,,3905110.35,3252068.46,
1988-03-17,,,3709243.74,3145319.16,
1988-03-18,,,3570502.9,3002503.56,
1988-03-19,,,3496299.62,2916124.99,
1988-03-20,,,3967837.13,3527076.58,
1988-03-21,,,4821723.99,3856835.67,
1988-03-22,,,4172740.8,3303988.03,
1988-03-23,,,3880956.33,3114627.0,
1988-03-24,,,3600021.78,3037541.81,
1988-03-25,,,3454633.09,2957396.45,1744673.88
1988-03-26,,,3367099.57,2849153.24,1419913.86
1988-03-27,,,3371158.2,2927925.68,1446478.73
1988-03-28,,,3269082.6,2789947.43,1408368.71
1988-03-29,,,3153149.3,2695437.71,993105.77
1988-03-30,,,3101237.21,2654178.47,427994.05
1988-03-31,,,3008011.78,2576667.1,603289.27
1988-04-01,,,2991840.96,2554357.26,562148.29
1988-04-02,,,2938872.61,2471902.49,533520.27
1988-04-03,,,2873868.97,2460781.94,437566.7
1988-04-04,,,2794867.09,2429838.0,330977.96
1988-04-05,,,2786694.87,2380551.82,286800.01
1988-04-06,,,2747289.31,2331895.96,302424.67
1988-04-07,,,2702881.28,2279500.38,339769.4825
1988-04-08,,,2633142.85,2230954.15,377114.295
1988-04-09,,,2674885.39,2253531.47,414459.1075
1988-04-10,,,2543453.27,2203067.7,451803.92
1988-04-11,,,2508649.61,2201152.72,497925.87
1988-04-12,,,2480851.2,2206028.09,544047.8200000001
1988-04-13,,,2416220.17,2133248.78,590169.77
1988-04-14,,,2391378.93,2099706.2,563785.0525
1988-04-15,,,2400599.36,2085016.45,537400.335
1988-04-16,,,2287811.82,2023791.21,511015.61750000005
1988-04-17,,,2624070.72,2176815.58,
1988-04-18,,,2470667.16,2060079.55,
1988-04-19,,,2353448.68,2041893.97,
1988-04-20,,,2318249.97,1981156.15,
1988-04-21,,,2338237.08,1987291.73,379092.03
1988-04-22,,,2302708.64,1985349.42,366336.0
1988-04-23,,,2303869.94,1980388.57,344338.5
1988-04-24,,,2317597.82,2005988.15,281664.0
1988-04-25,,,2206060.65,1939920.16,376527.12
1988-04-26,,,2154595.24,1889009.46,450793.2966666667
1988-04-27,,,2111584.73,1875491.14,525059.4733333334
1988-04-28,,,2095369.87,1883259.48,599325.65
1988-04-29,,,2069174.1,1858756.83,400203.36
1988-04-30,,,2021827.09,1812783.11,367306.4175
1988-05-01,,,2099204.18,1865223.68,334409.475
1988-05-02,,,2025200.25,1847955.93,301512.53250000003
1988-05-03,,,2019870.11,1809938.81,268615.59
1988-05-04,,,1961964.64,1779099.35,246797.28
1988-05-05,,,1923737.15,1751088.59,242343.36
1988-05-06,,,1907445.13,1704053.7,237889.44
1988-05-07,,,1918360.25,1705077.88,233435.52
1988-05-08,,,1819657.32,1682624.35,228977.28
1988-05-09,,,1789046.1,1642811.63,224523.36
1988-05-10,,,1777598.55,1599889.43,220069.44
1988-05-11,,,1705070.49,1559654.75,215611.2
1988-05-12,,,1677307.13,1536252.37,211157.28
1988-05-13,,,1639081.42,1540843.12,206703.36
1988-05-14,,,1614653.56,1450124.93,202249.44
1988-05-15,,,1647524.9,1530274.41,197795.52
1988-05-16,,,1540744.55,1404945.99,193337.28
1988-05-17,,,1520328.81,1420947.49,188883.36
1988-05-18,,,1539950.06,1426396.75,184429.44
1988-05-19,,,1488500.62,1354210.57,179971.2
1988-05-20,,,1554003.9,1424556.43,175517.28
1988-05-21,,,1595997.38,1410652.78,171063.36
1988-05-22,,,1577235.7,1429920.0,166609.44
1988-05-23,,,1508547.46,1415806.39,162494.64
1988-05-24,,,1518904.36,1392102.83,159978.24
1988-05-25,,,1437627.17,1340008.56,157667.04
1988-05-26,,,1495339.98,1381176.62,155360.16
1988-05-27,,,1503243.51,1391724.11,153053.28
1988-05-28,,,1497749.74,1366535.22,150746.4
1988-05-29,,,1450953.58,1362521.88,148435.2
1988-05-30,,,1387193.75,1327839.11,146124.0
1988-05-31,,,1391412.6,1307778.16,143817.12
1988-06-01,,,1415872.0,1292632.83,141510.24
1988-06-02,,,1391589.98,1295107.2,139203.36
1988-06-03,,,1363479.41,1270547.4,136892.16
1988-06-04,,,1413641.66,1316100.92,134580.96
1988-06-05,,,1430973.05,1323858.74,132274.08
1988-06-06,,,1333934.46,1261846.67,129967.2
1988-06-07,,,1341457.27,1241629.62,127660.32
1988-06-08,,,1275064.89,1221636.32,125349.12
1988-06-09,,,1183928.7,1176918.12,123037.92
1988-06-10,,,1176273.84,1162811.4,120731.04
1988-06-11,,,1183712.52,1162656.2,118424.16
1988-06-12,,,1160693.48,1199763.87,116117.28
1988-06-13,,,1053799.0,1088225.41,113806.08
1988-06-14,,,1104618.43,1097099.17,111494.88
1988-06-15,,,1050343.47,1098330.75,109188.0
1988-06-16,,,1045364.07,1013317.35,106881.12
1988-06-17,,,1060779.12,1070699.94,104574.24
1988-06-18,,,1183345.28,1079521.77,102263.04
1988-06-19,,,1091554.68,1040488.91,99951.84
1988-06-20,,,1109249.39,1074054.02,97644.96
1988-06-21,,,1071008.65,1000176.8,95338.08
1988-06-22,,,1026955.78,942836.71,93031.2
1988-06-23,,,1002509.04,948660.9,91158.48
1988-06-24,,,964332.15,905928.23,91912.32
1988-06-25,,,1042910.47,1001417.93,93104.64
1988-06-26,,,979577.56,939710.85,94296.96
1988-06-27,,,948252.34,924427.19,95484.96
1988-06-28,,,949703.03,878656.25,96672.96
1988-06-29,,,902798.3,872639.24,97865.28
1988-06-30,,,837115.38,836912.48,99057.6
1988-07-01,,,834506.35,832090.82,100249.92
1988-07-02,,,867934.94,848640.89,101442.24
1988-07-03,,,884594.21,867164.5,102634.56
1988-07-04,,,830634.49,830075.35,103826.88
1988-07-05,,,777437.18,769122.0,105019.2
1988-07-06,,,744881.69,779606.55,106207.2
1988-07-07,,,714386.82,777443.4,107395.2
1988-07-08,,,721661.22,756194.85,108587.52
1988-07-09,,,792131.33,802076.4,109779.84
1988-07-10,,,783876.38,743892.75,110972.16
1988-07-11,,,661451.7,699132.48,112164.48
1988-07-12,,,632058.73,718336.55,113356.8
1988-07-13,,,635226.14,640344.5,114549.12
1988-07-14,,,647819.99,737141.73,115737.12
1988-07-15,,,670778.12,653157.9,116925.12
1988-07-16,,,667577.36,705232.33,118117.44
1988-07-17,,,679084.17,668047.06,119309.76
1988-07-18,,,635467.96,599051.8,120502.08
1988-07-19,,,691946.69,666651.21,121694.4
1988-07-20,,,676081.16,634316.18,122886.72
1988-07-21,,,761585.2,669238.56,124079.04
1988-07-22,,,780817.43,685319.88,124977.6
1988-07-23,,,873561.93,690895.69,124053.12
1988-07-24,,,731514.0,620842.99,122808.96
1988-07-25,,,666301.74,650117.1,121564.8
1988-07-26,,,688137.87,627432.41,120320.64
1988-07-27,,,626035.71,611210.09,119076.48
1988-07-28,,,595391.51,607069.54,117836.64
1988-07-29,,,664153.8,639028.81,116596.8
1988-07-30,,,722959.61,634283.68,115352.64
1988-07-31,,,821553.62,654798.09,114108.48
1988-08-01,,,608506.07,597707.51,112864.32
1988-08-02,,,715801.82,621482.81,111620.16
1988-08-03,,,621488.69,575368.68,110376.0
1988-08-04,,,611531.8,621237.15,109136.16
1988-08-05,,,670232.24,615922.95,107896.32
1988-08-06,,,744708.52,631053.26,106652.16
1988-08-07,,,723247.83,645509.24,105593.76
1988-08-08,,,640851.45,619261.33,105645.6
1988-08-09,,,623671.07,619062.1,105878.88
1988-08-10,,,718789.8,626626.08,106112.16
1988-08-11,,,741056.76,635041.83,106345.44
1988-08-12,,,828108.5,658839.56,106578.72
1988-08-13,,,907108.68,703347.43,106812.0
1988-08-14,,,973543.5,709180.25,107045.28
1988-08-15,,,853790.4,658441.14,107278.56
1988-08-16,,,781107.46,646008.3,107511.84
1988-08-17,,,830355.36,670074.42,107745.12
1988-08-18,,,887224.59,698680.46,107978.4
1988-08-19,,,865638.03,669191.04,108211.68
1988-08-20,,,888884.23,666571.08,108444.96
1988-08-21,,,977908.11,722019.15,108678.24
1988-08-22,,,916328.7,591262.9,108911.52
1988-08-23,,,879612.0,654334.74,109144.8
1988-08-24,,,834833.12,603755.2,109378.08
1988-08-25,,,954634.07,710374.83,109611.36
1988-08-26,,,876091.37,655833.85,109848.96
1988-08-27,,,952347.61,697078.38,110086.56
1988-08-28,,,1075008.85,770624.62,110319.84
1988-08-29,,,953317.54,741703.76,110553.12
1988-08-30,,,920889.24,683606.83,110786.4
1988-08-31,,,1104240.57,794943.53,111019.68
1988-09-01,,,963525.86,684170.96,111252.96
1988-09-02,,,1159635.04,813057.14,111380.4
1988-09-03,,,1110961.01,772414.79,111114.72
1988-09-04,,,1103228.59,807300.75,110808.0
1988-09-05,,,1008375.3,725295.29,110501.28
1988-09-06,,,958215.76,702701.78,110198.88
1988-09-07,,,1048415.61,690956.56,109896.48
1988-09-08,,,987306.27,795229.37,109589.76
1988-09-09,,,1006826.42,717925.66,109283.04
1988-09-10,,,994309.2,779538.83,108980.64
1988-09-11,,,1146916.44,793950.14,108673.92
1988-09-12,,,1067469.2,694255.09,108367.2
1988-09-13,,,1123513.44,825411.76,108064.8
1988-09-14,,,1089269.79,868844.32,107762.4
1988-09-15,,,1149562.48,771845.8,107455.68
1988-09-16,,,932730.02,778319.66,107148.96
1988-09-17,,,994628.87,813202.65,106846.56
1988-09-18,,,1169258.41,838110.09,106539.84
1988-09-19,,,1019322.8,770499.57,106233.12
1988-09-20,,,954276.66,812792.87,105930.72
1988-09-21,,,1127790.44,706954.23,105628.32
1988-09-22,,,975680.32,803770.13,105321.6
1988-09-23,,,1188894.08,843731.79,105014.88
1988-09-24,,,987666.41,758499.11,104712.48
1988-09-25,,,963465.4,787532.93,104405.76
1988-09-26,,,1001297.09,846055.75,104099.04
1988-09-27,,,1132670.06,749158.54,103796.64
1988-09-28,,,1082798.77,723548.17,103494.24
1988-09-29,,,1085680.19,796608.12,103187.52
1988-09-30,,,1043715.72,805071.78,102880.8
1988-10-01,,,1179945.6,780897.3,102660.48
1988-10-02,,,1115491.08,704394.62,102353.76
1988-10-03,,,1149192.38,834166.29,102047.04
1988-10-04,,,1138238.93,757458.13,101740.32
1988-10-05,,,1226518.48,887040.32,101433.6
1988-10-06,,,1185321.69,845023.5,101126.88
1988-10-07,,,1214704.37,891941.64,100820.16
1988-10-08,,,1219853.42,832513.24,100513.44
1988-10-09,,,1259893.95,832110.8,100206.72
1988-10-10,,,1098649.13,829472.4,99895.68
1988-10-11,,,1148695.8,850987.44,99588.96
1988-10-12,,,1152933.29,861691.05,99282.24
1988-10-13,,,1163812.58,834300.51,98975.52
1988-10-14,,,1095741.71,836459.1,98668.8
1988-10-15,,,1157929.21,843422.55,98362.08
1988-10-16,,,1161996.64,810481.29,98055.36
1988-10-17,,,1030775.24,868689.0,97748.64
1988-10-18,,,1116413.26,902627.79,97441.92
1988-10-19,,,1143615.13,907304.58,97130.88
1988-10-20,,,1086595.44,840841.06,96824.16
1988-10-21,,,1085897.77,836008.9,96517.44
1988-10-22,,,1156280.61,860655.09,96210.72
1988-10-23,,,1182083.65,908704.54,95936.4
1988-10-24,,,1052135.04,816723.73,95847.84
1988-10-25,,,1061893.7,822720.81,95787.36
1988-10-26,,,1126434.32,877000.98,95731.2
1988-10-27,,,1181756.33,895248.48,95675.04
1988-10-28,,,1200318.91,841854.59,95614.56
1988-10-29,,,1229784.42,828718.08,95558.4
1988-10-30,,,1321675.02,890664.17,95502.24
1988-10-31,,,1239381.0,828041.34,95441.76
1988-11-01,,,1253328.9,801602.54,95385.6
1988-11-02,,,1243032.9,840475.4,95329.44
1988-11-03,,,1202927.7,821272.7,95268.96
1988-11-04,,,1242387.59,827916.81,95212.8
1988-11-05,,,1209316.19,919001.17,95156.64
1988-11-06,,,1215763.44,858836.9,95096.16
1988-11-07,,,1218463.48,904912.33,95040.0
1988-11-08,,,1105316.42,943083.62,94983.84
1988-11-09,,,1104283.24,890543.33,94923.36
1988-11-10,,,1198520.39,865174.15,94867.2
1988-11-11,,,1173736.19,889613.99,94811.04
1988-11-12,,,1192083.25,836491.23,94750.56
1988-11-13,,,1183956.83,991166.82,94694.4
1988-11-14,,,1132025.36,856372.43,94638.24
1988-11-15,,,1193681.53,858862.53,94577.76
1988-11-16,,,1067915.65,747298.15,94521.6
1988-11-17,,,1183858.26,891969.99,94465.44
1988-11-18,,,1179988.53,861063.12,94404.96
1988-11-19,,,1363248.62,926020.33,94348.8
1988-11-20,,,1284873.9,933113.05,94292.64
1988-11-21,,,1234613.36,839329.04,94232.16
1988-11-22,,,1230123.66,823314.38,94177.94
1988-11-23,,,1230479.78,834283.72,94145.76
1988-11-24,,,1114512.57,802351.65,94115.52
1988-11-25,,,1116652.03,835617.41,94085.28
1988-11-26,,,939194.06,812298.34,94055.04
1988-11-27,,,924359.3,882791.99,94024.8
1988-11-28,,,910307.4,827246.63,93998.88
1988-11-29,,,923854.69,817637.44,93968.64
1988-11-30,,,889194.96,809599.73,93938.4
1988-12-01,,,784601.81,632805.54,93908.16
1988-12-02,,,947444.63,966430.83,93877.92
1988-12-03,,,857014.62,782689.12,93847.68
1988-12-04,,,837027.42,852274.34,93817.44
1988-12-05,,,807376.71,819331.8,93787.2
1988-12-06,,,846005.12,779736.18,93756.96
1988-12-07,,,894235.86,809565.57,93731.04
1988-12-08,,,930657.3,824027.55,93700.8
1988-12-09,,,918778.99,793818.21,93670.56
1988-12-10,,,1013218.82,811941.39,93640.32
1988-12-11,,,833201.48,723459.86,93610.08
1988-12-12,,,854432.91,774521.9,93579.84
1988-12-13,,,868036.96,752504.71,93549.6
1988-12-14,,,857594.34,835083.73,93523.68
1988-12-15,,,860698.61,766213.68,93493.44
1988-12-16,,,858375.3,762922.25,93463.2
1988-12-17,,,907111.38,784422.46,93432.96
1988-12-18,,,931629.0,891360.2,93402.72
1988-12-19,,,1214781.18,1076735.28,93372.48
1988-12-20,,,1434536.21,1171842.09,93342.24
1988-12-21,,,1198278.58,1003934.7,93641.4
1988-12-22,,,1099026.34,925843.45,96266.88
1988-12-23,,,1028534.22,909187.2,99347.04
1988-12-24,,,1033784.97,886341.59,102278.7
1988-12-25,,,1410076.31,1444681.37,109446.91
1988-12-26,,,2466435.65,1681318.955,111598.94
1988-12-27,,,2387726.6550000003,1917956.54,168040.25
1988-12-28,,,2309017.66,1619608.96,198774.06
1988-12-29,,,2229667.49,1456533.12,160886.46
1988-12-30,,,1857826.17,1372640.08,125848.09
1988-12-31,,,1565980.8,1303257.25,137083.72
1989-01-01,,,1350119.15,1291090.04,143480.16
1989-01-02,,,1289226.72,1229563.86,138408.48
1989-01-03,,,1389210.0,1233724.72,133341.12
1989-01-04,,,1271912.28,1166437.2,128273.76
1989-01-05,,,1225078.65,1131859.63,123202.08
1989-01-06,,,1207788.1,1093497.16,118130.4
1989-01-07,,,1176205.65,1082094.9,113058.72
1989-01-08,,,1217382.48,1157987.5,107991.36
1989-01-09,,,1156263.55,1084063.87,103487.94
1989-01-10,,,1267612.74,1096261.8,102673.44
1989-01-11,,,1248961.5,1086336.44,102522.24
1989-01-12,,,1266328.77,1071948.51,102371.04
1989-01-13,,,1242447.47,1049390.4,102224.16
1989-01-14,,,1242846.81,1003122.45,102077.28
1989-01-15,,,1309458.0,1098589.1,101930.4
1989-01-16,,,1320302.45,1081286.28,101779.2
1989-01-17,,,1261908.44,1043597.35,101628.0
1989-01-18,,,1241742.12,1022894.23,101481.12
1989-01-19,,,1242613.85,1072085.0,101334.24
1989-01-20,,,1280138.08,1069277.36,101187.36
1989-01-21,,,1244952.31,1048242.53,101036.16
1989-01-22,,,1247519.4,1106848.77,100884.96
1989-01-23,,,1202986.21,1027477.73,100738.08
1989-01-24,,,1205505.83,1034714.52,100591.2
1989-01-25,,,1186767.36,1008107.43,100444.32
1989-01-26,,,1154207.32,995716.94,100293.12
1989-01-27,,,1210035.05,980442.48,100141.92
1989-01-28,,,1197978.61,984281.77,99995.04
1989-01-29,,,1136065.41,1051732.04,99848.16
1989-01-30,,,1073448.05,985172.65,99701.28
1989-01-31,,,1020433.45,980552.08,99550.08
1989-02-01,,,953914.89,959080.88,99398.88
1989-02-02,,,1072252.29,991059.59,99252.0
1989-02-03,,,1104425.51,973464.98,99105.12
1989-02-04,,,1103882.9,961425.2,98958.24
1989-02-05,,,1138885.52,999879.6,98807.04
1989-02-06,,,1139400.65,974001.45,98655.84
1989-02-07,,,1059856.83,950826.92,98702.04
1989-02-08,,,1027587.5,924465.48,100444.32
1989-02-09,,,1044774.02,955912.75,102582.72
1989-02-10,,,1141051.55,976343.47,104725.44
1989-02-11,,,954425.26,969414.57,106868.16
1989-02-12,,,1211082.0,1090037.14,109006.56
1989-02-13,,,1164181.89,1014235.5,111144.96
1989-02-14,,,1131459.08,989521.82,113287.68
1989-02-15,,,1106722.87,966623.11,115430.4
1989-02-16,,,1097914.54,983699.29,116826.17
1989-02-17,,,1105850.05,973893.89,114268.32
1989-02-18,,,1154392.96,927267.3,111132.0
1989-02-19,,,1141301.27,1012033.53,108390.96
1989-02-20,,,1063425.39,977761.49,108000.0
1989-02-21,,,1056607.67,957768.15,108000.0
1989-02-22,,,1051419.94,969653.08,108000.0
1989-02-23,,,1134762.26,977388.75,108000.0
1989-02-24,,,1170468.87,965637.66,108000.0
1989-02-25,,,1160174.65,970271.54,108000.0
1989-02-26,,,1069129.22,1041922.96,108000.0
1989-02-27,,,1094888.6,966418.27,108000.0
1989-02-28,,,1000411.7,912117.73,108000.0
1989-03-01,,,938607.02,996707.26,108000.0
1989-03-02,,,955920.24,952030.23,108000.0
1989-03-03,,,1002453.03,936297.6,108000.0
1989-03-04,,,1026308.89,935622.45,108000.0
1989-03-05,,,1044294.67,983168.72,108000.0
1989-03-06,,,970894.97,915317.01,108000.0
1989-03-07,,,1017024.54,898105.91,108000.0
1989-03-08,,,1001791.45,905039.8,108000.0
1989-03-09,,,976293.7,906379.43,108000.0
1989-03-10,,,960923.93,904181.3,108000.0
1989-03-11,,,959327.42,866277.45,108000.0
1989-03-12,,,965031.03,921919.65,108000.0
1989-03-13,,,911386.69,861207.35,108000.0
1989-03-14,,,979447.58,910247.14,108000.0
1989-03-15,,,1452441.0,1363125.14,108000.0
1989-03-16,,,3026914.46,2880036.19,107964.9
1989-03-17,,,2749815.72,2068542.7,107753.76
1989-03-18,,,2008824.62,1630568.78,107520.48
1989-03-19,,,1771155.67,1504245.76,107282.88
1989-03-20,,,1695153.46,1440617.1,107045.28
1989-03-21,,,1577472.27,1377031.96,106812.0
1989-03-22,,,1471259.7,1320470.8,106578.72
1989-03-23,,,1456504.02,1353462.97,106341.12
1989-03-24,,,1439051.04,1314752.18,106103.52
1989-03-25,,,1370891.59,1231555.2,105870.24
1989-03-26,,,1377210.11,1305387.8,105632.64
1989-03-27,,,1334284.62,1208485.58,105395.04
1989-03-28,,,1457709.95,1333631.83,105161.76
1989-03-29,,,1510164.12,1231781.63,104928.48
1989-03-30,,,1370198.43,1181893.1,104690.88
1989-03-31,,,1370554.84,1178176.84,104453.28
1989-04-01,,,1222870.99,1117894.8,104220.0
1989-04-02,,,1298499.83,1217064.19,103982.4
1989-04-03,,,1160891.22,1109508.1,103744.8
1989-04-04,,,1142610.31,1064118.19,103511.52
1989-04-05,,,1081031.45,1060673.46,103278.24
1989-04-06,,,1065450.64,1017189.12,103040.64
1989-04-07,,,1003549.92,1019890.45,102607.14
1989-04-08,,,1025988.04,1053829.8,101196.0
1989-04-09,,,1010124.79,1014158.3,99649.44
1989-04-10,,,895512.21,960606.95,98107.2
1989-04-11,,,946376.35,966978.95,96564.96
1989-04-12,,,918078.81,975826.24,95018.4
1989-04-13,,,948583.25,986010.14,93471.84
1989-04-14,,,938619.88,934290.56,91925.28
1989-04-15,,,970659.18,950397.54,90383.04
1989-04-16,,,933242.03,948778.16,88840.8
1989-04-17,,,900419.6,943760.2,87294.24
1989-04-18,,,853967.08,868268.56,85747.68
1989-04-19,,,836755.15,876215.69,84201.12
1989-04-20,,,880217.01,884959.2,82658.88
1989-04-21,,,822852.65,883748.25,81116.64
1989-04-22,,,840665.94,867957.02,79570.08
1989-04-23,,,765385.95,914835.75,78023.52
1989-04-24,,,771125.12,832760.84,76476.96
1989-04-25,,,984297.23,867420.3,74934.72
1989-04-26,,,1033410.59,861354.65,73392.48
1989-04-27,,,987990.73,808012.06,71845.92
1989-04-28,,,996491.81,877463.7,70299.36
1989-04-29,,,970766.0,807297.08,68752.8
1989-04-30,,,924251.78,844738.27,67210.56
1989-05-01,,,908236.07,800748.79,65668.32
1989-05-02,,,900777.36,806044.52,64121.76
1989-05-03,,,815072.85,753230.4,62575.2
1989-05-04,,,776437.82,752397.76,61028.64
1989-05-05,,,815738.2,756788.49,59804.64
1989-05-06,,,682131.12,659040.82,59970.24
1989-05-07,,,969018.48,833725.47,60298.56
1989-05-08,,,849040.19,761464.86,60622.56
1989-05-09,,,822596.22,768830.2,60946.56
1989-05-10,,,882837.31,759435.9,61274.88
1989-05-11,,,909278.41,778216.77,61603.2
1989-05-12,,,788004.71,730899.95,61927.2
1989-05-13,,,762152.66,688063.13,62251.2
1989-05-14,,,739719.7,704237.34,62579.52
1989-05-15,,,612778.0,621398.01,62907.84
1989-05-16,,,649935.71,631644.91,63231.84
1989-05-17,,,565497.74,606494.36,63555.84
1989-05-18,,,534388.02,592881.88,63884.16
1989-05-19,,,419682.71,531780.66,64212.48
1989-05-20,,,521957.01,552535.82,64536.48
1989-05-21,,,454025.69,637551.39,64860.48
1989-05-22,,,285006.9,542702.56,65188.8
1989-05-23,,,346499.48,544880.41,65517.12
1989-05-24,,,504562.33,537020.52,65841.12
1989-05-25,,,454417.74,474381.78,66165.12
1989-05-26,,,464632.78,542405.34,66493.44
1989-05-27,,,410949.47,563909.88,66821.76
1989-05-28,,,397801.94,561285.81,67145.76
1989-05-29,,,400987.95,559062.83,67469.76
1989-05-30,,,309898.41,454043.6,67798.08
1989-05-31,,,279154.61,517986.79,68126.4
1989-06-01,,,429176.75,624124.69,68450.4
1989-06-02,,,419925.91,586889.19,68774.4
1989-06-03,,,346349.54,549189.67,69102.72
1989-06-04,,,375036.89,517826.16,69431.04
1989-06-05,,,213682.52,459278.22,69755.04
1989-06-06,,,235355.75,503089.44,70079.04
1989-06-07,,,304868.98,575345.22,70407.36
1989-06-08,,,226418.36,434235.39,70735.68
1989-06-09,,,242241.55,495785.84,71059.68
1989-06-10,,,395708.05,536458.84,71383.68
1989-06-11,,,196479.75,417379.88,71629.92
1989-06-12,,,165953.68,458382.57,71388.0
1989-06-13,,,179275.17,422457.22,71068.32
1989-06-14,,,141434.63,393157.41,70748.64
1989-06-15,,,140031.23,398142.17,70424.64
1989-06-16,,,119880.69,381859.35,70100.64
1989-06-17,,,136013.06,388577.49,69780.96
1989-06-18,,,160385.3,368436.86,69461.28
1989-06-19,,,129313.68,339193.08,69137.28
1989-06-20,,,98752.5,341544.6,68813.28
1989-06-21,,,102832.38,338316.35,68493.6
1989-06-22,,,461482.13,330956.06,68169.6
1989-06-23,,,415452.68,312503.12,67845.6
1989-06-24,,,439244.22,311982.95,67525.92
1989-06-25,,,426674.8,331462.46,67206.24
1989-06-26,,,347669.91,338382.68,66882.24
1989-06-27,,,302370.0,323510.45,66558.24
1989-06-28,,,275839.27,322277.04,66238.56
1989-06-29,,,227107.92,320361.28,65918.88
1989-06-30,,,235229.1,325007.15,65594.88
1989-07-01,,,284634.01,327068.47,65270.88
1989-07-02,,,344065.86,344409.48,64951.2
1989-07-03,,,262309.25,328255.2,64631.52
1989-07-04,,,212972.99,317383.56,64307.52
1989-07-05,,,209665.8,317812.03,64014.18
1989-07-06,,,212497.49,306315.99,64078.56
1989-07-07,,,150355.18,306014.79,64242.72
1989-07-08,,,255904.59,312597.79,64406.88
1989-07-09,,,379537.66,303730.2,64571.04
1989-07-10,,,203022.99,292096.44,64735.2
1989-07-11,,,138889.08,291417.48,64899.36
1989-07-12,,,121273.16,284040.0,65063.52
1989-07-13,,,105061.25,280099.66,65227.68
1989-07-14,,,153623.32,274383.91,65396.16
1989-07-15,,,264299.72,285168.29,65564.64
1989-07-16,,,209536.62,296277.84,65728.8
1989-07-17,,,132323.74,291955.68,65892.96
1989-07-18,,,133565.22,275909.04,66057.12
1989-07-19,,,104352.77,265078.8,66221.28
1989-07-20,,,123931.28,264731.04,66385.44
1989-07-21,,,131124.96,286383.24,66549.6
1989-07-22,,,234839.08,286391.52,66713.76
1989-07-23,,,226874.17,272647.27,66877.92
1989-07-24,,,107322.84,257226.7,67042.08
1989-07-25,,,102483.53,261799.92,67210.56
1989-07-26,,,100441.38,267663.52,67379.04
1989-07-27,,,118198.93,251711.67,67543.2
1989-07-28,,,71529.46,253328.4,67707.36
1989-07-29,,,100016.62,271481.76,67871.52
1989-07-30,,,125778.12,264117.24,68035.68
1989-07-31,,,74041.11,241017.77,68199.84
1989-08-01,,,148110.38,248559.84,68364.0
1989-08-02,,,292772.42,249530.35,68528.16
1989-08-03,,,204950.24,251528.64,68692.32
1989-08-04,,,243722.53,247817.4,68860.8
1989-08-05,,,370411.01,248688.88,69029.28
1989-08-06,,,332662.28,240182.51,69193.44
1989-08-07,,,185815.86,238118.4,69357.6
1989-08-08,,,281882.21,243571.8,69521.76
1989-08-09,,,241926.21,244779.6,69685.92
1989-08-10,,,267444.94,262329.84,69850.08
1989-08-11,,,392452.34,269097.24,70014.24
1989-08-12,,,494529.21,242422.25,70178.4
1989-08-13,,,402591.68,241646.41,70342.56
1989-08-14,,,351026.39,239883.44,70511.04
1989-08-15,,,385171.12,238118.4,70679.52
1989-08-16,,,407581.36,239099.28,70854.3
1989-08-17,,,512285.93,234831.72,71115.84
1989-08-18,,,398160.0,215821.68,71396.64
1989-08-19,,,427413.98,217615.08,71677.44
1989-08-20,,,452929.19,231665.91,71953.92
1989-08-21,,,306062.78,234637.73,72234.72
1989-08-22,,,310518.66,240460.8,72515.52
1989-08-23,,,397351.76,232782.12,72796.32
1989-08-24,,,533890.25,226450.32,73077.12
1989-08-25,,,548479.66,212674.58,73353.6
1989-08-26,,,605841.16,227312.64,73634.4
1989-08-27,,,533061.75,237154.44,73915.2
1989-08-28,,,470751.19,242642.16,74191.68
1989-08-29,,,409295.93,222499.06,74472.48
1989-08-30,,,383813.14,217918.37,74753.28
1989-08-31,,,312673.8,211607.39,75034.08
1989-09-01,,,364330.13,223412.52,75314.88
1989-09-02,,,433385.47,222701.66,75591.36
1989-09-03,,,391155.31,228208.27,75872.16
1989-09-04,,,358654.31,224095.56,76152.96
1989-09-05,,,348436.01,227841.6,76433.76
1989-09-06,,,292034.74,230716.3,76714.56
1989-09-07,,,337090.79,240364.81,76991.04
1989-09-08,,,441291.52,251230.49,77271.84
1989-09-09,,,512817.31,253679.82,77552.64
1989-09-10,,,477693.95,262710.26,77829.12
1989-09-11,,,455617.34,258276.95,78109.92
1989-09-12,,,429376.63,258670.44,78390.72
1989-09-13,,,429452.47,242742.84,78671.52
1989-09-14,,,450011.45,267756.77,78952.32
1989-09-15,,,477258.53,271007.28,79228.8
1989-09-16,,,544430.75,297428.76,79509.6
1989-09-17,,,530976.89,316592.46,79790.4
1989-09-18,,,530518.77,327553.14,80071.2
1989-09-19,,,508366.03,298774.75,80389.38
1989-09-20,,,608471.94,336354.84,80943.84
1989-09-21,,,595999.44,301573.4,81544.32
1989-09-22,,,475114.42,244925.03,82144.8
1989-09-23,,,485756.4,228185.16,82740.96
1989-09-24,,,544670.61,309343.13,83337.12
1989-09-25,,,507123.47,270406.39,83937.6
1989-09-26,,,467460.7,228734.16,84538.08
1989-09-27,,,456930.27,278345.64,85134.24
1989-09-28,,,423161.86,241835.52,85730.4
1989-09-29,,,441085.85,290916.0,86326.56
1989-09-30,,,464734.61,295597.44,86927.04
1989-10-01,,,504655.49,304445.28,87527.52
1989-10-02,,,469711.79,291136.38,87981.06
1989-10-03,,,501806.17,288158.4,87553.44
1989-10-04,,,319403.87,270604.68,86978.88
1989-10-05,,,301556.55,266856.82,86404.32
1989-10-06,,,342069.9,309549.23,85825.44
1989-10-07,,,431862.07,302623.01,85250.88
1989-10-08,,,432120.72,314245.29,84676.32
1989-10-09,,,422643.73,329290.2,84097.44
1989-10-10,,,357721.2,296202.14,83522.88
1989-10-11,,,379282.53,295769.44,82948.32
1989-10-12,,,406417.38,304631.16,82369.44
1989-10-13,,,497073.54,338193.45,81794.88
1989-10-14,,,498957.59,306644.75,81220.32
1989-10-15,,,541294.99,326330.13,80641.44
1989-10-16,,,482936.32,299587.16,80066.88
1989-10-17,,,553048.99,317512.05,79492.32
1989-10-18,,,604727.69,307111.75,78913.44
1989-10-19,,,489524.45,296612.67,78338.88
1989-10-20,,,524127.0,322067.84,77764.32
1989-10-21,,,473815.45,341021.93,77185.44
1989-10-22,,,562877.72,348173.88,76610.88
1989-10-23,,,523179.47,285464.61,76036.32
1989-10-24,,,468742.1,292468.65,75457.44
1989-10-25,,,455727.63,297699.94,74882.88
1989-10-26,,,398497.69,306951.14,74308.32
1989-10-27,,,417956.71,332835.51,73729.44
1989-10-28,,,426894.38,366581.46,73154.88
1989-10-29,,,434650.27,357796.21,72580.32
1989-10-30,,,502101.83,397534.63,72001.44
1989-10-31,,,547710.07,342993.14,71426.88
1989-11-01,,,500355.78,336796.2,70852.32
1989-11-02,,,503280.83,325155.13,70273.44
1989-11-03,,,533632.47,317361.71,69694.56
1989-11-04,,,509871.02,300368.16,69120.0
1989-11-05,,,504729.3,317873.86,68545.44
1989-11-06,,,535763.4,379423.8,67966.56
1989-11-07,,,506794.52,333976.17,67392.0
1989-11-08,,,490891.53,333180.84,66817.44
1989-11-09,,,436926.3,303724.67,66238.56
1989-11-10,,,488968.02,323698.07,65664.0
1989-11-11,,,491894.59,338709.6,65089.44
1989-11-12,,,470378.4,343002.71,64510.56
1989-11-13,,,451468.94,331024.23,63936.0
1989-11-14,,,577352.01,373563.53,63361.44
1989-11-15,,,740653.9,395281.36,62782.56
1989-11-16,,,1021790.69,490500.59,62208.0
1989-11-17,,,572916.36,378672.78,61633.44
1989-11-18,,,581421.84,426698.78,61054.56
1989-11-19,,,621001.07,480909.75,60657.12
1989-11-20,,,630406.09,437615.46,61326.72
1989-11-21,,,547364.26,378432.0,62169.12
1989-11-22,,,598796.97,434447.22,63011.52
1989-11-23,,,591566.23,425679.3,63858.24
1989-11-24,,,584452.72,428184.42,64700.64
1989-11-25,,,550353.62,371692.08,65543.04
1989-11-26,,,571511.36,410907.12,66389.76
1989-11-27,,,559171.09,422391.33,67232.16
1989-11-28,,,562775.18,438566.26,68074.56
1989-11-29,,,546676.84,395146.12,68921.28
1989-11-30,,,603454.16,466092.78,69763.68
1989-12-01,,,584895.38,459212.47,70606.08
1989-12-02,,,586790.96,405684.83,71452.8
1989-12-03,,,582645.21,457812.02,72295.2
1989-12-04,,,607497.41,453734.58,73137.6
1989-12-05,,,598234.63,384811.95,73984.32
1989-12-06,,,553203.0,403971.33,74826.72
1989-12-07,,,585810.68,429786.96,75669.12
1989-12-08,,,579965.7,404956.8,76515.84
1989-12-09,,,654270.52,490103.25,77358.24
1989-12-10,,,659894.36,545514.09,78200.64
1989-12-11,,,678151.1,526743.11,77014.4
1989-12-12,,,801981.4,704552.4,100607.43
1989-12-13,,,844090.47,664237.38,86057.26
1989-12-14,,,740404.31,600747.24,83635.2
1989-12-15,,,705731.72,590627.28,81685.2
1989-12-16,,,689033.6,527191.92,74883.6
1989-12-17,,,688109.12,613058.48,73225.8
1989-12-18,,,700051.39,479474.27,67279.68
1989-12-19,,,603773.52,511277.94,68699.06
1989-12-20,,,642857.45,496430.79,91992.76
1989-12-21,,,641336.49,501870.6,65522.51
1989-12-22,,,633824.48,517920.13,64800.0
1989-12-23,,,631537.92,447290.97,64800.0
1989-12-24,,,637991.54,563652.97,64800.0
1989-12-25,,,673441.81,486240.68,64800.0
1989-12-26,,,625255.95,412768.47,64799.85
1989-12-27,,,595782.99,442227.09,63702.72
1989-12-28,,,605135.51,464960.03,61555.68
1989-12-29,,,615322.78,448204.1,60480.0
1989-12-30,,,590461.36,398995.98,60480.0
1989-12-31,,,572229.03,431122.85,60480.0
1990-01-01,,,628878.65,386367.84,60480.0
1990-01-02,,,602240.78,459404.15,60480.0
1990-01-03,,,625476.59,404956.8,86758.42
1990-01-04,,,620822.78,471125.28,193142.35
1990-01-05,,,690625.61,515869.41,235216.5
1990-01-06,,,676706.65,499221.15,213749.23
1990-01-07,,,717537.81,604656.59,123539.82
1990-01-08,,,717183.3,561838.66,119439.36
1990-01-09,,,695766.73,563462.31,126450.72
1990-01-10,,,704150.41,521577.53,133462.08
1990-01-11,,,697987.79,547992.15,139208.99
1990-01-12,,,688127.56,504486.9,139190.4
1990-01-13,,,673852.69,458006.4,138464.64
1990-01-14,,,653134.25,516247.8,137738.88
1990-01-15,,,675479.37,521142.04,137013.12
1990-01-16,,,677701.36,501238.69,136291.68
1990-01-17,,,650108.22,458006.4,135570.24
1990-01-18,,,661720.61,554011.16,134844.48
1990-01-19,,,667497.74,520229.19,134118.72
1990-01-20,,,647092.41,462255.59,133392.96
1990-01-21,,,691881.22,556071.52,132667.2
1990-01-22,,,795033.83,553041.82,131941.44
1990-01-23,,,777750.24,503472.7,131215.68
1990-01-24,,,703139.04,525911.73,130494.24
1990-01-25,,,697294.14,489295.74,129772.8
1990-01-26,,,656255.71,505423.19,129047.04
1990-01-27,,,741107.84,474860.69,128321.28
1990-01-28,,,706277.31,545724.1,127595.52
1990-01-29,,,685365.37,517891.37,126869.76
1990-01-30,,,655802.24,496585.41,126144.0
1990-01-31,,,621655.76,519651.08,125422.56
1990-02-01,,,660876.81,523780.13,124701.12
1990-02-02,,,675165.4,455786.79,123975.36
1990-02-03,,,678306.02,521245.27,123249.6
1990-02-04,,,672714.25,567141.97,122523.84
1990-02-05,,,668323.97,557131.19,121798.08
1990-02-06,,,717122.56,575529.42,121072.32
1990-02-07,,,769692.61,602105.72,120346.56
1990-02-08,,,728459.7,601538.88,119625.12
1990-02-09,,,686417.35,519676.56,118903.68
1990-02-10,,,711195.55,581318.73,118177.92
1990-02-11,,,738166.04,647084.74,117570.42
1990-02-12,,,800194.91,692030.13,117504.0
1990-02-13,,,970238.88,808865.29,117504.0
1990-02-14,,,978987.21,862924.55,117504.0
1990-02-15,,,2148830.27,2010002.23,117504.0
1990-02-16,,,1704984.66,1439628.91,117504.0
1990-02-17,,,1363544.66,1208174.22,117504.0
1990-02-18,,,1550777.61,1536546.77,117504.0
1990-02-19,,,2131979.66,1769881.87,117504.0
1990-02-20,,,1647806.02,1403689.61,117504.0
1990-02-21,,,1505832.26,1325833.06,117504.0
1990-02-22,,,1400784.26,1261127.92,117504.0
1990-02-23,,,1289289.6,1128267.64,117504.0
1990-02-24,,,1289795.11,1138418.7,117504.0
1990-02-25,,,1266791.99,1121868.85,117504.0
1990-02-26,,,1156982.8,1029866.39,117504.0
1990-02-27,,,1153008.4,1023854.59,117504.0
1990-02-28,,,1105667.45,995309.33,117504.0
1990-03-01,,,1196507.81,1221535.5,109418.83
1990-03-02,,,2537240.04,1842891.51,256784.69
1990-03-03,,,1708249.85,1429196.43,402289.79
1990-03-04,,,1409599.58,1233182.42,203885.15
1990-03-05,,,1354587.41,1201021.32,169943.26
1990-03-06,,,1361107.87,1207298.36,153391.75
1990-03-07,,,1317823.44,1172198.37,141090.54
1990-03-08,,,1242641.01,1146067.98,116935.17
1990-03-09,,,1243539.37,1117318.92,113080.32
1990-03-10,,,1214507.9,1084988.48,113473.44
1990-03-11,,,1168755.53,1114723.46,113866.56
1990-03-12,,,1189168.09,1110502.2,114264.0
1990-03-13,,,1165864.39,1074938.7,114661.44
1990-03-14,,,1176169.94,1048795.2,115058.88
1990-03-15,,,1111069.62,1071976.18,115456.32
1990-03-16,,,1112035.73,1050426.29,115853.76
1990-03-17,,,1130235.98,1063604.7,116251.2
1990-03-18,,,1083292.51,1072333.78,116648.64
1990-03-19,,,1085194.67,1055752.95,117041.76
1990-03-20,,,1076844.77,1013342.06,124902.72
1990-03-21,,,1009766.12,1030347.29,157114.8
1990-03-22,,,966506.82,882161.47,142011.36
1990-03-23,,,866551.58,837908.52,132490.08
1990-03-24,,,989698.1,938553.31,128761.92
1990-03-25,,,952091.64,852390.68,125033.76
1990-03-26,,,903816.1,793307.18,121309.92
1990-03-27,,,883730.9,759099.41,117614.88
1990-03-28,,,852552.17,741589.08,114130.08
1990-03-29,,,852702.4,764889.44,110682.72
1990-03-30,,,796356.02,722095.35,107235.36
1990-03-31,,,896085.7,749190.8,103792.32
1990-04-01,,,1036440.97,927130.91,100349.28
1990-04-02,,,1116406.28,886481.01,96901.92
1990-04-03,,,1066410.86,912275.1,93666.96
1990-04-04,,,1082672.23,879934.8,91942.56
1990-04-05,,,1011516.39,886742.69,90512.64
1990-04-06,,,1034128.09,875341.31,89082.72
1990-04-07,,,990616.95,852252.62,87652.8
1990-04-08,,,1011387.32,888818.52,86222.88
1990-04-09,,,960024.93,814872.76,84797.28
1990-04-10,,,1026433.9,914348.33,83367.36
1990-04-11,,,981955.83,890429.1,81937.44
1990-04-12,,,923170.29,814240.26,80507.52
1990-04-13,,,940175.03,817871.4,79077.6
1990-04-14,,,930355.17,748838.83,77647.68
1990-04-15,,,893234.48,769596.63,76217.76
1990-04-16,,,928824.01,806595.82,74792.16
1990-04-17,,,941665.6,768793.71,73362.24
1990-04-18,,,883753.37,743238.02,71932.32
1990-04-19,,,831927.17,738516.88,70502.4
1990-04-20,,,815168.19,670760.39,69072.48
1990-04-21,,,778024.22,639195.63,67642.56
1990-04-22,,,851756.85,769991.02,66212.64
1990-04-23,,,777116.33,686324.83,64787.04
1990-04-24,,,710373.34,624259.03,63357.12
1990-04-25,,,664781.01,657505.05,61927.2
1990-04-26,,,661210.31,639170.82,60497.28
1990-04-27,,,674393.48,657460.2,59067.36
1990-04-28,,,710987.14,633538.83,57637.44
1990-04-29,,,699068.5,670302.84,56383.38
1990-04-30,,,712646.12,673137.24,56341.44
1990-05-01,,,714858.47,667344.51,56527.2
1990-05-02,,,664304.47,677728.8,56712.96
1990-05-03,,,638644.12,641252.07,56903.04
1990-05-04,,,638624.05,663226.88,57093.12
1990-05-05,,,659101.16,647854.21,57278.88
1990-05-06,,,666502.14,690192.19,57464.64
1990-05-07,,,612033.09,630274.13,57654.72
1990-05-08,,,633011.9,642987.93,57840.48
1990-05-09,,,591721.22,606197.41,58026.24
1990-05-10,,,583779.9,611013.96,58216.32
1990-05-11,,,602793.83,615054.09,58402.08
1990-05-12,,,611386.29,612348.78,58587.84
1990-05-13,,,642523.7,673918.0,58777.92
1990-05-14,,,601294.55,595780.57,58963.68
1990-05-15,,,592505.67,627040.14,59149.44
1990-05-16,,,574893.82,580874.13,59339.52
1990-05-17,,,568003.1,577557.06,59525.28
1990-05-18,,,566520.12,586973.69,59711.04
1990-05-19,,,540284.61,504188.11,59901.12
1990-05-20,,,594866.89,626753.87,60091.2
1990-05-21,,,655856.45,597237.39,60276.96
1990-05-22,,,692319.38,569821.01,60360.12
1990-05-23,,,642095.03,543786.61,59538.24
1990-05-24,,,630691.76,536618.65,58501.44
1990-05-25,,,608457.31,524808.05,57464.64
1990-05-26,,,539314.76,461883.81,56427.84
1990-05-27,,,623430.37,566521.98,55391.04
1990-05-28,,,479464.77,449487.15,54358.56
1990-05-29,,,464216.59,425714.34,53326.08
1990-05-30,,,495043.73,426253.1,52289.28
1990-05-31,,,561993.76,489367.87,51252.48
1990-06-01,,,440518.09,383606.98,50215.68
1990-06-02,,,463170.41,399826.83,49178.88
1990-06-03,,,566479.8,493096.44,48142.08
1990-06-04,,,408087.58,388259.07,47105.28
1990-06-05,,,424874.22,447816.27,46068.48
1990-06-06,,,434615.5,417915.27,45031.68
1990-06-07,,,438257.88,403911.91,44288.64
1990-06-08,,,454225.82,415052.59,44910.72
1990-06-09,,,433402.39,408752.76,45705.6
1990-06-10,,,437283.31,380219.51,46500.48
1990-06-11,,,362173.39,320482.51,47295.36
1990-06-12,,,328723.78,333553.32,48090.24
1990-06-13,,,384911.67,409903.56,48885.12
1990-06-14,,,378625.85,396918.15,49680.0
1990-06-15,,,417374.54,386126.25,50474.88
1990-06-16,,,378973.97,316472.76,51269.76
1990-06-17,,,434859.79,398210.19,52064.64
1990-06-18,,,337189.37,297043.02,52859.52
1990-06-19,,,327870.99,307224.62,53654.4
1990-06-20,,,334639.2,312253.92,54449.28
1990-06-21,,,308657.5,342000.0,55244.16
1990-06-22,,,282675.8,321946.37,56039.04
1990-06-23,,,314568.0,316794.41,56833.92
1990-06-24,,,272198.15,292493.88,57628.8
1990-06-25,,,227875.94,255919.56,58423.68
1990-06-26,,,222748.35,235146.48,59218.56
1990-06-27,,,205583.96,245401.8,60013.44
1990-06-28,,,191695.25,256709.15,60808.32
1990-06-29,,,166362.28,245042.04,61603.2
1990-06-30,,,171271.84,251521.32,62398.08
1990-07-01,,,199882.64,254220.0,63192.96
1990-07-02,,,213079.19,237831.12,63987.84
1990-07-03,,,184255.18,235678.59,64704.42
1990-07-04,,,196081.49,227960.93,64903.68
1990-07-05,,,182637.81,238069.82,65011.68
1990-07-06,,,172920.72,218550.99,65124.0
1990-07-07,,,163446.24,217518.78,65232.0
1990-07-08,,,154612.3,214778.8,65340.0
1990-07-09,,,132722.85,209766.97,65448.0
1990-07-10,,,110167.06,201924.59,65556.0
1990-07-11,,,104540.86,228672.26,65664.0
1990-07-12,,,124102.74,245142.04,65772.0
1990-07-13,,,125411.63,234710.34,65880.0
1990-07-14,,,149115.76,250847.42,65988.0
1990-07-15,,,147117.64,257239.05,66096.0
1990-07-16,,,137509.28,245383.03,66204.0
1990-07-17,,,135091.07,247031.57,66312.0
1990-07-18,,,141478.65,238118.4,66420.0
1990-07-19,,,143361.57,235858.31,66528.0
1990-07-20,,,140940.61,237429.08,66636.0
1990-07-21,,,175358.32,237204.44,66744.0
1990-07-22,,,150601.01,230716.38,66852.0
1990-07-23,,,148649.37,218405.64,66960.0
1990-07-24,,,144282.95,208106.4,67068.0
1990-07-25,,,127765.77,200423.21,67176.0
1990-07-26,,,135780.3,207299.47,67284.0
1990-07-27,,,155740.65,205766.83,67392.0
1990-07-28,,,167782.35,214148.06,67500.0
1990-07-29,,,151431.27,213010.8,67608.0
1990-07-30,,,143189.24,207301.2,67716.0
1990-07-31,,,150144.04,201591.6,67824.0
1990-08-01,,,130919.07,189173.02,67932.0
1990-08-02,,,127066.83,199787.67,68040.0
1990-08-03,,,146992.7,193876.32,68148.0
1990-08-04,,,150722.58,200910.84,68256.0
1990-08-05,,,138377.24,192900.53,68364.0
1990-08-06,,,135569.57,178876.19,68472.0
1990-08-07,,,140492.76,171054.68,68580.0
1990-08-08,,,129256.35,168663.82,68688.0
1990-08-09,,,125397.26,166376.18,68796.0
1990-08-10,,,146489.65,174351.7,68904.0
1990-08-11,,,129085.2,175013.03,69012.0
1990-08-12,,,142170.75,190542.47,69048.72
1990-08-13,,,135499.25,176430.91,68653.44
1990-08-14,,,138539.94,174722.23,68186.88
1990-08-15,,,126638.5,173335.85,67720.32
1990-08-16,,,134658.5,167002.33,67253.76
1990-08-17,,,140314.08,170144.51,66787.2
1990-08-18,,,148968.89,202464.77,66320.64
1990-08-19,,,152026.2,209128.72,65854.08
1990-08-20,,,157552.67,204062.04,65387.52
1990-08-21,,,147526.95,189263.59,64920.96
1990-08-22,,,138550.22,169726.39,64454.4
1990-08-23,,,141649.82,171623.09,63987.84
1990-08-24,,,145102.13,182403.5,63521.28
1990-08-25,,,172123.11,190945.87,63054.72
1990-08-26,,,179716.21,215912.13,62588.16
1990-08-27,,,164958.94,224107.97,62121.6
1990-08-28,,,163231.5,197010.91,61655.04
1990-08-29,,,155846.63,200706.5,61188.48
1990-08-30,,,199117.55,192300.09,60721.92
1990-08-31,,,198459.37,195606.28,60255.36
1990-09-01,,,247461.14,211216.78,59788.8
1990-09-02,,,296106.02,216520.58,59317.92
1990-09-03,,,303475.16,207144.55,58847.04
1990-09-04,,,295600.5,198712.01,58380.48
1990-09-05,,,269919.3,182105.65,57913.92
1990-09-06,,,281777.84,186150.13,57447.36
1990-09-07,,,288912.52,176941.52,56980.8
1990-09-08,,,320684.19,187812.35,56514.24
1990-09-09,,,336380.77,208143.34,56047.68
1990-09-10,,,318917.56,218052.98,55581.12
1990-09-11,,,308574.1,244647.84,55114.56
1990-09-12,,,324724.56,233211.79,54648.0
1990-09-13,,,361949.0,239364.88,54181.44
1990-09-14,,,375434.27,241119.6,53714.88
1990-09-15,,,418561.12,242334.72,53248.32
1990-09-16,,,411101.13,244384.32,52781.76
1990-09-17,,,381493.72,218548.28,52315.2
1990-09-18,,,332716.78,214646.61,51956.82
1990-09-19,,,355756.77,216134.21,52293.6
1990-09-20,,,395727.6,230589.02,52751.52
1990-09-21,,,434541.96,236522.64,53213.76
1990-09-22,,,457070.56,257020.88,53676.0
1990-09-23,,,480733.1,259404.82,54133.92
1990-09-24,,,382323.33,242025.63,54596.16
1990-09-25,,,350319.48,254036.16,55058.4
1990-09-26,,,375071.83,269997.0,55516.32
1990-09-27,,,375366.11,289189.71,55978.56
1990-09-28,,,391925.7,268986.96,56440.8
1990-09-29,,,387816.0,264065.81,56898.72
1990-09-30,,,385786.8,248066.54,57360.96
1990-10-01,,,374242.5,230346.8,57823.2
1990-10-02,,,360798.0,243425.58,58285.44
1990-10-03,,,366325.03,256463.47,58747.68
1990-10-04,,,388462.56,256406.32,59205.6
1990-10-05,,,391589.4,261531.86,59667.84
1990-10-06,,,379293.56,247993.05,60130.08
1990-10-07,,,398441.51,256682.83,60588.0
1990-10-08,,,381987.75,249212.37,61050.24
1990-10-09,,,360000.29,254645.2,61512.48
1990-10-10,,,339172.12,294443.81,61970.4
1990-10-11,,,387669.95,316016.86,62432.64
1990-10-12,,,441534.59,300781.03,62894.88
1990-10-13,,,420115.28,311257.52,63352.8
1990-10-14,,,476034.71,311482.31,63815.04
1990-10-15,,,380502.48,292009.91,64277.28
1990-10-16,,,367188.66,320674.55,64739.52
1990-10-17,,,322469.23,304332.02,65201.76
1990-10-18,,,323894.21,267538.28,65659.68
1990-10-19,,,360838.56,294332.3,66121.92
1990-10-20,,,360381.44,317822.89,66584.16
1990-10-21,,,605412.81,310171.68,67042.08
1990-10-22,,,414564.48,295985.29,67504.32
1990-10-23,,,418487.04,326734.25,67966.56
1990-10-24,,,422409.6,316721.16,68424.48
1990-10-25,,,426332.16,302311.89,68886.72
1990-10-26,,,430250.4,304294.61,69348.96
1990-10-27,,,434168.64,301302.82,69806.88
1990-10-28,,,438091.2,327113.21,70269.12
1990-10-29,,,442013.76,297140.81,70731.36
1990-10-30,,,445936.32,291868.37,71193.6
1990-10-31,,,449854.56,281721.56,71655.84
1990-11-01,,,453772.8,273663.23,72113.76
1990-11-02,,,457695.36,283764.28,72576.0
1990-11-03,,,461617.92,284950.8,73038.24
1990-11-04,,,465540.48,267233.64,73496.16
1990-11-05,,,468278.49,259980.96,73900.08
1990-11-06,,,466162.56,257457.84,73958.4
1990-11-07,,,463523.04,259324.58,73958.4
1990-11-08,,,460883.52,282168.21,73958.4
1990-11-09,,,458244.0,303106.83,73958.4
1990-11-10,,,455608.8,323662.29,73958.4
1990-11-11,,,452969.28,321641.82,73958.4
1990-11-12,,,450329.76,330739.2,73958.4
1990-11-13,,,447690.24,318201.56,73958.4
1990-11-14,,,445050.72,311692.32,73958.4
1990-11-15,,,442415.52,319308.48,73958.4
1990-11-16,,,439776.0,326928.96,73958.4
1990-11-17,,,437136.48,320513.4,73958.4
1990-11-18,,,434501.28,331848.72,73958.4
1990-11-19,,,431861.76,314992.1,73958.4
1990-11-20,,,429222.24,291871.57,73958.4
1990-11-21,,,426582.72,291906.0,73958.4
1990-11-22,,,423943.2,301991.04,73958.4
1990-11-23,,,421308.0,282109.7,73958.4
1990-11-24,,,418668.48,279470.64,73958.4
1990-11-25,,,416028.96,290142.36,73958.4
1990-11-26,,,413389.44,275928.12,73958.4
1990-11-27,,,410749.92,308265.24,73869.48
1990-11-28,,,408114.72,314350.63,72943.2
1990-11-29,,,405475.2,283436.38,71811.36
1990-11-30,,,404045.64,283471.27,70675.2
1990-12-01,,,407907.36,273082.82,69539.04
1990-12-02,,,412387.2,291654.02,68407.2
1990-12-03,,,416867.04,271215.92,67275.36
1990-12-04,,,421346.88,306741.05,66143.52
1990-12-05,,,425822.4,297005.1,65007.36
1990-12-06,,,430302.24,290254.32,63871.2
1990-12-07,,,434782.08,291944.82,62739.36
1990-12-08,,,439261.92,274170.24,61607.52
1990-12-09,,,443741.76,261744.72,60589.98
1990-12-10,,,448221.6,274443.48,60251.04
1990-12-11,,,452701.44,283347.18,60022.08
1990-12-12,,,457176.96,254511.24,59797.44
1990-12-13,,,461656.8,252168.24,59568.48
1990-12-14,,,466136.64,270750.6,59339.52
1990-12-15,,,470616.48,292731.51,59114.88
1990-12-16,,,475096.32,310041.28,58890.24
1990-12-17,,,479571.84,285406.2,58661.28
1990-12-18,,,484051.68,268800.58,58432.32
1990-12-19,,,488531.52,266749.79,58207.68
1990-12-20,,,493011.36,268620.36,57978.72
1990-12-21,,,497491.2,285814.41,57749.76
1990-12-22,,,501971.04,294859.98,57525.12
1990-12-23,,,506450.88,303699.57,57296.16
1990-12-24,,,541048.02,478904.5,57067.2
1990-12-25,,,573819.23,478729.91,56842.56
1990-12-26,,,543941.33,438672.21,56617.92
1990-12-27,,,512480.88,392312.16,56388.96
1990-12-28,,,502848.0,368504.64,56160.0
1990-12-29,,,502848.0,354670.88,55935.36
1990-12-30,,,502848.0,357749.06,55706.4
1990-12-31,,,502848.0,374298.82,55477.44
1991-01-01,,,502327.31,354585.6,55252.8
1991-01-02,,,499620.96,354585.6,55023.84
1991-01-03,,,496670.4,345328.56,54794.88
1991-01-04,,,514460.16,392384.88,54570.24
1991-01-05,,,511920.0,398684.79,54341.28
1991-01-06,,,511407.36,388573.28,54112.32
1991-01-07,,,511064.64,358308.0,53887.68
1991-01-08,,,510697.44,354785.93,53663.04
1991-01-09,,,510330.24,364007.4,53434.08
1991-01-10,,,509967.36,359023.07,53205.12
1991-01-11,,,509604.48,329266.08,52980.48
1991-01-12,,,509237.28,306899.33,52751.52
1991-01-13,,,508870.08,306892.8,52522.56
1991-01-14,,,508507.2,306892.8,52297.92
1991-01-15,,,508144.32,302021.09,52068.96
1991-01-16,,,507777.12,294831.1,51915.2
1991-01-17,,,507409.92,306892.8,52224.48
1991-01-18,,,507047.04,306836.96,52613.28
1991-01-19,,,506684.16,290047.44,53006.4
1991-01-20,,,506316.96,301356.5,53399.52
1991-01-21,,,505949.76,298852.92,53788.32
1991-01-22,,,505586.88,330739.2,54177.12
1991-01-23,,,505224.0,401118.08,54565.92
1991-01-24,,,504856.8,411125.4,54954.72
1991-01-25,,,504489.6,415307.52,55347.84
1991-01-26,,,504126.72,426090.24,55740.96
1991-01-27,,,503763.84,431481.6,57061.08
1991-01-28,,,503396.64,431481.6,66363.84
1991-01-29,,,503029.44,438389.1,77496.48
1991-01-30,,,522593.08,456216.47,87205.62
1991-01-31,,,1383330.14,1518697.69,88836.48
1991-02-01,,,1683309.94,1546950.72,89195.04
1991-02-02,,,1121143.92,1122131.15,89549.28
1991-02-03,,,1689604.13,1669720.65,89907.84
1991-02-04,,,1601442.5,1641665.74,90266.4
1991-02-05,,,1312892.54,1336740.67,90624.96
1991-02-06,,,1156867.34,1220236.69,90983.52
1991-02-07,,,998949.97,1060127.6,91337.76
1991-02-08,,,1055562.29,1052904.15,91696.32
1991-02-09,,,889573.4,932038.95,92054.88
1991-02-10,,,957665.94,1060848.05,92413.44
1991-02-11,,,858042.64,895495.79,92772.0
1991-02-12,,,857901.87,903359.75,93126.24
1991-02-13,,,863615.63,897517.16,93484.8
1991-02-14,,,826799.37,816330.79,93843.36
1991-02-15,,,847554.27,873404.1,94201.92
1991-02-16,,,785758.02,846424.79,94560.48
1991-02-17,,,1159252.61,1251539.81,94914.72
1991-02-18,,,1144642.07,1273154.57,95273.28
1991-02-19,,,1174483.29,1251238.43,95631.84
1991-02-20,,,1074083.85,1203350.74,95990.4
1991-02-21,,,1046572.01,1007597.37,96348.96
1991-02-22,,,1066264.57,1087469.34,96703.2
1991-02-23,,,1007309.59,1062583.5,97061.76
1991-02-24,,,988999.59,1112053.62,97420.32
1991-02-25,,,977060.26,1039575.25,97778.88
1991-02-26,,,966779.95,1069475.18,97657.38
1991-02-27,,,1036424.44,1139512.94,94115.52
1991-02-28,,,1000813.22,1027094.96,89899.2
1991-03-01,,,1007734.83,1056392.95,85687.2
1991-03-02,,,968804.61,1000710.06,81475.2
1991-03-03,,,1003965.58,1067550.15,77263.2
1991-03-04,,,908054.64,1000897.35,73051.2
1991-03-05,,,916501.94,1003329.54,68834.88
1991-03-06,,,915477.49,990392.5,65293.02
1991-03-07,,,893917.05,990545.25,65171.52
1991-03-08,,,900589.14,993047.22,65530.08
1991-03-09,,,858843.26,884411.24,65888.64
1991-03-10,,,936270.03,1022856.71,66247.2
1991-03-11,,,896957.43,942529.67,66605.76
1991-03-12,,,894547.49,957409.81,66964.32
1991-03-13,,,947867.21,997158.83,67322.88
1991-03-14,,,993056.51,1064715.02,67681.44
1991-03-15,,,1000498.96,1035881.93,68040.0
1991-03-16,,,979789.21,1005098.25,68398.56
1991-03-17,,,973104.6,1031806.65,68752.8
1991-03-18,,,958508.51,1063945.5,69318.9
1991-03-19,,,1082084.21,1224846.47,71236.8
1991-03-20,,,1073978.94,1167847.84,73396.8
1991-03-21,,,1082837.48,1156028.28,75556.8
1991-03-22,,,1286160.28,1483772.39,77716.8
1991-03-23,,,2800436.4,2126354.48,99680.58
1991-03-24,,,2974104.94,2309914.49,218812.97
1991-03-25,,,2262322.16,1797488.37,240559.81
1991-03-26,,,1941614.84,1645303.34,161072.56
1991-03-27,,,1868635.6,1581127.16,131531.04
1991-03-28,,,1724757.82,1534633.05,125884.8
1991-03-29,,,1561131.13,1380768.08,120238.56
1991-03-30,,,1465328.26,1291651.23,114596.64
1991-03-31,,,1462746.32,1339230.53,108950.4
1991-04-01,,,1307840.91,1259046.29,103304.16
1991-04-02,,,1366182.72,1208203.65,97657.92
1991-04-03,,,1481029.92,1204794.3,92011.68
1991-04-04,,,1501876.74,1205772.6,86369.76
1991-04-05,,,1356538.28,1151401.55,80723.52
1991-04-06,,,1466279.25,1091248.56,75077.28
1991-04-07,,,1520020.05,1158559.81,70023.84
1991-04-08,,,1236494.99,1038178.77,69435.36
1991-04-09,,,1266828.0,1131805.96,69772.32
1991-04-10,,,1728151.3,1300473.32,70109.28
1991-04-11,,,2086825.34,1749984.19,70441.92
1991-04-12,,,1817928.74,1527423.95,70774.56
1991-04-13,,,1785504.63,1368321.12,71111.52
1991-04-14,,,1744521.71,1398845.24,71448.48
1991-04-15,,,1632459.03,1287603.3,71785.44
1991-04-16,,,1513661.5,1264036.9,72118.08
1991-04-17,,,1394124.48,1231404.56,72450.72
1991-04-18,,,1299071.35,1201659.9,72787.68
1991-04-19,,,1250570.88,1184917.45,73124.64
1991-04-20,,,1213228.8,1082006.75,73457.28
1991-04-21,,,1185922.08,1121749.74,73789.92
1991-04-22,,,1158615.36,1123611.3,74126.88
1991-04-23,,,1131312.96,1070781.0,74463.84
1991-04-24,,,1104010.56,1019280.75,74800.8
1991-04-25,,,1076703.84,1013989.7,75133.44
1991-04-26,,,1049397.12,1044438.32,75466.08
1991-04-27,,,1022094.72,990420.22,75803.04
1991-04-28,,,994788.0,1024427.75,76140.0
1991-04-29,,,967481.28,995371.85,76472.64
1991-04-30,,,940178.88,967236.12,76805.28
1991-05-01,,,1035763.37,1040472.89,77142.24
1991-05-02,,,1201800.99,1109521.94,77479.2
1991-05-03,,,1127931.96,1064506.04,77816.16
1991-05-04,,,1073283.26,1037664.0,78148.8
1991-05-05,,,1068696.48,1041194.54,78481.44
1991-05-06,,,985628.99,969482.7,78158.57
1991-05-07,,,977500.19,959164.37,75237.12
1991-05-08,,,944073.96,970520.54,72057.6
1991-05-09,,,941498.03,979418.86,68878.08
1991-05-10,,,935753.3,960343.05,65698.56
1991-05-11,,,937457.15,911942.1,62519.04
1991-05-12,,,916943.5,941037.15,59339.52
1991-05-13,,,887835.71,854484.45,56542.32
1991-05-14,,,779425.24,877293.72,56034.72
1991-05-15,,,836635.88,861865.35,55905.12
1991-05-16,,,853693.35,874036.79,55775.52
1991-05-17,,,844611.79,861472.49,55650.24
1991-05-18,,,846299.8,816644.39,55524.96
1991-05-19,,,835040.48,826340.94,55395.36
1991-05-20,,,865110.18,874216.73,55270.08
1991-05-21,,,800767.33,760802.24,55144.8
1991-05-22,,,757165.79,765149.66,55015.2
1991-05-23,,,734119.25,754901.94,54885.6
1991-05-24,,,713231.09,738084.01,54760.32
1991-05-25,,,784949.37,723839.09,54635.04
1991-05-26,,,732797.12,764844.71,54505.44
1991-05-27,,,675915.76,715638.76,54380.16
1991-05-28,,,861621.27,702700.37,54254.88
1991-05-29,,,956203.18,697912.36,54125.28
1991-05-30,,,833789.76,677846.31,53995.68
1991-05-31,,,792020.61,673629.1,53870.4
1991-06-01,,,780411.96,641475.86,53745.12
1991-06-02,,,786990.48,719677.9,53615.52
1991-06-03,,,684046.13,630237.91,53490.24
1991-06-04,,,633978.17,618226.18,53364.96
1991-06-05,,,618800.38,626931.77,53235.36
1991-06-06,,,598867.23,621258.92,53105.76
1991-06-07,,,617125.64,598805.2,52980.48
1991-06-08,,,610833.94,599461.19,52855.2
1991-06-09,,,666382.47,641152.71,52725.6
1991-06-10,,,571534.21,611713.65,52600.32
1991-06-11,,,542951.44,602126.63,52475.04
1991-06-12,,,543908.54,623319.83,52345.44
1991-06-13,,,519638.4,608106.75,52215.84
1991-06-14,,,535773.68,618339.22,52090.56
1991-06-15,,,540376.66,602508.17,51965.28
1991-06-16,,,539196.13,611010.13,51919.74
1991-06-17,,,451875.18,532514.57,52323.84
1991-06-18,,,486499.2,616532.73,52794.72
1991-06-19,,,510665.2,586347.98,53269.92
1991-06-20,,,478429.77,556965.97,53745.12
1991-06-21,,,468106.58,561025.54,54220.32
1991-06-22,,,504111.86,601961.82,54691.2
1991-06-23,,,497621.23,632669.51,55162.08
1991-06-24,,,481443.74,583687.61,55637.28
1991-06-25,,,425058.84,508888.5,56112.48
1991-06-26,,,442350.62,552887.94,56587.68
1991-06-27,,,456551.88,566984.96,57058.56
1991-06-28,,,446010.24,468832.25,57529.44
1991-06-29,,,433174.92,479766.89,58004.64
1991-06-30,,,492409.12,519912.43,58479.84
1991-07-01,,,432156.05,462887.23,58955.04
1991-07-02,,,427575.26,481248.18,59425.92
1991-07-03,,,462452.17,508482.53,59896.8
1991-07-04,,,485707.38,490502.81,60372.0
1991-07-05,,,460378.11,472018.89,60847.2
1991-07-06,,,488937.6,518697.09,61322.4
1991-07-07,,,495546.57,479921.23,61793.28
1991-07-08,,,452702.9,518119.62,62264.16
1991-07-09,,,495916.36,463752.93,62739.36
1991-07-10,,,461163.78,449415.75,63214.56
1991-07-11,,,395976.92,395958.63,63689.76
1991-07-12,,,446897.68,454589.34,64160.64
1991-07-13,,,469905.99,446931.13,64631.52
1991-07-14,,,443276.22,452820.76,65106.72
1991-07-15,,,395136.2,422476.93,65581.92
1991-07-16,,,396277.2,462337.36,66057.12
1991-07-17,,,399058.88,458187.15,66517.2
1991-07-18,,,430473.49,493054.54,66908.16
1991-07-19,,,419882.6,471677.06,67288.32
1991-07-20,,,442813.67,482854.98,67668.48
1991-07-21,,,531999.86,531438.0,68048.64
1991-07-22,,,451723.43,464379.72,68428.8
1991-07-23,,,441227.27,472285.75,68808.96
1991-07-24,,,413577.6,457771.6,69189.12
1991-07-25,,,383900.54,427760.76,69569.28
1991-07-26,,,395683.68,429718.36,69949.44
1991-07-27,,,383935.68,398364.25,70329.6
1991-07-28,,,444830.04,470470.62,70709.76
1991-07-29,,,377334.91,415144.41,71089.92
1991-07-30,,,339536.21,408968.39,71470.08
1991-07-31,,,337142.21,432462.55,71850.24
1991-08-01,,,397136.43,427521.98,72230.4
1991-08-02,,,404128.35,456548.92,72610.56
1991-08-03,,,384338.46,426927.51,72990.72
1991-08-04,,,437943.9,460626.12,73370.88
1991-08-05,,,362131.58,388379.7,73751.04
1991-08-06,,,367114.83,433617.94,74131.2
1991-08-07,,,355766.72,441912.26,74511.36
1991-08-08,,,350800.18,434447.22,74891.52
1991-08-09,,,359049.17,443961.81,75271.68
1991-08-10,,,374274.22,411126.57,75651.84
1991-08-11,,,378466.61,464037.26,75915.36
1991-08-12,,,354195.68,443225.14,75474.72
1991-08-13,,,314204.55,395799.48,74917.44
1991-08-14,,,289691.99,404109.48,74360.16
1991-08-15,,,283323.94,395033.48,73802.88
1991-08-16,,,351430.01,511045.6,73249.92
1991-08-17,,,313804.51,439912.29,72692.64
1991-08-18,,,421500.81,554714.41,72135.36
1991-08-19,,,390447.47,510784.17,71578.08
1991-08-20,,,380798.73,494655.81,71020.8
1991-08-21,,,335931.39,496933.77,70463.52
1991-08-22,,,363779.96,510066.13,69906.24
1991-08-23,,,352224.84,469096.5,69353.28
1991-08-24,,,365066.96,461116.01,68796.0
1991-08-25,,,367821.53,470122.65,68238.72
1991-08-26,,,376891.37,479714.37,67681.44
1991-08-27,,,419261.52,479649.9,67124.16
1991-08-28,,,412609.87,460124.7,66566.88
1991-08-29,,,424493.37,490685.04,66009.6
1991-08-30,,,389860.58,488662.92,65456.64
1991-08-31,,,391067.06,443267.49,64899.36
1991-09-01,,,512138.28,522124.25,64342.08
1991-09-02,,,459280.95,493650.58,63784.8
1991-09-03,,,416930.56,493048.1,63227.52
1991-09-04,,,435087.05,473433.45,62670.24
1991-09-05,,,443711.99,490636.22,62112.96
1991-09-06,,,426435.96,471352.02,61560.0
1991-09-07,,,397451.45,425108.36,61002.72
1991-09-08,,,468785.93,547092.66,60620.4
1991-09-09,,,442236.84,498185.92,61071.84
1991-09-10,,,486894.32,515099.21,61629.12
1991-09-11,,,498883.06,499140.41,62182.08
1991-09-12,,,446045.15,493553.11,62739.36
1991-09-13,,,494269.83,506744.37,63296.64
1991-09-14,,,553636.8,477273.72,63853.92
1991-09-15,,,575645.18,534451.95,64411.2
1991-09-16,,,527023.72,520454.73,64964.16
1991-09-17,,,525234.14,553400.67,65521.44
1991-09-18,,,555574.16,549864.01,66078.72
1991-09-19,,,538216.43,523084.83,66631.68
1991-09-20,,,477583.5,435423.48,67188.96
1991-09-21,,,500051.6,434377.96,67746.24
1991-09-22,,,491334.28,421161.86,68303.52
1991-09-23,,,463129.61,413724.15,68860.8
1991-09-24,,,500656.52,486883.83,69413.76
1991-09-25,,,500363.2,475596.54,69971.04
1991-09-26,,,485065.27,510906.96,70528.32
1991-09-27,,,508832.4,496360.83,71085.6
1991-09-28,,,469158.44,430149.8,71642.88
1991-09-29,,,517948.16,499658.91,72195.84
1991-09-30,,,477990.04,422925.42,72753.12
1991-10-01,,,522176.03,516328.29,73310.4
1991-10-02,,,471265.62,433659.12,73863.36
1991-10-03,,,480521.61,479031.96,74420.64
1991-10-04,,,485329.39,433772.97,74977.92
1991-10-05,,,485928.35,438854.01,75535.2
1991-10-06,,,546355.25,487881.66,76092.48
1991-10-07,,,474042.67,462217.41,76645.44
1991-10-08,,,494604.31,392930.14,77202.72
1991-10-09,,,478122.34,415641.8,77760.0
1991-10-10,,,536104.61,474175.32,78317.28
1991-10-11,,,571667.16,470328.0,78874.56
1991-10-12,,,511908.81,365234.27,79427.52
1991-10-13,,,580544.45,500259.54,79984.8
1991-10-14,,,633892.76,490965.54,80542.08
1991-10-15,,,622677.17,524430.9,81095.04
1991-10-16,,,548338.73,485805.78,81652.32
1991-10-17,,,633178.86,535633.89,82209.6
1991-10-18,,,576099.56,486865.65,82766.88
1991-10-19,,,560467.6,462507.03,83324.16
1991-10-20,,,551985.29,518998.95,83877.12
1991-10-21,,,500702.02,476979.38,84434.4
1991-10-22,,,511121.27,475010.34,84991.68
1991-10-23,,,509417.69,492653.52,85615.83
1991-10-24,,,579459.27,538990.17,86616.0
1991-10-25,,,536905.56,504874.83,87670.08
1991-10-26,,,542373.17,480909.98,88724.16
1991-10-27,,,550568.59,539674.2,89778.24
1991-10-28,,,605313.54,514436.15,90836.64
1991-10-29,,,584058.95,523489.46,91895.04
1991-10-30,,,559580.83,493595.07,92949.12
1991-10-31,,,554092.85,497050.4,94003.2
1991-11-01,,,504038.32,477568.44,95057.28
1991-11-02,,,489195.78,494430.89,96111.36
1991-11-03,,,587839.37,549409.07,97169.76
1991-11-04,,,781114.2,777610.41,98228.16
1991-11-05,,,640046.05,603053.16,99282.24
1991-11-06,,,609962.66,592156.91,100336.32
1991-11-07,,,592116.1,580627.5,101390.4
1991-11-08,,,565414.91,540068.53,102444.48
1991-11-09,,,592077.6,559244.33,103502.88
1991-11-10,,,623035.2,604093.95,104561.28
1991-11-11,,,606328.7,515264.75,105615.36
1991-11-12,,,597567.62,560740.99,106669.44
1991-11-13,,,571398.32,517692.62,107723.52
1991-11-14,,,550445.64,517314.7,108781.92
1991-11-15,,,557823.33,511012.83,109840.32
1991-11-16,,,558533.3,497384.6,110894.4
1991-11-17,,,587826.45,542179.22,111948.48
1991-11-18,,,545641.39,496283.22,113002.56
1991-11-19,,,531503.06,487307.77,114056.64
1991-11-20,,,546296.4,526492.36,115115.04
1991-11-21,,,531614.18,486871.58,116173.44
1991-11-22,,,520997.11,463708.9,117227.52
1991-11-23,,,551098.15,479683.45,118281.6
1991-11-24,,,522124.81,442604.46,119335.68
1991-11-25,,,520665.53,421841.97,120394.08
1991-11-26,,,507854.39,398533.06,121452.48
1991-11-27,,,526185.4,415745.24,122506.56
1991-11-28,,,560720.77,467618.66,123560.64
1991-11-29,,,646004.33,544042.93,124614.72
1991-11-30,,,626663.99,537989.23,125668.8
1991-12-01,,,797258.46,767510.33,126727.2
1991-12-02,,,778900.82,724840.63,127785.6
1991-12-03,,,1244338.29,1236059.25,129625.98
1991-12-04,,,2045691.39,1365472.6300000001,134736.48
1991-12-05,,,1422781.47,1494886.01,140205.6
1991-12-06,,,1123722.49,1203772.0,145674.72
1991-12-07,,,967017.19,976722.23,151143.84
1991-12-08,,,975241.03,1065858.0,156612.96
1991-12-09,,,1984094.81,1956553.05,162082.08
1991-12-10,,,2034593.5771428572,1973432.7471428572,167546.88
1991-12-11,,,2085092.3442857144,1990312.4442857143,173011.68
1991-12-12,,,2135591.1114285714,2007192.1414285714,178480.8
1991-12-13,,,,,183949.92
1991-12-14,,,,,189419.04
1991-12-15,,,,,194888.16
1991-12-16,,,2337586.18,2074710.93,200357.28
1991-12-17,,,2180967.47,1832513.6,205826.4
1991-12-18,,,2089825.64,1743621.91,211295.52
1991-12-19,,,2022787.2,1648940.09,216764.64
1991-12-20,,,1975486.12,1559618.23,222233.76
1991-12-21,,,1918345.84,1497312.0,227702.88
1991-12-22,,,1953359.56,1597034.7,233172.0
1991-12-23,,,2052860.22,1350362.7,238636.8
1991-12-24,,,1884935.63,1412686.79,244101.6
1991-12-25,,,1892857.75,1433539.63,249570.72
1991-12-26,,,1889675.91,1450536.12,255039.84
1991-12-27,,,1987255.68,1637653.72,260508.96
1991-12-28,,,2408956.9371428574,2074414.5416666667,265978.08
1991-12-29,,,2830658.1942857145,2511175.3633333333,273201.57
1991-12-30,,,3252359.4514285717,2947936.1850000005,480491.51
1991-12-31,,,,,504887.70692307694
1992-01-01,,,,,529283.9038461539
1992-01-02,,,,4258218.65,553680.1007692307
1992-01-03,,,4939164.48,3321682.82,
1992-01-04,,,3949425.42,2682937.89,
1992-01-05,,,3263692.76,2377756.04,
1992-01-06,,,2932355.86,2207317.87,
1992-01-07,,,3051368.3,2430358.53,
1992-01-08,,,2854483.3,2304325.54,
1992-01-09,,,2580106.57,2140883.21,
1992-01-10,,,2425557.36,2036591.12,
1992-01-11,,,2355861.46,1980246.77,
1992-01-12,,,2297826.97,1919392.61,797642.07
1992-01-13,,,2280186.47,1888564.8,745363.14
1992-01-14,,,2529949.84,2314849.98,725575.01
1992-01-15,,,3305116.61,3251861.94,635796.0
1992-01-16,,,4969426.92,3657176.175,610681.26
1992-01-17,,,5250525.97,4062490.41,657034.1
1992-01-18,,,4000784.97,3270543.62,675602.9733333333
1992-01-19,,,4132039.4,3927856.67,694171.8466666667
1992-01-20,,,5162549.95,3992884.025,712740.72
1992-01-21,,,5081144.69,4057911.38,
1992-01-22,,,4280843.01,3470570.97,
1992-01-23,,,3773937.67,3153082.63,768447.34
1992-01-24,,,3442794.73,2950432.33,569190.1
1992-01-25,,,3181158.3,2787070.1,492760.8
1992-01-26,,,2952728.6,2664761.76,493875.36
1992-01-27,,,2792458.96,2568365.28,494989.92
1992-01-28,,,2657623.49,2470405.39,496100.16
1992-01-29,,,2568907.28,2364442.76,497210.4
1992-01-30,,,2452216.9,2284772.57,498324.96
1992-01-31,,,4063699.38,3937457.94,519605.9389830509
1992-02-01,,,4771825.1,5590143.31,540886.9179661017
1992-02-02,,,5479950.82,3578675.82,562167.8969491526
1992-02-03,,,6680448.4,4778207.74,
1992-02-04,,,6613361.378333334,4753567.612,
1992-02-05,,,6546274.356666666,4728927.484,
1992-02-06,,,6479187.335,4704287.356,
1992-02-07,,,,,
1992-02-08,,,,4655007.1,
1992-02-09,,,6277926.27,4100853.76,
1992-02-10,,,5717002.22,3725804.03,
1992-02-11,,,6060479.36,3501513.71,
1992-02-12,,,6807878.17,4437660.27,
1992-02-13,,,6905884.47,4860439.76,
1992-02-14,,,5789425.22,3921693.0,
1992-02-15,,,5120339.52,3635875.28,
1992-02-16,,,4750585.58,3471802.08,
1992-02-17,,,4680948.36,3488862.6,
1992-02-18,,,4580430.36,3441139.43,
1992-02-19,,,4303724.52,3402375.1,
1992-02-20,,,4528459.22,3932987.91,
1992-02-21,,,4557057.53,3649034.4,
1992-02-22,,,4263638.82,3496673.23,
1992-02-23,,,4296017.96,3706529.94,
1992-02-24,,,5556495.05,4670160.86,
1992-02-25,,,6402108.6,4561163.69,
1992-02-26,,,6002197.25,4064264.45,
1992-02-27,,,5466848.0,3781384.63,
1992-02-28,,,5263339.67,3762564.67,
1992-02-29,,,5056011.76,3558647.86,
1992-03-01,,,5186513.02,3676522.05,
1992-03-02,,,4767327.26,3426123.72,
1992-03-03,,,4507180.95,3331156.06,
1992-03-04,,,4476346.67,3579969.1,
1992-03-05,,,4818943.92,3727668.83,
1992-03-06,,,4680713.76,3938531.84,
1992-03-07,,,4620998.3,3732995.92,
1992-03-08,,,4240897.11,3434362.44,
1992-03-09,,,4024844.92,3262775.21,
1992-03-10,,,3833215.9,3145513.49,
1992-03-11,,,3651861.98,3009554.65,
1992-03-12,,,3439426.02,2875236.0,
1992-03-13,,,3436333.18,2902240.88,
1992-03-14,,,3399820.57,2934084.66,
1992-03-15,,,3367541.84,2902469.64,
1992-03-16,,,3322411.25,2905876.2,
1992-03-17,,,3256600.36,2845470.66,
1992-03-18,,,3215441.1,2933098.68,
1992-03-19,,,3243879.42,2958612.26,
1992-03-20,,,3222144.94,2950817.63,
1992-03-21,,,3130875.6,2882167.1,
1992-03-22,,,3519281.28,3334003.43,
1992-03-23,,,3970313.03,3668491.55,
1992-03-24,,,3785363.93,3297863.55,
1992-03-25,,,3447996.57,3099690.47,
1992-03-26,,,3243492.54,2938024.73,
1992-03-27,,,3188498.96,2964982.96,
1992-03-28,,,3145182.28,2962123.12,
1992-03-29,,,3277930.62,3110645.99,1753902.72
1992-03-30,,,3310213.2,3050257.87,1592611.2
1992-03-31,,,3262540.46,2998679.35,1431319.68
1992-04-01,,,3148654.34,2947286.62,1336817.9988888889
1992-04-02,,,3034181.21,2898693.2,1242316.3177777778
1992-04-03,,,2937800.42,2876884.92,1147814.6366666667
1992-04-04,,,2863729.9,2845206.22,
1992-04-05,,,2896048.85,2833290.23,
1992-04-06,,,2853183.01,2796934.97,
1992-04-07,,,2823552.26,2771998.19,
1992-04-08,,,2820980.2,2789710.88,
1992-04-09,,,2826625.84,2850518.1,580804.55
1992-04-10,,,2819950.88,2801213.58,439569.97
1992-04-11,,,2813613.32,2776782.64,452761.92
1992-04-12,,,2790022.16,2786913.58,456274.08
1992-04-13,,,2716864.61,2784665.59,459786.24
1992-04-14,,,2712049.07,2797438.31,468966.28
1992-04-15,,,2705255.84,2770403.62,516289.46
1992-04-16,,,2671627.65,2731995.0,514729.57
1992-04-17,,,2663948.83,2700025.64,513169.68
1992-04-18,,,2649096.81,2690881.28,473023.67
1992-04-19,,,2619765.57,2630804.94,514955.94
1992-04-20,,,2566364.24,2601802.93,544436.18
1992-04-21,,,2538667.25,2587149.8,573916.42
1992-04-22,,,2521139.42,2573838.9,452381.92
1992-04-23,,,2524985.34,2582554.73,452713.33
1992-04-24,,,2542955.37,2577056.87,473350.38
1992-04-25,,,2525206.2,2570763.15,474238.65
1992-04-26,,,2503669.65,2548449.0,459200.72
1992-04-27,,,2432208.3,2514294.0,463203.14
1992-04-28,,,2389433.7,2462496.72,577652.6
1992-04-29,,,2392729.17,2443424.92,574210.6
1992-04-30,,,2355057.01,2415721.25,475523.52
1992-05-01,,,2342890.97,2400333.36,470884.864
1992-05-02,,,2368237.51,2463089.63,466246.20800000004
1992-05-03,,,2312591.39,2351637.62,461607.552
1992-05-04,,,2353766.98,2448244.26,
1992-05-05,,,2318875.14,2355920.67,
1992-05-06,,,2304838.65,2379044.75,
1992-05-07,,,2314713.4,2363040.0,
1992-05-08,,,2364937.2,2422831.5,
1992-05-09,,,2416052.38,2494395.08,
1992-05-10,,,2431576.48,2491546.91,
1992-05-11,,,2351507.47,2421130.5,
1992-05-12,,,2325606.3,2403337.5,
1992-05-13,,,2315598.62,2366495.1,
1992-05-14,,,2272454.47,2338010.4,
1992-05-15,,,2266919.48,2333018.72,
1992-05-16,,,2240511.98,2309928.81,
1992-05-17,,,2255080.18,2304167.07,
1992-05-18,,,2247008.83,2267675.45,
1992-05-19,,,2251319.05,2222424.9,
1992-05-20,,,2213679.94,2213622.9,
1992-05-21,,,2215791.24,2205377.43,
1992-05-22,,,2176158.63,2176232.47,
1992-05-23,,,2104186.64,2162726.72,
1992-05-24,,,2110148.29,2160127.72,
1992-05-25,,,2028083.5,2109859.77,
1992-05-26,,,1989671.33,2099913.2,
1992-05-27,,,1958499.76,2065311.23,
1992-05-28,,,1941105.63,2029285.14,
1992-05-29,,,1910133.6,1991701.2,
1992-05-30,,,1910956.8,1980721.08,336363.84
1992-05-31,,,1911049.2,2012290.35,327015.36
1992-06-01,,,1927236.0,1975733.13,317667.4971428571
1992-06-02,,,1910345.6,1953155.5,308319.63428571424
1992-06-03,,,1888226.97,1964123.76,298971.77142857143
1992-06-04,,,1863554.96,1938871.45,
1992-06-05,,,1861299.85,1907862.58,
1992-06-06,,,1871861.94,1940479.92,
1992-06-07,,,1867277.0,1930461.23,
1992-06-08,,,1886448.0,1957192.58,
1992-06-09,,,1830652.8,1869728.59,
1992-06-10,,,1849117.25,1819729.7,
1992-06-11,,,1872877.02,1831317.91,
1992-06-12,,,1894339.76,1828148.69,
1992-06-13,,,1853637.0,1805310.6,
1992-06-14,,,1880512.27,1751116.8,196145.28
1992-06-15,,,1721958.57,1693162.2,186796.8
1992-06-16,,,1781163.11,1822698.9,177448.32
1992-06-17,,,1812927.13,2021552.03,168099.84
1992-06-18,,,1994059.3,1989009.63,158751.36
1992-06-19,,,1990412.4,1888621.59,149402.88
1992-06-20,,,1778100.95,1791393.75,140054.4
1992-06-21,,,1763345.17,1836145.1,130705.92
1992-06-22,,,1710033.89,1824614.75,121357.44
1992-06-23,,,1669098.56,1773528.43,112008.96
1992-06-24,,,1671264.74,1734525.17,102660.48
1992-06-25,,,1684575.9,1719026.59,94750.56
1992-06-26,,,1689377.07,1691383.29,95472.0
1992-06-27,,,1691011.55,1686630.9,97632.0
1992-06-28,,,1744448.04,1699585.34,99792.0
1992-06-29,,,1696448.13,1603771.39,101952.0
1992-06-30,,,1684153.19,1634306.7,104112.0
1992-07-01,,,1593961.35,1596895.2,106272.0
1992-07-02,,,1530369.0,1591771.5,108432.0
1992-07-03,,,1528075.8,1571802.9,110592.0
1992-07-04,,,1522943.4,1548628.37,112752.0
1992-07-05,,,1535439.0,1570153.81,114518.88
1992-07-06,,,1488615.56,1530462.23,113922.72
1992-07-07,,,1461042.64,1516535.12,112929.12
1992-07-08,,,1491971.65,1555835.11,111939.84
1992-07-09,,,1451524.79,1505748.9,110950.56
1992-07-10,,,1409709.14,1477784.55,109961.28
1992-07-11,,,1444011.57,1481154.27,108972.0
1992-07-12,,,1436250.24,1487239.49,107978.4
1992-07-13,,,1436017.82,1472044.66,106989.12
1992-07-14,,,1413241.29,1447616.25,105999.84
1992-07-15,,,1405106.02,1482994.01,105006.24
1992-07-16,,,1381649.34,1399135.82,104016.96
1992-07-17,,,1381815.79,1403396.04,103027.68
1992-07-18,,,1416491.97,1437243.5,102038.4
1992-07-19,,,1454980.62,1478715.8,100949.58
1992-07-20,,,1368246.78,1413756.13,99355.68
1992-07-21,,,1395684.3,1434657.6,97688.16
1992-07-22,,,1391747.1,1405436.1,96020.64
1992-07-23,,,1377215.4,1401452.1,94357.44
1992-07-24,,,1408142.17,1409186.15,92694.24
1992-07-25,,,1406250.18,1432998.16,91026.72
1992-07-26,,,1438601.3,1438373.28,89359.2
1992-07-27,,,1349896.07,1321409.5,87696.0
1992-07-28,,,1320149.33,1307353.8,86032.8
1992-07-29,,,1305567.34,1308165.29,84365.28
1992-07-30,,,1302582.31,1316945.28,82697.76
1992-07-31,,,1318979.4,1368596.7,81034.56
1992-08-01,,,1349652.81,1345329.49,79371.36
1992-08-02,,,1349635.13,1407184.73,77703.84
1992-08-03,,,1280377.24,1342610.4,76036.32
1992-08-04,,,1263392.27,1343260.52,74695.86
1992-08-05,,,1233614.69,1289867.4,75656.16
1992-08-06,,,1243296.64,1289376.0,77060.16
1992-08-07,,,1257239.46,1297523.78,78464.16
1992-08-08,,,1287574.72,1322805.15,79872.48
1992-08-09,,,1277763.1,1319816.96,81280.8
1992-08-10,,,1246208.05,1285298.68,82689.12
1992-08-11,,,1243875.0,1278917.7,84097.44
1992-08-12,,,1227284.4,1258239.74,85505.76
1992-08-13,,,1200827.73,1234088.68,86909.76
1992-08-14,,,1201111.62,1238889.6,88313.76
1992-08-15,,,1200197.11,1238574.0,89722.08
1992-08-16,,,1189619.41,1244148.9,91130.4
1992-08-17,,,1169678.23,1218164.06,92538.72
1992-08-18,,,1159800.98,1208819.63,93947.04
1992-08-19,,,1197120.6,1220898.6,95355.36
1992-08-20,,,1169253.8,1212973.8,96763.68
1992-08-21,,,1170913.49,1203530.1,98167.68
1992-08-22,,,1204662.44,1240749.6,99571.68
1992-08-23,,,1206024.35,1257752.36,100980.0
1992-08-24,,,1201673.79,1200588.13,102388.32
1992-08-25,,,1207227.59,1196750.29,103796.64
1992-08-26,,,1209886.74,1196650.59,105204.96
1992-08-27,,,1192148.86,1170484.05,106613.28
1992-08-28,,,1187057.92,1175023.05,108021.6
1992-08-29,,,1228041.37,1199457.6,109425.6
1992-08-30,,,1191097.27,1193448.9,110829.6
1992-08-31,,,1248781.9,1183125.08,112237.92
1992-09-01,,,1247038.67,1197977.7,113646.24
1992-09-02,,,1214806.69,1068334.09,115054.56
1992-09-03,,,1180672.32,1090181.42,116462.88
1992-09-04,,,1209751.94,1103754.35,117871.2
1992-09-05,,,1219827.82,1131926.49,119275.2
1992-09-06,,,1169506.98,1080923.55,120679.2
1992-09-07,,,1175030.71,1098580.8,122087.52
1992-09-08,,,1166828.2,1056888.9,123495.84
1992-09-09,,,1168871.51,1062028.05,124904.16
1992-09-10,,,1165832.44,1075676.74,126312.48
1992-09-11,,,1188953.84,1062176.84,127720.8
1992-09-12,,,1182212.37,1061273.7,129129.12
1992-09-13,,,1195293.85,1139362.2,130533.12
1992-09-14,,,1175092.04,1105611.73,131937.12
1992-09-15,,,1141278.75,1063141.84,133345.44
1992-09-16,,,1185964.21,1111827.75,134547.21
1992-09-17,,,1260457.92,1189181.1,134399.52
1992-09-18,,,1193315.34,1110939.0,134010.72
1992-09-19,,,1202812.5,1122923.1,133621.92
1992-09-20,,,1238730.0,1187847.6,133233.12
1992-09-21,,,1247031.77,1131533.49,132844.32
1992-09-22,,,1234796.43,1112576.99,132455.52
1992-09-23,,,1239299.4,1138559.85,132066.72
1992-09-24,,,1267113.94,1138292.63,131677.92
1992-09-25,,,1232789.78,1097560.48,131289.12
1992-09-26,,,1261087.5,1171086.6,130896.0
1992-09-27,,,1280527.5,1205688.9,130502.88
1992-09-28,,,1231540.15,1141887.75,130114.08
1992-09-29,,,1213602.08,1136568.45,129725.28
1992-09-30,,,1198158.76,1164429.0,129336.48
1992-10-01,,,1248284.58,1112809.65,128947.68
1992-10-02,,,1223342.49,1081015.5,128558.88
1992-10-03,,,1221073.15,1092480.05,128170.08
1992-10-04,,,1219997.41,1016096.44,127781.28
1992-10-05,,,1308894.07,1120847.4,127392.48
1992-10-06,,,1197123.9,1040807.49,126945.54
1992-10-07,,,1205885.07,1067013.51,126195.84
1992-10-08,,,1211956.67,1090261.85,125396.64
1992-10-09,,,1236688.5,1118083.09,124597.44
1992-10-10,,,1222109.96,1087358.56,123802.56
1992-10-11,,,1240739.33,1129357.41,123003.36
1992-10-12,,,1237003.8,1075858.04,122204.16
1992-10-13,,,1234392.24,1135441.68,121409.28
1992-10-14,,,1220556.04,1070606.85,120610.08
1992-10-15,,,1227302.72,1021100.9,119810.88
1992-10-16,,,1215703.43,1003904.83,119016.0
1992-10-17,,,1243753.4,999209.61,118216.8
1992-10-18,,,1235865.3,1040118.66,117417.6
1992-10-19,,,1264430.29,959541.75,116622.72
1992-10-20,,,1276831.87,1003713.6,115823.52
1992-10-21,,,1237713.78,964646.7,115024.32
1992-10-22,,,1221555.64,981613.2,114229.44
1992-10-23,,,1270761.38,1002132.45,113430.24
1992-10-24,,,1278501.99,951628.2,112631.04
1992-10-25,,,1265660.65,1036834.5,111836.16
1992-10-26,,,1259120.77,991904.37,111036.96
1992-10-27,,,1228364.63,994440.45,110237.76
1992-10-28,,,1186934.41,990077.47,109442.88
1992-10-29,,,1162505.4,1013847.9,108643.68
1992-10-30,,,1155356.25,992167.8,107844.48
1992-10-31,,,1176442.19,992575.8,107049.6
1992-11-01,,,1222835.88,1037376.0,106250.4
1992-11-02,,,1148267.66,953746.35,106596.0
1992-11-03,,,1134539.02,964471.17,115603.2
1992-11-04,,,1170227.73,1026926.85,126403.2
1992-11-05,,,1122055.98,980146.65,137203.2
1992-11-06,,,1125930.41,964548.0,148003.2
1992-11-07,,,1140254.87,941760.0,158803.2
1992-11-08,,,1191589.45,1017590.55,169603.2
1992-11-09,,,1157056.74,1032161.55,180398.88
1992-11-10,,,1134886.7,1054921.95,191194.56
1992-11-11,,,1101973.4,1070695.2,201994.56
1992-11-12,,,1061755.19,1100197.95,212794.56
1992-11-13,,,1074625.48,1093515.45,223594.56
1992-11-14,,,1060793.72,1074349.5,234394.56
1992-11-15,,,1100027.65,1148554.35,245193.03529411764
1992-11-16,,,1085551.87,1126695.6,255991.51058823528
1992-11-17,,,1092420.86,1107756.15,266789.9858823529
1992-11-18,,,1034313.16,1098556.02,
1992-11-19,,,1061640.2,1097536.59,
1992-11-20,,,1043502.5,1076157.86,
1992-11-21,,,1071926.51,1127656.11,
1992-11-22,,,1322953.54,1281711.96,
1992-11-23,,,1195076.16,1182062.11,
1992-11-24,,,1823699.55,1342354.69,
1992-11-25,,,1590216.77,1502647.27,
1992-11-26,,,1351771.96,1356721.01,
1992-11-27,,,1252188.71,1275114.56,
1992-11-28,,,1245374.27,1211355.21,
1992-11-29,,,1216338.34,1265668.16,
1992-11-30,,,1214563.5,1255631.95,
1992-12-01,,,1213664.01,1206582.48,417968.64
1992-12-02,,,1389420.3,1434896.64,428768.64
1992-12-03,,,1717226.7,1651921.35,439568.64
1992-12-04,,,1484594.04,1450686.8,450368.64
1992-12-05,,,1420275.53,1390270.33,461168.64
1992-12-06,,,1414495.05,1445981.86,467701.38
1992-12-07,,,1348442.7,1350327.75,453575.55
1992-12-08,,,1478894.7,1534563.6,392318.64
1992-12-09,,,1458629.85,1481432.96,462447.72
1992-12-10,,,1395621.3,1433812.14,499884.48
1992-12-11,,,1399709.21,1400386.36,526858.56
1992-12-12,,,1364203.66,1410311.52,560302.6694642857
1992-12-13,,,1599614.2,2027294.29,593746.7789285715
1992-12-14,,,1686767.83,2030597.2264705882,627190.8883928572
1992-12-15,,,1773921.46,2033900.1629411764,
1992-12-16,,,1861075.09,2037203.0994117646,
1992-12-17,,,,,
1992-12-18,,,,,
1992-12-19,,,,,
1992-12-20,,,,,
1992-12-21,,,,,
1992-12-22,,,2383996.87,,
1992-12-23,,,2386421.42,,
1992-12-24,,,2373945.71,,
1992-12-25,,,2361470.0,,
1992-12-26,,,2348994.29,,
1992-12-27,,,,,
1992-12-28,,,2324042.87,,
1992-12-29,,,2171867.37,,
1992-12-30,,,2071371.5,2083444.21,
1992-12-31,,,2011934.39,2018709.53,
1993-01-01,,,1909093.31,1948816.59,
1993-01-02,,,1879092.91,1915213.52,
1993-01-03,,,1893521.92,1952302.51,
1993-01-04,,,1815043.3,1887054.4,
1993-01-05,,,1801997.09,1862940.0,
1993-01-06,,,1734155.65,1811833.2,
1993-01-07,,,1913450.39,2216478.74,
1993-01-08,,,4548509.74,4076687.99,
1993-01-09,,,4616543.5875,4462398.7,
1993-01-10,,,4684577.4350000005,4148776.99,
1993-01-11,,,4752611.2825,3835155.28,
1993-01-12,,,4820645.13,3521533.57,
1993-01-13,,,3991631.19,3178695.0,
1993-01-14,,,3539164.72,2930642.39,
1993-01-15,,,3192465.17,2789059.74,
1993-01-16,,,3013514.45,2681264.35,
1993-01-17,,,2834777.72,2603957.27,
1993-01-18,,,2652401.42,2513893.1,
1993-01-19,,,2528811.39,2426517.9,
1993-01-20,,,2386169.75,2330577.82,
1993-01-21,,,2313043.37,2292067.52,
1993-01-22,,,2254226.54,2225291.47,
1993-01-23,,,2158567.67,2125418.11,
1993-01-24,,,2207352.76,2250136.08,
1993-01-25,,,2251132.31,2166195.37,
1993-01-26,,,2075524.92,2094569.5,
1993-01-27,,,2103464.34,2162837.99,
1993-01-28,,,2082943.24,2114910.29,
1993-01-29,,,2125493.32,2211999.94,
1993-01-30,,,2108130.17,2160973.32,
1993-01-31,,,2143289.57,2208974.52,
1993-02-01,,,2916756.37,2872048.59,
1993-02-02,,,3044550.56,2941852.49,
1993-02-03,,,2831161.67,2576230.95,
1993-02-04,,,2549862.95,2391582.83,
1993-02-05,,,2352155.81,2280444.12,2399728.69
1993-02-06,,,2237165.53,2154146.4,2369165.82
1993-02-07,,,2264268.84,2215492.41,2176438.75
1993-02-08,,,2186490.37,2114695.97,1813023.77
1993-02-09,,,2742272.77,2635535.7,1968534.98
1993-02-10,,,2870596.93,2563298.79,2199243.96
1993-02-11,,,3401982.93,2965101.9,2289464.9
1993-02-12,,,3460593.44,2710670.72,2254073.1785714286
1993-02-13,,,3078360.53,2598641.23,2218681.457142857
1993-02-14,,,3098564.51,2612275.81,2183289.7357142856
1993-02-15,,,2756788.2,2469230.7,
1993-02-16,,,2602714.7,2360882.4,
1993-02-17,,,2453544.52,2307164.1,
1993-02-18,,,2401885.94,2277336.29,2041722.85
1993-02-19,,,2388401.81,2237318.14,2027805.54
1993-02-20,,,2352706.13,2230193.62,2116761.3
1993-02-21,,,2369289.6,2272931.32,2246400.0
1993-02-22,,,2263716.85,2157946.54,2151207.0
1993-02-23,,,2198251.36,2098360.2,1488013.61
1993-02-24,,,2182953.87,2076891.19,1296251.53
1993-02-25,,,2128795.39,2050417.88,1276186.12
1993-02-26,,,2117495.07,2023962.47,1160286.62
1993-02-27,,,2115979.84,2072931.14,988490.88
1993-02-28,,,2130547.75,2105693.25,794503.45
1993-03-01,,,2100164.82,2062486.7,759855.67
1993-03-02,,,2011653.77,1963940.95,691640.16
1993-03-03,,,2027541.47,2072239.19,598518.11
1993-03-04,,,2038013.54,2096651.42,561086.27
1993-03-05,,,2139139.68,2116979.1,566494.44
1993-03-06,,,2136391.56,2065630.82,563842.92
1993-03-07,,,2580271.37,2407599.77,569406.86
1993-03-08,,,3675328.8,3335502.49,589007.72
1993-03-09,,,3536861.48,3513410.0,611396.06
1993-03-10,,,3058483.5,2947215.11,678698.1
1993-03-11,,,3109495.2,2884054.57,721460.11
1993-03-12,,,3085871.26,2868345.06,836993.42
1993-03-13,,,2824885.94,2663496.45,937843.89
1993-03-14,,,2615326.97,2601278.7,1034877.48
1993-03-15,,,2558202.2,2488591.2,1602432.76
1993-03-16,,,2456261.08,2432644.8,1588564.0
1993-03-17,,,2393020.86,2407368.3,1561457.73
1993-03-18,,,2393926.54,2399577.9,1505015.245
1993-03-19,,,2312371.2,2326815.52,1448572.76
1993-03-20,,,2266688.63,2304708.3,1392130.275
1993-03-21,,,2287813.02,2347252.69,1335687.79
1993-03-22,,,2209058.7,2273290.87,746175.26
1993-03-23,,,2195506.49,2273169.68,1020226.97
1993-03-24,,,2150277.95,2234188.65,923067.3
1993-03-25,,,2141362.64,2212362.04,780557.18
1993-03-26,,,2117774.48,2187325.41,857606.47
1993-03-27,,,2087095.68,2147055.45,836007.54
1993-03-28,,,2123082.76,2225598.26,704052.83
1993-03-29,,,2059135.94,2173119.19,440475.59
1993-03-30,,,2057092.89,2203847.83,448755.06
1993-03-31,,,2028485.07,2112280.2,362913.92
1993-04-01,,,2080835.12,2188345.79,351037.5
1993-04-02,,,2055247.75,2112335.87,342261.05
1993-04-03,,,2013044.83,2061683.71,348304.11
1993-04-04,,,1989926.95,2042926.42,347319.53
1993-04-05,,,1926033.65,1969698.92,337406.25
1993-04-06,,,1916206.48,1976415.85,335849.16
1993-04-07,,,1899297.95,1936590.03,334325.46
1993-04-08,,,1859371.23,1902468.3,324162.0
1993-04-09,,,1829935.87,1869518.57,327758.4
1993-04-10,,,1826779.74,1871125.19,326635.2
1993-04-11,,,1808556.08,1860896.17,325516.32
1993-04-12,,,1810032.92,1834279.23,324397.44
1993-04-13,,,1776564.5,1815517.94,323274.24
1993-04-14,,,1728887.93,1783589.44,322151.04
1993-04-15,,,1707048.84,1778385.09,321027.84
1993-04-16,,,1658566.95,1760934.65,319908.96
1993-04-17,,,1680627.78,1762393.5,318790.08
1993-04-18,,,1618081.33,1755234.94,317666.88
1993-04-19,,,1612083.05,1745768.69,316543.68
1993-04-20,,,1592457.15,1725867.99,315214.08
1993-04-21,,,1567102.77,1714203.01,312318.72
1993-04-22,,,1556809.65,1675430.63,309100.32
1993-04-23,,,1543027.28,1635493.93,305881.92
1993-04-24,,,1562610.18,1630859.92,302663.52
1993-04-25,,,1564288.15,1626824.76,299440.8
1993-04-26,,,1583348.55,1643688.6,296222.4
1993-04-27,,,1560163.65,1623738.6,293004.0
1993-04-28,,,1572518.7,1646513.99,289785.6
1993-04-29,,,1548957.15,1602335.7,286567.2
1993-04-30,,,1515393.45,1596115.79,283344.48
1993-05-01,,,1539801.3,1583973.98,280126.08
1993-05-02,,,1559585.53,1594249.27,276907.68
1993-05-03,,,1576537.02,1617054.48,273689.28
1993-05-04,,,1559693.67,1577213.82,270470.88
1993-05-05,,,1607193.59,1618095.47,267248.16
1993-05-06,,,1714488.55,1705782.61,264029.76
1993-05-07,,,1638547.85,1635383.17,260811.36
1993-05-08,,,1643629.23,1653285.31,257592.96
1993-05-09,,,1640584.53,1642497.6,254172.72
1993-05-10,,,1563371.5,1596405.66,248784.48
1993-05-11,,,1537416.58,1592329.21,242900.64
1993-05-12,,,1522042.95,1566271.8,237012.48
1993-05-13,,,1556959.8,1571607.0,231124.32
1993-05-14,,,1565357.7,1576287.0,225240.48
1993-05-15,,,1527401.21,1561123.8,219352.32
1993-05-16,,,1532653.09,1551678.69,213464.16
1993-05-17,,,1500033.98,1526762.77,207580.32
1993-05-18,,,1469763.34,1524533.86,201696.48
1993-05-19,,,1431240.99,1497932.38,195808.32
1993-05-20,,,1390739.28,1450793.94,189920.16
1993-05-21,,,1345429.27,1456426.5,184036.32
1993-05-22,,,1405836.52,1476404.1,178148.16
1993-05-23,,,1374344.44,1459872.0,172260.0
1993-05-24,,,1325959.35,1440734.47,166376.16
1993-05-25,,,1344230.16,1453292.71,160492.32
1993-05-26,,,1343357.71,1444030.2,154604.16
1993-05-27,,,1278168.0,1430469.9,148716.0
1993-05-28,,,1214850.13,1403829.0,142832.16
1993-05-29,,,1245546.36,1408239.9,136948.32
1993-05-30,,,1237670.53,1379083.5,131060.16
1993-05-31,,,1236332.07,1372309.02,125172.0
1993-06-01,,,1232493.81,1350666.2,119288.16
1993-06-02,,,1191279.0,1325852.66,113400.0
1993-06-03,,,1194697.28,1324828.2,107511.84
1993-06-04,,,1211441.81,1331604.0,101628.0
1993-06-05,,,1220011.57,1304658.0,95744.16
1993-06-06,,,1195749.1,1291571.7,90560.16
1993-06-07,,,1170212.52,1267151.4,89592.48
1993-06-08,,,1144375.04,1251322.13,89328.96
1993-06-09,,,1096083.01,1196736.38,89065.44
1993-06-10,,,1097183.58,1207822.5,88801.92
1993-06-11,,,1064264.04,1165957.8,88538.4
1993-06-12,,,1080281.4,1170113.24,88274.88
1993-06-13,,,1044641.73,1180151.51,88011.36
1993-06-14,,,1009285.8,1110044.0,87747.84
1993-06-15,,,1010834.69,1098336.6,87484.32
1993-06-16,,,1006614.72,1139802.3,87220.8
1993-06-17,,,963237.98,1221804.0,86957.28
1993-06-18,,,968403.74,1214421.12,86693.76
1993-06-19,,,1005066.97,1207038.24,86430.24
1993-06-20,,,951426.2,1199655.36,86166.72
1993-06-21,,,878598.56,1192272.48,85903.2
1993-06-22,,,882631.64,1184885.28,85639.68
1993-06-23,,,813183.47,1177502.4,85376.16
1993-06-24,,,802806.05,1170119.52,85112.64
1993-06-25,,,814482.05,1162732.32,84849.12
1993-06-26,,,905112.92,1155349.44,84585.6
1993-06-27,,,900178.66,1147966.56,84322.08
1993-06-28,,,825491.38,1140583.68,84058.56
1993-06-29,,,788765.52,1133200.8,83795.04
1993-06-30,,,764866.9,1125813.6,83531.52
1993-07-01,,,810593.7,1118430.72,83268.0
1993-07-02,,,803432.25,1111047.84,83004.48
1993-07-03,,,780030.11,1103660.64,82740.96
1993-07-04,,,826830.83,1096277.76,82477.44
1993-07-05,,,733186.95,1088894.88,82213.92
1993-07-06,,,736588.14,1081512.0,81950.4
1993-07-07,,,706266.9,1074129.12,81686.88
1993-07-08,,,696528.24,1066741.92,81423.36
1993-07-09,,,760872.0,1059359.04,81159.84
1993-07-10,,,793382.37,1051976.16,80896.32
1993-07-11,,,858667.27,1044588.96,80632.8
1993-07-12,,,738065.04,1037206.08,80369.28
1993-07-13,,,639470.95,1029823.2,80105.76
1993-07-14,,,650296.79,1022440.32,79842.24
1993-07-15,,,636237.6,1015057.44,79578.72
1993-07-16,,,683492.4,1007670.24,79315.2
1993-07-17,,,715279.9,1000287.36,79051.68
1993-07-18,,,785081.21,992904.48,78788.16
1993-07-19,,,753850.57,985517.28,78524.64
1993-07-20,,,768929.1,978134.4,78261.12
1993-07-21,,,756440.7,970751.52,77997.6
1993-07-22,,,669285.32,963368.64,79406.55
1993-07-23,,,604203.95,955985.76,80710.56
1993-07-24,,,735156.34,948598.56,81030.24
1993-07-25,,,756383.57,941215.68,81354.24
1993-07-26,,,715559.69,933832.8,81678.24
1993-07-27,,,628237.5,926445.6,82002.24
1993-07-28,,,686545.48,919062.72,82326.24
1993-07-29,,,704904.77,911679.84,82650.24
1993-07-30,,,737958.9,904296.96,82974.24
1993-07-31,,,897323.4,896914.08,83298.24
1993-08-01,,,785898.9,889526.88,83622.24
1993-08-02,,,715218.27,882820.08,83941.92
1993-08-03,,,672991.74,880169.76,84265.92
1993-08-04,,,680624.48,878195.52,84589.92
1993-08-05,,,643958.7,876225.6,84913.92
1993-08-06,,,712739.67,874251.36,85237.92
1993-08-07,,,757012.59,872277.12,85561.92
1993-08-08,,,686300.82,870302.88,85885.92
1993-08-09,,,745048.24,868328.64,86205.6
1993-08-10,,,722118.46,866354.4,86529.6
1993-08-11,,,682633.2,864380.16,86853.6
1993-08-12,,,719756.4,862410.24,87177.6
1993-08-13,,,740695.8,860436.0,87501.6
1993-08-14,,,672670.64,858461.76,87825.6
1993-08-15,,,727592.39,856487.52,88032.15
1993-08-16,,,667135.5,854513.28,87691.68
1993-08-17,,,769760.95,831439.44,87285.6
1993-08-18,,,607740.25,738031.2,86875.2
1993-08-19,,,777104.57,736908.99,86464.8
1993-08-20,,,585848.31,722211.61,86054.4
1993-08-21,,,797165.18,746526.32,85644.0
1993-08-22,,,617650.9,748515.73,85237.92
1993-08-23,,,705008.0,698428.38,84827.52
1993-08-24,,,698852.22,679180.24,84417.12
1993-08-25,,,570162.09,706269.6,84011.04
1993-08-26,,,749704.14,829168.42,83600.64
1993-08-27,,,586406.3,686034.67,83190.24
1993-08-28,,,707213.07,762628.16,82779.84
1993-08-29,,,577582.26,743579.4,82369.44
1993-08-30,,,612420.89,698175.55,81963.36
1993-08-31,,,639749.79,711134.81,81552.96
1993-09-01,,,766338.44,736208.86,81142.56
1993-09-02,,,863591.92,713814.78,80732.16
1993-09-03,,,874593.54,745764.55,80321.76
1993-09-04,,,940426.53,768644.39,79915.68
1993-09-05,,,980376.99,839585.26,79641.9
1993-09-06,,,905838.25,748285.25,80334.72
1993-09-07,,,848653.74,683755.64,81216.0
1993-09-08,,,852518.05,771328.92,82101.6
1993-09-09,,,869523.41,813782.0,82987.2
1993-09-10,,,855910.23,781796.22,83868.48
1993-09-11,,,893983.58,826998.87,84754.08
1993-09-12,,,925369.48,847581.0,85639.68
1993-09-13,,,880228.46,796869.54,86520.96
1993-09-14,,,880918.86,812820.99,87406.56
1993-09-15,,,887435.1,818358.45,88292.16
1993-09-16,,,916005.3,858578.63,89173.44
1993-09-17,,,970179.0,856598.61,90054.72
1993-09-18,,,892857.6,820626.17,90940.32
1993-09-19,,,915730.8,891924.75,91825.92
1993-09-20,,,877718.7,826364.52,92707.2
1993-09-21,,,964558.2,851309.25,93592.8
1993-09-22,,,1127005.86,824276.16,94478.4
1993-09-23,,,1059420.09,858206.54,95359.68
1993-09-24,,,971862.94,856429.2,96245.28
1993-09-25,,,1055518.48,866001.98,97130.88
1993-09-26,,,1060100.6,905666.66,98012.16
1993-09-27,,,948993.0,846745.46,98893.44
1993-09-28,,,887129.57,842108.59,99779.04
1993-09-29,,,901630.14,829024.34,100664.64
1993-09-30,,,944584.2,819226.33,101545.92
1993-10-01,,,1010297.47,787143.95,102431.52
1993-10-02,,,957023.46,738677.29,103317.12
1993-10-03,,,1003073.16,770410.27,104198.4
1993-10-04,,,937441.39,769129.5,105084.0
1993-10-05,,,944924.42,780733.5,105969.6
1993-10-06,,,926942.57,768731.45,106850.88
1993-10-07,,,969784.76,753759.38,107732.16
1993-10-08,,,982462.19,783243.47,108617.76
1993-10-09,,,935654.38,751351.26,109503.36
1993-10-10,,,988469.6,798184.64,110384.64
1993-10-11,,,1009311.77,749912.25,111270.24
1993-10-12,,,964638.57,694633.05,112155.84
1993-10-13,,,1017189.68,711743.87,113037.12
1993-10-14,,,979864.65,725681.84,113922.72
1993-10-15,,,1035849.98,747232.31,114808.32
1993-10-16,,,1015760.71,725147.04,115689.6
1993-10-17,,,1022785.42,722215.97,116570.88
1993-10-18,,,1065768.95,704815.82,117456.48
1993-10-19,,,1053007.83,712869.11,118342.08
1993-10-20,,,1014441.6,710957.27,119223.36
1993-10-21,,,1011129.6,693815.31,120108.96
1993-10-22,,,1019311.32,648770.98,120994.56
1993-10-23,,,1033595.76,644812.5,121875.84
1993-10-24,,,1041849.6,719657.39,122761.44
1993-10-25,,,993739.2,629518.81,123405.3
1993-10-26,,,954364.8,641033.99,123076.8
1993-10-27,,,990460.8,675636.74,122644.8
1993-10-28,,,954243.26,655213.76,122212.8
1993-10-29,,,920031.94,580108.67,121780.8
1993-10-30,,,935513.93,632800.54,121348.8
1993-10-31,,,997946.03,766118.83,120916.8
1993-11-01,,,1013254.61,722376.75,120484.8
1993-11-02,,,1013664.63,733486.75,120052.8
1993-11-03,,,1023504.1,738078.34,119620.8
1993-11-04,,,1010168.04,706919.26,119188.8
1993-11-05,,,1083327.01,766129.5,118756.8
1993-11-06,,,1068820.09,741837.35,118324.8
1993-11-07,,,1068304.15,727956.27,117892.8
1993-11-08,,,1044286.93,717519.72,117460.8
1993-11-09,,,950159.65,635403.75,117028.8
1993-11-10,,,1042143.87,841666.5,116596.8
1993-11-11,,,1045652.64,772782.75,116164.8
1993-11-12,,,1060733.35,771609.0,115732.8
1993-11-13,,,1002823.79,752031.84,115300.8
1993-11-14,,,973134.08,713902.35,114868.8
1993-11-15,,,991957.22,762325.51,114436.8
1993-11-16,,,1054654.83,817232.25,119568.33
1993-11-17,,,1012356.44,777581.91,147510.72
1993-11-18,,,993417.1,771846.42,177906.24
1993-11-19,,,1049269.32,837483.33,208306.08
1993-11-20,,,971116.8,765732.0,212407.19999999998
1993-11-21,,,1035299.07,828264.0,216508.31999999998
1993-11-22,,,943526.38,738213.75,220609.44
1993-11-23,,,982863.32,777126.75,
1993-11-24,,,927453.71,723234.75,
1993-11-25,,,986634.93,773997.67,
1993-11-26,,,990700.75,741236.35,
1993-11-27,,,945960.0,656762.26,
1993-11-28,,,1018670.4,840286.75,
1993-11-29,,,1005844.65,739226.16,
1993-11-30,,,948120.66,693124.5,
1993-12-01,,,949918.65,736377.28,257519.52
1993-12-02,,,947184.71,684297.47,256491.36
1993-12-03,,,986688.0,730913.07,255463.2
1993-12-04,,,974670.66,714628.06,254435.04
1993-12-05,,,1013442.31,765405.75,253406.88
1993-12-06,,,919418.42,638666.25,252378.72
1993-12-07,,,929674.66,676976.48,251350.56
1993-12-08,,,922897.59,672634.97,250322.4
1993-12-09,,,933455.89,677941.5,249294.24
1993-12-10,,,935878.78,652242.77,248266.08
1993-12-11,,,948319.96,693946.23,247237.92
1993-12-12,,,856672.7,653157.62,246209.76
1993-12-13,,,882200.08,670753.71,245181.6
1993-12-14,,,958095.45,721155.75,244153.44
1993-12-15,,,978778.93,733676.9,243125.28
1993-12-16,,,962220.5,735080.99,242097.12
1993-12-17,,,947553.53,708964.66,241068.96
1993-12-18,,,985062.5,746017.42,240040.8
1993-12-19,,,960624.53,738646.5,239012.64
1993-12-20,,,937630.8,711543.0,237984.48
1993-12-21,,,940600.75,707133.49,236956.32
1993-12-22,,,922549.29,693718.87,235932.48
1993-12-23,,,934640.66,697440.97,233655.77
1993-12-24,,,918262.41,676798.9,226251.36
1993-12-25,,,953386.33,711297.26,218298.24
1993-12-26,,,889737.44,695830.7,210345.12
1993-12-27,,,911801.75,691530.99,202392.0
1993-12-28,,,871220.08,643884.0,194438.88
1993-12-29,,,868137.14,650001.75,186485.76
1993-12-30,,,867859.56,643591.5,178532.64
1993-12-31,,,907089.68,663766.5,170575.2
1994-01-01,,,917336.19,671556.75,162622.08
1994-01-02,,,982384.94,708926.46,154668.96
1994-01-03,,,1048454.15,737479.3,146715.84
1994-01-04,,,1569342.32,1489203.29,138762.72
1994-01-05,,,1909117.11,1402097.37,157970.18
1994-01-06,,,1278204.1,1018730.05,214541.36
1994-01-07,,,1255153.97,981128.9,147497.76
1994-01-08,,,1160690.83,899986.9,148737.6
1994-01-09,,,1168881.77,908807.61,149977.44
1994-01-10,,,1115855.62,825561.22,151212.96
1994-01-11,,,1159129.35,891895.01,152452.8
1994-01-12,,,1097917.42,812242.84,153692.64
1994-01-13,,,1089703.04,807510.75,154928.16
1994-01-14,,,1128863.17,797092.25,156168.0
1994-01-15,,,1049989.71,776981.54,157407.84
1994-01-16,,,1198290.42,933819.0,158643.36
1994-01-17,,,1315459.61,1064317.88,159631.41
1994-01-18,,,1300722.42,976974.56,159308.64
1994-01-19,,,1318215.41,991014.55,158798.88
1994-01-20,,,1309229.84,1006876.53,158289.12
1994-01-21,,,1300779.22,961636.5,157779.36
1994-01-22,,,1219596.83,922068.09,157269.6
1994-01-23,,,1271839.31,982781.9,156764.16
1994-01-24,,,1262192.78,951316.34,156258.72
1994-01-25,,,1186505.07,885325.65,155748.96
1994-01-26,,,1224336.87,968939.1,155239.2
1994-01-27,,,1164249.47,941634.75,154729.44
1994-01-28,,,1139418.1,898380.01,154219.68
1994-01-29,,,1157248.37,932487.34,153709.92
1994-01-30,,,1233586.09,1043092.98,153200.16
1994-01-31,,,1263990.3,1079139.54,152690.4
1994-02-01,,,2227233.3,2172806.55,152180.64
1994-02-02,,,1826696.1,1570520.38,151670.88
1994-02-03,,,1598157.95,1349442.54,151214.76
1994-02-04,,,1479942.5,1260461.5,151005.6
1994-02-05,,,1430550.7,1216389.58,150824.16
1994-02-06,,,1413631.61,1207574.76,150647.04
1994-02-07,,,1317453.98,1119630.74,150469.92
1994-02-08,,,1313417.97,1121225.78,150288.48
1994-02-09,,,1283864.87,1090666.45,150107.04
1994-02-10,,,1316396.34,1068614.6,149929.92
1994-02-11,,,1309044.26,1043860.38,149752.8
1994-02-12,,,1585586.41,1435906.0,149571.36
1994-02-13,,,2706775.82,3225407.18,149389.92
1994-02-14,,,3254158.75,2500031.0,149208.48
1994-02-15,,,2312506.65,1915326.14,149031.36
1994-02-16,,,2145321.13,1824335.52,148854.24
1994-02-17,,,2020987.62,1717730.45,148672.8
1994-02-18,,,1848482.14,1486070.16,148491.36
1994-02-19,,,1649298.77,1441935.24,148314.24
1994-02-20,,,1729584.05,1454687.24,148137.12
1994-02-21,,,1623280.5,1389207.0,147955.68
1994-02-22,,,1644322.28,1437440.7,147774.24
1994-02-23,,,2316048.02,2122088.42,147597.12
1994-02-24,,,2334716.32,2008387.39,147420.0
1994-02-25,,,2168244.43,1731546.1,147238.56
1994-02-26,,,1933086.91,1665564.66,147057.12
1994-02-27,,,2119014.41,1820568.02,147097.2
1994-02-28,,,2072931.05,1663900.23,148426.56
1994-03-01,,,1885275.31,1577952.39,149968.8
1994-03-02,,,1713137.1,1443494.63,151511.04
1994-03-03,,,1763317.74,1491517.35,162320.33
1994-03-04,,,1682819.45,1431957.61,159904.8
1994-03-05,,,1707715.52,1427395.03,161040.96
1994-03-06,,,1739862.97,1574501.02,162181.44
1994-03-07,,,2163946.87,1874590.05,163317.6
1994-03-08,,,1952816.14,1694636.78,164453.76
1994-03-09,,,1786353.05,1515270.16,165024.0
1994-03-10,,,1768165.82,1537327.5,165024.0
1994-03-11,,,1814696.47,1581127.5,165024.0
1994-03-12,,,1823317.69,1551197.42,165024.0
1994-03-13,,,2701381.92,2536961.44,165024.0
1994-03-14,,,2767081.11,2292426.21,294055.68
1994-03-15,,,2431903.82,2034838.01,224886.71
1994-03-16,,,2233040.58,1906779.73,191622.24
1994-03-17,,,2113533.26,1807848.32,188239.68
1994-03-18,,,2009635.94,1695807.38,184857.12
1994-03-19,,,1864174.34,1565095.76,183168.0
1994-03-20,,,1939336.52,1680299.23,183168.0
1994-03-21,,,1883979.9,1640268.93,183168.0
1994-03-22,,,1848513.39,1630392.23,183168.0
1994-03-23,,,1779023.72,1539225.59,183168.0
1994-03-24,,,1736812.29,1490761.85,183168.0
1994-03-25,,,1671953.36,1441806.0,183168.0
1994-03-26,,,1603839.18,1399201.67,183168.0
1994-03-27,,,1612678.02,1423541.44,183168.0
1994-03-28,,,1569048.41,1405133.3,183168.0
1994-03-29,,,1526327.4,1329349.05,181383.84
1994-03-30,,,1542260.85,1344701.25,177815.52
1994-03-31,,,1536901.83,1351719.75,174242.88
1994-04-01,,,1577749.47,1348713.89,170670.24
1994-04-02,,,1640543.69,1427333.13,167101.92
1994-04-03,,,1630490.12,1389758.25,163533.6
1994-04-04,,,1580932.66,1346465.87,159960.96
1994-04-05,,,1555906.71,1312977.19,156388.32
1994-04-06,,,1544490.9,1287335.3,152820.0
1994-04-07,,,1535825.45,1270051.93,149251.68
1994-04-08,,,1522738.69,1260046.76,145683.36
1994-04-09,,,1486542.7,1230800.67,142110.72
1994-04-10,,,1458560.49,1233033.31,138538.08
1994-04-11,,,1440916.03,1230772.5,135656.73
1994-04-12,,,1394305.07,1143160.5,137898.72
1994-04-13,,,1334228.43,1147801.5,141186.24
1994-04-14,,,1367579.25,1159572.0,144469.44
1994-04-15,,,1357772.11,1122528.0,147752.64
1994-04-16,,,1293508.87,1055737.5,151040.16
1994-04-17,,,1375898.33,1146099.57,154327.68
1994-04-18,,,1309745.88,1147372.0,157610.88
1994-04-19,,,1260566.59,1119294.0,160898.4
1994-04-20,,,1204268.36,1059559.5,164185.92
1994-04-21,,,1159948.52,1022150.1,167469.12
1994-04-22,,,1173867.77,1060901.4,170752.32
1994-04-23,,,1255446.06,1076118.0,174039.84
1994-04-24,,,1237007.62,1070217.0,174498.57
1994-04-25,,,1188704.33,1075792.5,173927.52
1994-04-26,,,1181907.41,1074081.0,170894.88
1994-04-27,,,1153171.29,1057260.62,167862.24
1994-04-28,,,1080851.95,980745.9,164829.6
1994-04-29,,,1042871.09,963558.0,161796.96
1994-04-30,,,1088475.46,998229.0,158764.32
1994-05-01,,,1083960.0,992002.5,155727.36
1994-05-02,,,1063036.64,1008697.5,152690.4
1994-05-03,,,1088521.58,1014661.5,149657.76
1994-05-04,,,1079106.11,1008519.0,143684.28
1994-05-05,,,1101393.17,985605.06,144201.6
1994-05-06,,,1063306.94,873273.69,141683.04
1994-05-07,,,1077322.31,887924.55,139164.48
1994-05-08,,,1054022.03,877844.79,136645.92
1994-05-09,,,1047733.17,873011.25,134127.36
1994-05-10,,,1031936.64,864966.0,131604.48
1994-05-11,,,1021641.6,828574.8,129085.92
1994-05-12,,,1030382.08,812032.15,126567.36
1994-05-13,,,1047004.79,847341.0,124048.8
1994-05-14,,,1073188.8,844221.94,121530.24
1994-05-15,,,1071278.29,867495.57,119007.36
1994-05-16,,,1036980.83,843012.89,116488.8
1994-05-17,,,1034329.89,838985.4,113970.24
1994-05-18,,,968290.44,801824.74,111447.36
1994-05-19,,,863071.6,710368.39,108928.8
1994-05-20,,,859117.78,749516.51,106410.24
1994-05-21,,,967465.36,806634.6,103891.68
1994-05-22,,,971315.26,803553.57,101373.12
1994-05-23,,,929785.01,768048.0,98850.24
1994-05-24,,,881286.94,762333.79,96331.68
1994-05-25,,,866293.0,749452.4,93813.12
1994-05-26,,,835682.34,713951.66,91294.56
1994-05-27,,,798748.8,705254.55,88776.0
1994-05-28,,,853194.23,716161.05,86253.12
1994-05-29,,,804079.16,702104.93,83734.56
1994-05-30,,,778506.65,684739.2,81563.76
1994-05-31,,,766578.79,679117.49,81475.2
1994-06-01,,,705890.33,576548.3,81730.08
1994-06-02,,,674598.32,608780.84,81984.96
1994-06-03,,,714803.59,593640.24,82244.16
1994-06-04,,,719792.16,611641.94,82499.04
1994-06-05,,,736518.3,578654.93,82753.92
1994-06-06,,,664267.92,530030.63,83013.12
1994-06-07,,,631831.93,481423.17,83268.0
1994-06-08,,,635723.55,537777.31,83522.88
1994-06-09,,,662754.53,543520.58,83782.08
1994-06-10,,,621456.63,485943.64,84036.96
1994-06-11,,,618302.16,477337.13,84291.84
1994-06-12,,,681018.89,514688.94,84551.04
1994-06-13,,,563918.45,490207.55,84810.24
1994-06-14,,,551299.2,435411.5,85065.12
1994-06-15,,,581130.28,528574.01,85320.0
1994-06-16,,,579921.09,502041.44,85579.2
1994-06-17,,,502939.79,469587.46,85834.08
1994-06-18,,,544632.77,515176.0,86088.96
1994-06-19,,,687928.85,570697.42,86348.16
1994-06-20,,,632986.2,522038.17,86603.04
1994-06-21,,,464055.45,375367.25,86857.92
1994-06-22,,,488336.7,411982.5,87117.12
1994-06-23,,,538473.56,464697.28,87372.0
1994-06-24,,,523485.38,402172.78,87626.88
1994-06-25,,,599346.72,456973.92,87886.08
1994-06-26,,,682780.61,494730.75,88146.24
1994-06-27,,,606273.05,436149.06,88421.76
1994-06-28,,,562977.8,419611.15,88698.24
1994-06-29,,,569521.83,410666.25,88974.72
1994-06-30,,,504807.47,372924.0,89251.2
1994-07-01,,,425003.84,352848.75,89527.68
1994-07-02,,,417734.77,332861.25,89804.16
1994-07-03,,,454566.15,354711.0,90080.64
1994-07-04,,,452123.0,354262.5,90357.12
1994-07-05,,,462701.45,372816.75,90633.6
1994-07-06,,,444856.8,349767.75,90910.08
1994-07-07,,,395917.2,343975.46,91186.56
1994-07-08,,,427504.86,405773.24,91463.04
1994-07-09,,,479384.45,418466.25,91739.52
1994-07-10,,,508884.0,424560.0,92016.0
1994-07-11,,,448981.76,365913.75,92292.48
1994-07-12,,,455505.46,341850.75,92568.96
1994-07-13,,,456591.6,343137.75,92845.44
1994-07-14,,,436659.3,340561.5,93121.92
1994-07-15,,,402973.65,309174.0,93398.4
1994-07-16,,,477420.6,325304.25,93674.88
1994-07-17,,,483592.8,330921.0,93951.36
1994-07-18,,,473855.4,336371.25,94227.84
1994-07-19,,,461081.16,348295.5,94504.32
1994-07-20,,,471311.97,348039.12,94780.8
1994-07-21,,,543454.29,362299.14,95057.28
1994-07-22,,,545438.82,357528.75,95333.76
1994-07-23,,,592325.94,360746.25,95610.24
1994-07-24,,,627944.03,376482.75,95886.72
1994-07-25,,,527822.32,335133.0,96163.2
1994-07-26,,,539468.69,311362.5,96439.68
1994-07-27,,,476011.92,308135.25,96716.16
1994-07-28,,,504344.88,314054.25,96992.64
1994-07-29,,,426981.28,297246.96,97269.12
1994-07-30,,,470245.88,322492.7,97545.6
1994-07-31,,,542126.91,341661.01,97822.08
1994-08-01,,,455225.49,419342.71,98098.56
1994-08-02,,,479121.85,371101.8,98375.04
1994-08-03,,,514628.61,336140.8,98651.52
1994-08-04,,,591546.85,334823.4,98928.0
1994-08-05,,,515203.68,336302.4,99204.48
1994-08-06,,,493829.66,339709.8,99480.96
1994-08-07,,,608966.38,344875.57,99757.44
1994-08-08,,,508392.1,349546.68,100033.92
1994-08-09,,,495539.87,377383.98,100310.4
1994-08-10,,,552606.9,381358.32,100586.88
1994-08-11,,,536940.9,355749.02,100863.36
1994-08-12,,,469000.32,344746.21,101139.84
1994-08-13,,,522380.56,348756.91,101416.32
1994-08-14,,,551713.64,388531.8,101692.8
1994-08-15,,,457948.86,341845.28,102034.89
1994-08-16,,,448823.9,338495.87,102686.4
1994-08-17,,,383635.38,308816.4,103377.6
1994-08-18,,,452950.52,367575.77,104064.48
1994-08-19,,,502077.24,362564.9,104751.36
1994-08-20,,,589569.69,347924.52,105442.56
1994-08-21,,,635126.58,336953.73,106133.76
1994-08-22,,,510132.35,336299.0,106824.96
1994-08-23,,,598124.31,355214.94,107516.16
1994-08-24,,,572545.15,328486.04,108203.04
1994-08-25,,,531081.24,322303.15,108889.92
1994-08-26,,,553981.49,334581.96,109581.12
1994-08-27,,,614031.16,375068.85,110272.32
1994-08-28,,,665096.78,449763.75,110963.52
1994-08-29,,,602825.26,422892.75,111654.72
1994-08-30,,,650688.67,430644.0,112341.6
1994-08-31,,,684456.82,470482.5,113028.48
1994-09-01,,,710444.09,526950.22,113719.68
1994-09-02,,,702430.72,501375.31,114410.88
1994-09-03,,,617101.12,461112.75,115102.08
1994-09-04,,,706666.32,545025.0,115551.09
1994-09-05,,,622353.51,478350.75,114670.08
1994-09-06,,,719093.16,529616.25,113585.76
1994-09-07,,,855100.83,605136.75,112505.76
1994-09-08,,,870325.06,589741.5,111421.44
1994-09-09,,,765264.03,580056.75,110337.12
1994-09-10,,,709605.84,560894.25,109257.12
1994-09-11,,,809044.87,618362.25,108172.8
1994-09-12,,,793313.33,602706.69,107088.48
1994-09-13,,,739028.54,578541.78,106004.16
1994-09-14,,,673963.1,596433.14,104919.84
1994-09-15,,,771954.0,629788.79,103839.84
1994-09-16,,,803221.2,617762.88,102755.52
1994-09-17,,,758621.89,616568.4,101671.2
1994-09-18,,,915797.86,651731.82,100591.2
1994-09-19,,,785667.62,594347.25,99506.88
1994-09-20,,,704240.5,579047.25,98422.56
1994-09-21,,,755251.29,598155.37,97338.24
1994-09-22,,,787336.35,578393.87,96253.92
1994-09-23,,,686919.24,476268.0,95173.92
1994-09-24,,,653781.57,445932.0,94089.6
1994-09-25,,,708039.35,483908.25,93005.28
1994-09-26,,,664295.57,477746.25,91925.28
1994-09-27,,,655232.46,472777.31,90840.96
1994-09-28,,,665702.75,452577.36,89756.64
1994-09-29,,,638584.19,454591.28,88676.64
1994-09-30,,,708014.48,480291.84,87592.32
1994-10-01,,,848758.88,426958.02,86508.0
1994-10-02,,,738442.62,481877.35,85423.68
1994-10-03,,,748804.08,465347.3,84339.36
1994-10-04,,,742623.29,502989.0,83259.36
1994-10-05,,,653716.8,454535.36,82175.04
1994-10-06,,,610881.6,438440.05,81090.72
1994-10-07,,,651787.2,458266.73,80010.72
1994-10-08,,,777346.8,484718.38,78926.4
1994-10-09,,,766444.36,470948.23,78085.68
1994-10-10,,,701939.31,426820.06,79259.04
1994-10-11,,,810178.16,482351.29,80879.04
1994-10-12,,,813021.63,503179.88,82503.36
1994-10-13,,,798483.04,498747.75,84127.68
1994-10-14,,,742664.21,466683.75,85747.68
1994-10-15,,,819946.52,477611.71,87367.68
1994-10-16,,,815492.33,480893.59,88992.0
1994-10-17,,,818028.03,498702.27,90616.32
1994-10-18,,,853637.01,515029.07,92236.32
1994-10-19,,,848632.93,490453.0,93856.32
1994-10-20,,,774763.45,481904.9,95480.64
1994-10-21,,,820824.82,490325.3,97104.96
1994-10-22,,,795268.2,473795.97,98729.28
1994-10-23,,,727854.54,470606.47,100349.28
1994-10-24,,,679761.54,474438.39,101969.28
1994-10-25,,,728018.17,546156.93,103593.6
1994-10-26,,,788797.18,559878.79,105217.92
1994-10-27,,,779615.68,562424.17,106837.92
1994-10-28,,,738482.67,555259.62,108457.92
1994-10-29,,,676578.49,463969.5,110082.24
1994-10-30,,,670569.1,545592.48,111706.56
1994-10-31,,,682764.87,557222.06,113330.88
1994-11-01,,,691506.19,551085.24,114950.88
1994-11-02,,,706764.0,547320.5,110554.92
1994-11-03,,,757546.96,606346.49,97854.83
1994-11-04,,,883931.15,637540.0,129210.315
1994-11-05,,,872487.65,679748.06,160565.8
1994-11-06,,,1007135.03,759329.77,191921.285
1994-11-07,,,1047456.71,791639.64,223276.77
1994-11-08,,,991864.77,750137.11,221334.152
1994-11-09,,,910734.33,686318.11,219391.53399999999
1994-11-10,,,913565.23,706954.45,217448.916
1994-11-11,,,1025424.63,742004.67,
1994-11-12,,,856220.48,670154.19,213563.68
1994-11-13,,,879363.6,670059.83,182346.68
1994-11-14,,,969108.22,767853.81,130567.14
1994-11-15,,,860342.77,770972.79,125168.51
1994-11-16,,,982917.4,868613.94,164981.41
1994-11-17,,,845352.82,805445.34,165024.0
1994-11-18,,,811728.44,757869.83,153881.02
1994-11-19,,,771625.69,759644.42,155052.14
1994-11-20,,,792969.31,773431.68,156192.71
1994-11-21,,,716196.27,739401.0,147417.57
1994-11-22,,,701113.8,730061.41,146377.26
1994-11-23,,,783629.4,771054.89,172314.56
1994-11-24,,,993549.55,910835.36,179355.64
1994-11-25,,,908270.44,854137.66,192382.61
1994-11-26,,,857192.4,827207.55,184193.59
1994-11-27,,,1245548.16,1128986.25,227990.82
1994-11-28,,,1231916.0,1129941.83,225891.07
1994-11-29,,,1041738.79,1084878.24,223791.32
1994-11-30,,,1513445.51,1238386.4849999999,221691.57
1994-12-01,,,1489621.28,1391894.73,224782.42
1994-12-02,,,1676589.54,1563440.5975,245074.37
1994-12-03,,,1863557.8,1734986.4649999999,267748.77
1994-12-04,,,2050526.06,1906532.3325,520820.97
1994-12-05,,,,2078078.2,394312.8
1994-12-06,,,2424462.58,1882139.44,303395.73
1994-12-07,,,2221857.26,1594211.8,298706.98
1994-12-08,,,2064720.45,1458279.91,292140.0
1994-12-09,,,2028178.94,1462173.19,285197.76
1994-12-10,,,1889793.59,1260265.66,278255.52
1994-12-11,,,1897607.29,1332858.75,271313.28
1994-12-12,,,1813433.24,1229803.35,268302.24
1994-12-13,,,1854348.75,1259842.78,269226.72
1994-12-14,,,1802332.5,1203508.3,270146.88
1994-12-15,,,1799486.25,1184339.78,271067.04
1994-12-16,,,1729956.93,1150547.59,271991.52
1994-12-17,,,1816685.69,1279206.21,272916.0
1994-12-18,,,2054963.44,1920572.01,492631.76
1994-12-19,,,2110374.783333333,1925199.0066666666,473632.38
1994-12-20,,,2165786.1266666665,1929826.0033333334,454633.0
1994-12-21,,,2221197.4699999997,1934453.0,435633.62
1994-12-22,,,,,
1994-12-23,,,,,397634.86
1994-12-24,,,2387431.5,1948333.99,345972.26
1994-12-25,,,2259045.09,1835181.93,294665.69
1994-12-26,,,2157321.93,1753816.38,287997.7
1994-12-27,,,2066134.91,1714101.6,276135.0
1994-12-28,,,2043389.25,1660923.33,292198.77
1994-12-29,,,2011511.25,1658893.3,303717.6
1994-12-30,,,2040950.13,1717040.51,308008.8
1994-12-31,,,2010376.89,1652510.67,313042.5
1995-01-01,,,2012008.23,1689543.88,300024.6
1995-01-02,,,2028315.75,1660978.5,292520.04
1995-01-03,,,1992829.02,1579889.41,309244.38
1995-01-04,,,1964902.51,1542469.72,312243.06
1995-01-05,,,1978924.36,1530924.27,279414.51
1995-01-06,,,1958828.08,1527729.69,282052.8
1995-01-07,,,1925288.19,1460806.19,291812.56
1995-01-08,,,1895875.1,1435833.45,294736.15
1995-01-09,,,1894184.59,1414481.13,287356.69
1995-01-10,,,1891836.75,1410258.79,273434.43
1995-01-11,,,1863915.84,1397102.48,236849.82
1995-01-12,,,1855859.31,1420441.57,239038.91
1995-01-13,,,1776290.76,1380470.53,258409.65
1995-01-14,,,1772364.19,1366278.15,259549.31
1995-01-15,,,1721493.94,1348131.0,262316.42
1995-01-16,,,1734335.78,1355101.95,208269.48
1995-01-17,,,2661534.78,3123345.29,206393.81
1995-01-18,,,4769723.1,3314943.14,226337.66
1995-01-19,,,4139833.79,3506540.99,203290.2
1995-01-20,,,2954949.22,2703134.6,201988.2
1995-01-21,,,2540527.5,2297086.83,203224.17
1995-01-22,,,2359770.86,2111012.9,190438.56
1995-01-23,,,2240381.06,1972587.41,192412.8
1995-01-24,,,2175400.8,1906548.83,194383.37
1995-01-25,,,2108659.77,1817064.66,157692.9
1995-01-26,,,2087314.62,1781433.37,204276.19
1995-01-27,,,2052378.9,1722678.62,232011.19
1995-01-28,,,2047370.73,1722395.5,197057.38
1995-01-29,,,1999811.24,1660257.6,184582.8
1995-01-30,,,1995785.7,1686480.56,177464.7
1995-01-31,,,1957983.2,1601850.14,164198.16
1995-02-01,,,1976814.92,1581089.46,158008.32
1995-02-02,,,2006293.47,1603607.15,157057.92
1995-02-03,,,1963650.41,1543143.74,156103.2
1995-02-04,,,1947240.79,1539030.39,155148.48
1995-02-05,,,1922636.29,1515335.13,154193.76
1995-02-06,,,1998044.59,1625663.03,155257.07
1995-02-07,,,5224838.95,4551412.22,204012.54
1995-02-08,,,5916365.365,5871435.22,293016.4823076923
1995-02-09,,,6607891.78,3595088.59,382020.4246153846
1995-02-10,,,5027250.61,3118317.14,471024.3669230769
1995-02-11,,,4180987.67,2713698.29,
1995-02-12,,,3764762.01,2650739.3,
1995-02-13,,,3520252.15,2561030.03,
1995-02-14,,,3443459.21,2559389.04,
1995-02-15,,,3231860.1,2492435.97,
1995-02-16,,,3092776.88,2362910.44,
1995-02-17,,,3055017.52,2234309.59,
1995-02-18,,,2915065.2,2168127.1,
1995-02-19,,,2847410.87,2058041.17,
1995-02-20,,,2774319.54,2006719.35,1361063.79
1995-02-21,,,2694021.33,1948703.55,1139485.66
1995-02-22,,,2637059.3,1915527.46,1110695.51
1995-02-23,,,2575110.95,1866682.21,1071073.3
1995-02-24,,,2560382.78,1863261.95,1066657.34
1995-02-25,,,2515994.7,1774059.64,1034604.89
1995-02-26,,,2448259.36,1798552.27,864247.35
1995-02-27,,,2380914.62,1723599.17,739825.87
1995-02-28,,,2293698.15,1689936.45,695301.12
1995-03-01,,,2264476.35,1687825.47,531469.06
1995-03-02,,,2245012.5,1661661.25,506386.52
1995-03-03,,,2205832.0,1624758.76,510754.02
1995-03-04,,,2148132.49,1589189.7,507387.89
1995-03-05,,,2246855.59,1596893.31,507999.24
1995-03-06,,,2123132.98,1572279.75,482008.73
1995-03-07,,,2034570.87,1567510.65,468249.6
1995-03-08,,,1980700.52,1532549.52,506629.17
1995-03-09,,,1952986.54,1491539.66,514756.76
1995-03-10,,,1921576.46,1427170.24,508325.47
1995-03-11,,,2035592.88,1495808.08,506789.74
1995-03-12,,,2057450.66,1456799.46,489512.97
1995-03-13,,,1931897.42,1437644.55,412341.02
1995-03-14,,,1788363.8,1424876.55,276661.32
1995-03-15,,,1911161.37,1421572.2,301768.42
1995-03-16,,,1921681.87,1449649.2,338625.63
1995-03-17,,,2027262.46,1594606.95,300596.55
1995-03-18,,,1948951.52,1522551.75,303316.43
1995-03-19,,,1914244.79,1545002.7,310245.5
1995-03-20,,,1884988.1,1598670.78,300224.12
1995-03-21,,,1784067.18,1515760.25,261084.04
1995-03-22,,,1840261.32,1599920.43,252034.58
1995-03-23,,,1739058.2,1490515.2,264502.75
1995-03-24,,,1748419.5,1539273.92,196093.33
1995-03-25,,,1923554.76,1638796.49,195955.2
1995-03-26,,,1986957.05,1681854.79,231341.32
1995-03-27,,,1909360.56,1641754.71,266422.63
1995-03-28,,,1828016.88,1610696.7,299308.42
1995-03-29,,,1854376.73,1563742.73,297336.62
1995-03-30,,,1850969.97,1542721.16,292294.11
1995-03-31,,,1802652.14,1529665.36,288321.12
1995-04-01,,,1785103.5,1495717.22,278757.53
1995-04-02,,,1877798.4,1576118.82,262768.32
1995-04-03,,,1892142.45,1569374.99,257713.92
1995-04-04,,,1924398.02,1584254.18,253951.2
1995-04-05,,,1870833.61,1553796.6,250188.48
1995-04-06,,,1859460.21,1548927.9,246425.76
1995-04-07,,,1838864.23,1562011.64,242663.04
1995-04-08,,,1825602.0,1531497.6,238900.32
1995-04-09,,,1811454.66,1526716.04,235137.6
1995-04-10,,,1814000.34,1497330.9,231374.88
1995-04-11,,,1817908.5,1510644.18,227612.16
1995-04-12,,,1780659.11,1489601.41,223849.44
1995-04-13,,,1736282.94,1484187.72,220086.72
1995-04-14,,,1674634.82,1397779.26,216324.0
1995-04-15,,,1713889.1,1474574.7,212561.28
1995-04-16,,,1657745.25,1456548.91,208798.56
1995-04-17,,,1588655.25,1421687.82,205035.84
1995-04-18,,,1615884.0,1426669.5,201273.12
1995-04-19,,,1631846.23,1454764.12,197510.4
1995-04-20,,,1584580.97,1442772.31,193747.68
1995-04-21,,,1547032.98,1402441.84,189984.96
1995-04-22,,,1557396.77,1382065.39,186217.92
1995-04-23,,,1535142.83,1404922.07,182455.2
1995-04-24,,,1488992.15,1387144.41,178692.48
1995-04-25,,,1474065.14,1369409.05,174929.76
1995-04-26,,,1436297.17,1321865.27,171167.04
1995-04-27,,,1383399.7,1333959.51,167404.32
1995-04-28,,,1372304.02,1291540.0,163641.6
1995-04-29,,,1370066.29,1332525.85,159878.88
1995-04-30,,,1388601.36,1279663.8,156116.16
1995-05-01,,,1431820.26,1348712.96,152353.44
1995-05-02,,,1455866.15,1343882.99,148590.72
1995-05-03,,,1406642.59,1311144.48,144828.0
1995-05-04,,,1415247.89,1306635.0,141065.28
1995-05-05,,,1416693.75,1327532.34,137302.56
1995-05-06,,,1401404.81,1276965.37,133539.84
1995-05-07,,,1410862.79,1308266.19,129777.12
1995-05-08,,,1378209.86,1267449.5,126459.63
1995-05-09,,,1345845.73,1267234.18,125478.72
1995-05-10,,,1361745.79,1236528.41,124839.36
1995-05-11,,,1336053.82,1221027.74,124200.0
1995-05-12,,,1310198.13,1202225.09,123560.64
1995-05-13,,,1312653.72,1211463.3,122921.28
1995-05-14,,,1273299.0,1182116.23,122277.6
1995-05-15,,,1248457.21,1188320.31,121633.92
1995-05-16,,,1228783.74,1175824.59,120994.56
1995-05-17,,,1188562.5,1173720.15,120355.2
1995-05-18,,,1192425.3,1206235.14,119715.84
1995-05-19,,,1178854.11,1173866.99,119076.48
1995-05-20,,,1163383.8,1151811.44,118437.12
1995-05-21,,,1139556.41,1139387.1,117793.44
1995-05-22,,,1097768.02,1085736.6,117149.76
1995-05-23,,,1019629.63,1020070.8,116510.4
1995-05-24,,,1040113.26,1024300.59,115871.04
1995-05-25,,,1008666.79,1062398.93,115231.68
1995-05-26,,,973521.0,1061502.35,114592.32
1995-05-27,,,958033.06,1039636.08,113952.96
1995-05-28,,,968703.28,1051783.88,113309.28
1995-05-29,,,958866.14,1042945.46,112665.6
1995-05-30,,,910378.46,982293.33,112026.24
1995-05-31,,,875634.0,951617.84,111386.88
1995-06-01,,,901804.03,958788.3,110747.52
1995-06-02,,,909079.94,966986.4,110108.16
1995-06-03,,,904863.99,957304.5,109468.8
1995-06-04,,,902876.12,941247.9,108825.12
1995-06-05,,,944485.42,971353.8,108181.44
1995-06-06,,,897059.02,918534.47,107542.08
1995-06-07,,,914860.87,927410.72,106902.72
1995-06-08,,,834735.14,874624.65,106338.72
1995-06-09,,,792895.89,837694.14,106207.2
1995-06-10,,,819967.95,858805.07,106146.72
1995-06-11,,,882786.33,909108.04,106086.24
1995-06-12,,,834912.0,883038.09,106025.76
1995-06-13,,,864072.0,873982.82,105965.28
1995-06-14,,,792198.0,811887.41,105900.48
1995-06-15,,,758586.0,801543.56,105835.68
1995-06-16,,,674850.98,739107.1,105775.2
1995-06-17,,,680117.15,766187.1,105714.72
1995-06-18,,,728414.63,811434.0,105654.24
1995-06-19,,,699240.96,770241.3,105593.76
1995-06-20,,,673434.9,746369.53,105533.28
1995-06-21,,,664645.42,734075.53,105468.48
1995-06-22,,,702881.66,767712.95,105403.68
1995-06-23,,,699860.66,733887.46,105343.2
1995-06-24,,,662162.92,721009.2,105282.72
1995-06-25,,,683226.0,714382.8,105222.24
1995-06-26,,,664650.0,697030.5,105161.76
1995-06-27,,,693456.86,712137.6,105101.28
1995-06-28,,,673361.05,705572.73,105036.48
1995-06-29,,,680556.39,708781.44,104971.68
1995-06-30,,,649458.6,628982.92,104911.2
1995-07-01,,,660790.64,683713.24,104850.72
1995-07-02,,,739674.35,756200.64,104790.24
1995-07-03,,,631421.53,664818.39,104729.76
1995-07-04,,,629698.64,668592.46,104669.28
1995-07-05,,,578176.22,648566.59,104604.48
1995-07-06,,,614435.71,674604.0,104579.46
1995-07-07,,,605399.26,655795.06,104764.32
1995-07-08,,,602431.04,680528.36,104980.32
1995-07-09,,,654894.23,707467.6,105196.32
1995-07-10,,,658124.23,730377.83,105412.32
1995-07-11,,,631103.33,690071.7,105628.32
1995-07-12,,,612718.11,680011.2,105844.32
1995-07-13,,,611751.0,671357.79,106060.32
1995-07-14,,,551585.85,664299.62,106276.32
1995-07-15,,,540000.26,658153.27,106492.32
1995-07-16,,,554458.07,694377.47,106708.32
1995-07-17,,,525814.87,668564.44,106924.32
1995-07-18,,,499794.59,647829.61,107140.32
1995-07-19,,,496380.87,673966.71,107356.32
1995-07-20,,,488660.09,679736.1,107572.32
1995-07-21,,,499694.2,665519.76,107788.32
1995-07-22,,,505780.34,672222.01,108004.32
1995-07-23,,,562225.94,736014.03,108220.32
1995-07-24,,,508936.2,688606.64,108436.32
1995-07-25,,,524128.73,707312.64,108652.32
1995-07-26,,,532366.84,711184.58,108868.32
1995-07-27,,,547464.7,680133.6,109084.32
1995-07-28,,,512408.4,625111.2,109300.32
1995-07-29,,,548259.6,643805.1,109516.32
1995-07-30,,,593673.24,683809.12,109732.32
1995-07-31,,,529489.46,659648.68,109948.32
1995-08-01,,,558690.4,676925.1,110164.32
1995-08-02,,,595166.0,683099.4,110380.32
1995-08-03,,,595913.42,648889.2,110596.32
1995-08-04,,,515759.84,579840.0,110812.32
1995-08-05,,,549844.07,601072.0,111028.32
1995-08-06,,,595676.6,636229.13,111240.0
1995-08-07,,,530971.05,589187.7,111451.68
1995-08-08,,,514182.35,605997.0,111667.68
1995-08-09,,,499557.01,578758.5,111883.68
1995-08-10,,,490375.91,580227.0,112099.68
1995-08-11,,,497824.8,567492.6,112315.68
1995-08-12,,,523654.16,585183.9,112531.68
1995-08-13,,,552026.8,609942.6,112747.68
1995-08-14,,,524607.63,605640.9,112963.68
1995-08-15,,,494440.34,555266.96,113179.68
1995-08-16,,,537098.85,593495.9,113395.68
1995-08-17,,,552394.61,583919.1,113611.68
1995-08-18,,,529836.52,599819.05,113827.68
1995-08-19,,,547412.51,577737.58,114043.68
1995-08-20,,,568227.28,599781.9,114259.68
1995-08-21,,,581528.81,600076.1,114475.68
1995-08-22,,,584470.32,597590.83,114691.68
1995-08-23,,,583814.4,621480.0,114907.68
1995-08-24,,,575874.0,619710.4,115123.68
1995-08-25,,,597583.61,614043.32,115339.68
1995-08-26,,,634318.44,600382.8,115555.68
1995-08-27,,,649536.18,656785.5,115824.84
1995-08-28,,,648773.88,637173.6,116419.68
1995-08-29,,,635068.24,629957.18,117067.68
1995-08-30,,,676768.61,613692.27,117715.68
1995-08-31,,,691184.35,651458.1,118368.0
1995-09-01,,,645198.89,625779.9,119020.32
1995-09-02,,,617131.98,658881.9,119668.32
1995-09-03,,,685829.16,703277.4,120316.32
1995-09-04,,,627779.48,680442.0,120968.64
1995-09-05,,,622271.04,699661.62,121620.96
1995-09-06,,,618980.34,697729.04,122268.96
1995-09-07,,,630467.64,665202.29,122916.96
1995-09-08,,,609102.36,683063.65,123569.28
1995-09-09,,,623770.86,715103.17,124221.6
1995-09-10,,,695414.34,704529.99,124869.6
1995-09-11,,,696970.8,656825.54,125521.92
1995-09-12,,,675738.63,672181.43,126174.24
1995-09-13,,,664158.36,679745.42,126822.24
1995-09-14,,,666532.73,666647.92,127470.24
1995-09-15,,,620021.01,691192.81,128122.56
1995-09-16,,,688267.8,684503.26,128774.88
1995-09-17,,,724632.57,701418.71,129422.88
1995-09-18,,,674781.1,665960.19,130070.88
1995-09-19,,,733355.63,700179.62,130723.2
1995-09-20,,,758681.02,742235.69,131172.54
1995-09-21,,,724130.24,684578.02,130688.64
1995-09-22,,,722436.34,707912.86,130088.16
1995-09-23,,,771292.58,729653.03,129492.0
1995-09-24,,,789601.0,694965.6,128895.84
1995-09-25,,,706473.76,682024.97,128295.36
1995-09-26,,,748972.34,705509.97,127694.88
1995-09-27,,,799653.78,657101.54,127098.72
1995-09-28,,,745874.58,677388.6,126498.24
1995-09-29,,,767673.05,654034.5,125897.76
1995-09-30,,,753316.87,680291.58,125301.6
1995-10-01,,,799024.8,666291.69,124705.44
1995-10-02,,,825212.15,704186.43,124104.96
1995-10-03,,,801509.06,659455.67,123504.48
1995-10-04,,,797027.59,683423.48,122908.32
1995-10-05,,,771771.95,721207.25,122312.16
1995-10-06,,,736624.17,666374.84,121711.68
1995-10-07,,,698127.16,697236.2,121111.2
1995-10-08,,,738474.0,739688.73,120515.04
1995-10-09,,,707830.03,696205.1,119918.88
1995-10-10,,,759093.33,690709.68,119318.4
1995-10-11,,,713136.0,680322.83,118717.92
1995-10-12,,,711981.31,677081.08,118121.76
1995-10-13,,,701252.81,636215.32,117525.6
1995-10-14,,,708739.72,695474.04,116925.12
1995-10-15,,,719374.19,683988.33,116324.64
1995-10-16,,,732948.0,702498.69,115728.48
1995-10-17,,,749675.37,665366.92,115128.0
1995-10-18,,,733719.67,671547.63,114527.52
1995-10-19,,,733917.0,682809.15,113931.36
1995-10-20,,,749101.99,693937.92,113335.2
1995-10-21,,,760883.02,676406.13,112734.72
1995-10-22,,,790813.12,716462.13,112134.24
1995-10-23,,,765394.7,689518.89,111538.08
1995-10-24,,,743643.83,680815.57,110941.92
1995-10-25,,,747408.0,651775.21,110341.44
1995-10-26,,,735708.0,542910.42,109740.96
1995-10-27,,,789012.9,727321.38,109144.8
1995-10-28,,,817719.63,689408.26,108548.64
1995-10-29,,,824484.97,686174.39,107948.16
1995-10-30,,,790143.64,661617.98,107347.68
1995-10-31,,,745122.37,638542.09,106751.52
1995-11-01,,,747349.97,645063.65,106155.36
1995-11-02,,,766584.65,668067.11,105554.88
1995-11-03,,,817944.68,726192.18,104954.4
1995-11-04,,,816504.79,700901.27,104358.24
1995-11-05,,,820834.75,751564.6,103762.08
1995-11-06,,,787728.03,709556.16,103161.6
1995-11-07,,,790398.07,717059.4,102561.12
1995-11-08,,,815071.04,732418.88,101964.96
1995-11-09,,,882088.1,764749.29,101364.48
1995-11-10,,,973542.0,841440.99,100764.0
1995-11-11,,,969574.58,835524.52,100167.84
1995-11-12,,,908464.18,882196.07,99571.68
1995-11-13,,,890218.8,790911.45,98971.2
1995-11-14,,,866884.06,803261.05,98370.72
1995-11-15,,,871296.08,768278.95,97774.56
1995-11-16,,,846629.06,769518.33,97178.4
1995-11-17,,,838008.17,768418.21,96577.92
1995-11-18,,,838427.04,757924.82,95977.44
1995-11-19,,,684596.55,771724.62,95381.28
1995-11-20,,,810926.93,741227.5,94785.12
1995-11-21,,,836733.0,746131.89,94184.64
1995-11-22,,,879723.0,752080.85,93584.16
1995-11-23,,,859353.0,774158.31,92988.0
1995-11-24,,,879319.5,786416.38,92391.84
1995-11-25,,,910829.48,824381.09,91791.36
1995-11-26,,,914592.43,839408.61,91190.88
1995-11-27,,,927106.11,791474.07,90594.72
1995-11-28,,,910434.38,804282.93,89998.56
1995-11-29,,,883779.0,786551.93,89398.08
1995-11-30,,,872223.62,761839.97,88797.6
1995-12-01,,,877443.92,754124.12,88201.44
1995-12-02,,,886676.89,760479.52,87600.96
1995-12-03,,,894613.02,748362.77,87000.48
1995-12-04,,,864605.05,725015.09,86404.32
1995-12-05,,,875901.0,741875.78,85808.16
1995-12-06,,,861070.97,745488.34,85207.68
1995-12-07,,,871615.45,758258.67,84718.17
1995-12-08,,,892983.98,774712.68,84672.0
1995-12-09,,,889884.0,753783.69,84672.0
1995-12-10,,,933339.4,781094.75,84672.0
1995-12-11,,,928260.78,776747.66,84672.0
1995-12-12,,,942877.85,787999.86,84672.0
1995-12-13,,,974632.5,823949.22,84672.0
1995-12-14,,,950470.5,799705.89,84672.0
1995-12-15,,,940041.0,798146.07,84672.0
1995-12-16,,,926211.16,787455.21,84672.0
1995-12-17,,,944664.55,818970.0,84672.0
1995-12-18,,,961329.74,814807.92,84672.0
1995-12-19,,,959410.71,812054.67,84672.0
1995-12-20,,,956137.54,775989.45,84672.0
1995-12-21,,,918568.47,797517.33,84672.0
1995-12-22,,,928133.96,787688.34,84672.0
1995-12-23,,,924044.57,776645.28,84672.0
1995-12-24,,,924193.41,786410.67,84672.0
1995-12-25,,,913712.09,758191.35,84672.0
1995-12-26,,,916464.28,785494.73,92694.24
1995-12-27,,,920861.84,758139.79,127365.48
1995-12-28,,,897976.13,741548.46,96696.24
1995-12-29,,,888142.95,733029.49,92448.0
1995-12-30,,,868692.0,714699.9,92448.0
1995-12-31,,,868408.74,729222.75,92448.0
1996-01-01,,,855149.69,722013.87,92448.0
1996-01-02,,,845314.06,724113.92,92448.0
1996-01-03,,,855784.91,730193.86,92448.0
1996-01-04,,,946007.81,822123.35,92448.0
1996-01-05,,,1137974.61,1110902.91,92448.0
1996-01-06,,,1823283.21,1724035.4,92448.0
1996-01-07,,,2193128.18,2170691.37,92448.0
1996-01-08,,,1643808.99,1595035.07,92448.0
1996-01-09,,,1500111.0,1455401.57,155616.44
1996-01-10,,,1378323.0,1356506.87,173702.51
1996-01-11,,,1329856.77,1281479.82,193534.85
1996-01-12,,,1303489.44,1238161.08,189231.92
1996-01-13,,,1281972.23,1201224.77,183444.83
1996-01-14,,,1231913.52,1176825.9,161671.68
1996-01-15,,,1217070.75,1152806.0,157057.92
1996-01-16,,,1178729.35,1135568.6,149431.11
1996-01-17,,,1224187.65,1228713.66,126999.28
1996-01-18,,,1513426.19,1600920.74,137693.03
1996-01-19,,,1915305.38,1772590.44,178559.33
1996-01-20,,,1709315.06,1602180.6,235862.19
1996-01-21,,,1511375.15,1452991.94,180013.94
1996-01-22,,,1429401.87,1407055.28,199318.01
1996-01-23,,,1396817.01,1440235.14,165291.31
1996-01-24,,,2842312.85,2710721.78,145510.56
1996-01-25,,,1903947.57,1791009.51,155215.43
1996-01-26,,,1643356.5,1633269.82,212123.12
1996-01-27,,,1568980.43,1497921.33,188698.84
1996-01-28,,,1557250.63,1556531.97,141920.1
1996-01-29,,,1736541.52,1699448.12,140571.72
1996-01-30,,,1652899.78,1593663.22,240322.02
1996-01-31,,,1538173.7,1505549.56,237048.26
1996-02-01,,,1532485.71,1469413.96,228197.6
1996-02-02,,,1610973.93,1575585.24,247079.99
1996-02-03,,,1563644.75,1508727.85,224200.45
1996-02-04,,,1523148.23,1494848.02,227173.52
1996-02-05,,,1486856.45,1437819.93,264919.46
1996-02-06,,,1455091.81,1416137.73,262917.02
1996-02-07,,,1447845.92,1359711.46,215663.4
1996-02-08,,,1447631.4,1387208.04,146880.0
1996-02-09,,,1454913.0,1388718.84,146880.0
1996-02-10,,,1481089.5,1473778.57,147756.96
1996-02-11,,,2691051.3,2768886.68,149506.56
1996-02-12,,,2107579.71,2126730.41,151256.16
1996-02-13,,,1846726.29,1861798.88,200303.14
1996-02-14,,,1784785.0,1787789.68,211440.8
1996-02-15,,,1769858.79,1724054.52,157900.84
1996-02-16,,,1641211.56,1646198.31,134036.64
1996-02-17,,,1589436.67,1574868.1,120471.84
1996-02-18,,,1601412.55,1590655.25,116035.2
1996-02-19,,,1592260.4,1565926.37,130184.38
1996-02-20,,,1594008.48,1555406.05,138919.94
1996-02-21,,,1532998.52,1473584.62,127919.33
1996-02-22,,,1518181.49,1473139.46,126740.16
1996-02-23,,,1489037.87,1414648.83,124904.16
1996-02-24,,,1437919.34,1408251.65,123063.84
1996-02-25,,,1402902.78,1376253.78,121223.52
1996-02-26,,,1383985.62,1391606.44,119387.52
1996-02-27,,,1366443.39,1346086.14,117564.62
1996-02-28,,,1326605.87,1302597.01,113191.8
1996-02-29,,,1296443.08,1280605.73,102079.22
1996-03-01,,,1349645.19,1327782.17,126531.16
1996-03-02,,,1459663.11,1509446.15,140497.38
1996-03-03,,,1681998.18,1720846.48,137773.04
1996-03-04,,,1570991.77,1598134.33,127910.88
1996-03-05,,,1493739.92,1514979.32,143709.5
1996-03-06,,,1434061.06,1461784.49,135887.62
1996-03-07,,,2090244.58,2270045.8,137127.64
1996-03-08,,,3759151.73,3448186.64,345847.89
1996-03-09,,,3081808.53,2722060.77,394442.91
1996-03-10,,,2438297.78,2393424.0,282960.1
1996-03-11,,,2135286.54,2197215.0,195264.0
1996-03-12,,,1995659.32,2055539.1,180127.2
1996-03-13,,,1908291.83,1966251.0,173639.0
1996-03-14,,,1847490.53,1912267.05,165777.86
1996-03-15,,,1798545.22,1835504.31,156893.22
1996-03-16,,,1778546.15,1800884.02,152189.86
1996-03-17,,,1698114.19,1774073.53,148629.6
1996-03-18,,,1645162.56,1757703.41,145376.64
1996-03-19,,,1591729.2,1721967.67,142369.92
1996-03-20,,,1570626.05,1639790.32,136220.53
1996-03-21,,,1573521.84,1662810.24,129323.52
1996-03-22,,,1573420.88,1561781.0,123413.1
1996-03-23,,,1531637.44,1552652.4,119616.48
1996-03-24,,,1733472.72,1747181.4,118933.11
1996-03-25,,,2713952.81,2558497.94,133413.51
1996-03-26,,,4189426.85,3434136.23,184996.45
1996-03-27,,,3919769.06,3154490.33,220933.66
1996-03-28,,,3216262.05,2849453.11,246835.89
1996-03-29,,,2637344.89,2469143.52,234534.84
1996-03-30,,,2428605.51,2334242.88,220762.95
1996-03-31,,,2320838.71,2266681.16,209061.25
1996-04-01,,,2160677.26,2221614.01,202625.28
1996-04-02,,,2063960.58,2133349.92,197717.76
1996-04-03,,,1903773.87,2051277.51,182407.88
1996-04-04,,,1928316.92,1979290.85,168318.35
1996-04-05,,,1861115.96,1917008.85,160474.89
1996-04-06,,,1803963.99,1836241.86,158681.63
1996-04-07,,,1746944.08,1816976.34,156310.56
1996-04-08,,,1735410.55,1812777.65,153537.64
1996-04-09,,,1654262.59,1773845.52,150854.4
1996-04-10,,,1598098.28,1745769.86,148206.24
1996-04-11,,,1680982.07,1724429.23,146063.52
1996-04-12,,,1661770.38,1683412.5,144430.56
1996-04-13,,,1860531.94,1973577.9,142797.6
1996-04-14,,,2330057.15,2330534.33,141164.64
1996-04-15,,,1985947.62,1973541.93,139531.68
1996-04-16,,,1846358.64,1896718.72,137898.72
1996-04-17,,,1730252.99,1830612.85,136265.76
1996-04-18,,,1675328.87,1792287.97,134244.54
1996-04-19,,,1653744.12,1771132.17,130602.24
1996-04-20,,,1679801.4,1761596.49,126783.36
1996-04-21,,,1651778.81,1746417.61,122964.48
1996-04-22,,,1647063.23,1736865.88,119145.6
1996-04-23,,,1653337.91,1707900.78,115322.4
1996-04-24,,,1650710.6,1662010.45,111499.2
1996-04-25,,,1615985.32,1608479.5,108248.04
1996-04-26,,,1509870.12,1593608.44,107468.64
1996-04-27,,,1478227.08,1549990.6,106976.16
1996-04-28,,,1449810.38,1541269.1,106483.68
1996-04-29,,,1385112.45,1469995.2,105991.2
1996-04-30,,,1356734.2,1440513.83,105498.72
1996-05-01,,,1320933.13,1402729.0,105001.92
1996-05-02,,,1279782.26,1368117.21,104505.12
1996-05-03,,,1270310.68,1374400.68,104012.64
1996-05-04,,,1394241.38,1314396.17,103520.16
1996-05-05,,,1422409.6,1322174.7,103027.68
1996-05-06,,,1390960.95,1265735.92,102535.2
1996-05-07,,,1390094.46,1283589.55,102042.72
1996-05-08,,,1339262.88,1205048.4,101550.24
1996-05-09,,,1424104.88,1329746.8,101057.76
1996-05-10,,,1370529.45,1326701.27,100565.28
1996-05-11,,,1354416.53,1269397.49,100072.8
1996-05-12,,,1382634.48,1287337.36,99580.32
1996-05-13,,,1318115.06,1205972.1,99087.84
1996-05-14,,,1231617.63,1178139.9,98595.36
1996-05-15,,,1342336.84,1270653.0,98102.88
1996-05-16,,,1282066.4,1258326.21,97610.4
1996-05-17,,,1187412.42,1179024.69,97117.92
1996-05-18,,,1207713.37,1189886.21,96625.44
1996-05-19,,,1292757.37,1300609.67,96132.96
1996-05-20,,,1324957.38,1285570.64,95640.48
1996-05-21,,,1265785.8,1278033.42,95148.0
1996-05-22,,,1185810.3,1163186.25,94655.52
1996-05-23,,,1071147.9,1051240.15,94163.04
1996-05-24,,,1124059.5,1099171.62,93670.56
1996-05-25,,,1190435.79,1106800.5,93173.76
1996-05-26,,,1164604.03,1132098.45,92676.96
1996-05-27,,,1055271.8,1086505.05,92184.48
1996-05-28,,,1058453.16,1047603.0,91692.0
1996-05-29,,,1079026.47,1053925.92,91199.52
1996-05-30,,,1043939.7,1049056.31,90793.89
1996-05-31,,,1044364.32,1059559.1,90862.56
1996-06-01,,,1071277.87,1058173.79,91005.12
1996-06-02,,,1092146.45,1054378.53,91143.36
1996-06-03,,,1098968.42,1050077.18,91281.6
1996-06-04,,,1038482.32,990981.94,91419.84
1996-06-05,,,1030772.05,973616.62,91558.08
1996-06-06,,,950356.42,925376.91,91696.32
1996-06-07,,,891312.38,902993.92,91834.56
1996-06-08,,,923670.64,931231.65,91977.12
1996-06-09,,,898727.02,927805.5,92119.68
1996-06-10,,,841572.29,885557.96,92257.92
1996-06-11,,,829835.67,875389.56,92396.16
1996-06-12,,,812371.28,885983.73,92534.4
1996-06-13,,,833023.92,880128.76,92672.64
1996-06-14,,,845305.69,873423.06,92810.88
1996-06-15,,,904675.71,887792.08,92949.12
1996-06-16,,,859375.62,888886.2,93091.68
1996-06-17,,,765577.46,814697.26,93234.24
1996-06-18,,,768224.84,795568.23,93372.48
1996-06-19,,,772940.29,807407.16,93510.72
1996-06-20,,,791292.2,811358.98,93648.96
1996-06-21,,,763411.11,826375.8,93787.2
1996-06-22,,,792336.48,848469.45,93925.44
1996-06-23,,,781221.9,833928.75,94063.68
1996-06-24,,,692499.97,779006.25,94206.24
1996-06-25,,,666797.79,766358.55,94348.8
1996-06-26,,,618611.55,753058.08,94487.04
1996-06-27,,,542705.78,662114.31,94625.28
1996-06-28,,,647980.25,791759.7,94763.52
1996-06-29,,,679484.98,733104.0,94901.76
1996-06-30,,,682244.07,733104.0,95032.44
1996-07-01,,,651330.0,733104.0,95104.8
1996-07-02,,,624543.84,733104.0,95165.28
1996-07-03,,,603969.03,733104.0,95225.76
1996-07-04,,,622245.96,733104.0,95286.24
1996-07-05,,,588271.94,733104.0,95346.72
1996-07-06,,,631427.87,733104.0,95411.52
1996-07-07,,,679034.41,733104.0,95476.32
1996-07-08,,,657467.92,733104.0,95536.8
1996-07-09,,,663162.7,733104.0,95597.28
1996-07-10,,,621204.02,733104.0,95657.76
1996-07-11,,,599899.16,733104.0,95718.24
1996-07-12,,,610919.83,733104.0,95778.72
1996-07-13,,,640074.04,733104.0,95843.52
1996-07-14,,,646291.6,733104.0,95908.32
1996-07-15,,,647634.59,708257.76,95968.8
1996-07-16,,,659778.67,728913.75,96029.28
1996-07-17,,,639149.19,714528.28,96089.76
1996-07-18,,,603547.47,686642.98,96150.24
1996-07-19,,,581318.54,660865.98,96210.72
1996-07-20,,,584203.17,664832.43,96275.52
1996-07-21,,,612138.34,707660.19,96340.32
1996-07-22,,,553588.5,658001.85,96400.8
1996-07-23,,,570515.2,646207.79,96461.28
1996-07-24,,,519369.38,603501.37,96521.76
1996-07-25,,,510424.15,603398.95,96582.24
1996-07-26,,,509495.89,587384.03,96642.72
1996-07-27,,,557365.7,610181.36,96707.52
1996-07-28,,,607426.46,664839.79,96359.04
1996-07-29,,,483932.03,594543.56,93731.04
1996-07-30,,,461354.77,595009.23,90754.56
1996-07-31,,,450596.52,580370.75,87778.08
1996-08-01,,,474174.05,596009.28,84801.6
1996-08-02,,,477941.9,580937.85,81825.12
1996-08-03,,,530717.63,601399.02,78848.64
1996-08-04,,,523899.16,610775.66,75872.16
1996-08-05,,,492822.22,610437.64,72895.68
1996-08-06,,,488613.45,601686.56,69923.52
1996-08-07,,,495204.89,588602.01,66947.04
1996-08-08,,,489726.92,593083.07,63970.56
1996-08-09,,,524838.38,621541.85,60994.08
1996-08-10,,,548801.82,640253.73,58017.6
1996-08-11,,,594924.95,645769.89,55041.12
1996-08-12,,,532793.47,604030.77,52064.64
1996-08-13,,,505963.78,610579.03,49088.16
1996-08-14,,,536804.84,615396.12,46111.68
1996-08-15,,,559298.75,641137.74,43712.55
1996-08-16,,,555939.48,631971.24,44487.36
1996-08-17,,,626051.46,661630.32,45748.8
1996-08-18,,,627717.65,655478.89,47014.56
1996-08-19,,,570769.65,649210.89,48280.32
1996-08-20,,,545698.14,615896.16,49541.76
1996-08-21,,,587433.33,632694.89,50803.2
1996-08-22,,,640577.33,706404.78,52064.64
1996-08-23,,,691976.4,678190.95,53326.08
1996-08-24,,,673020.78,697544.37,54591.84
1996-08-25,,,714953.31,709222.98,55857.6
1996-08-26,,,620852.46,668768.4,57119.04
1996-08-27,,,564657.92,679269.69,58380.48
1996-08-28,,,585592.38,680825.55,59641.92
1996-08-29,,,598632.31,699138.96,60903.36
1996-08-30,,,611009.02,663517.77,62169.12
1996-08-31,,,635758.31,708447.93,63434.88
1996-09-01,,,700595.21,753018.52,64696.32
1996-09-02,,,656441.98,716788.28,65957.76
1996-09-03,,,617490.97,687329.71,67219.2
1996-09-04,,,632654.66,698177.51,68480.64
1996-09-05,,,675957.53,712535.79,69746.4
1996-09-06,,,685810.58,697373.16,71012.16
1996-09-07,,,740969.36,691413.55,72273.6
1996-09-08,,,748666.54,750153.92,73535.04
1996-09-09,,,744709.77,719620.02,74796.48
1996-09-10,,,711999.3,728482.56,76062.24
1996-09-11,,,742139.69,765544.71,77328.0
1996-09-12,,,765007.37,765666.33,78589.44
1996-09-13,,,774735.67,769035.58,79850.88
1996-09-14,,,785441.48,756668.38,81112.32
1996-09-15,,,810636.34,779598.27,82373.76
1996-09-16,,,778917.6,754591.13,83639.52
1996-09-17,,,735231.73,751698.54,84905.28
1996-09-18,,,737538.62,711049.55,86166.72
1996-09-19,,,758998.73,733063.82,87428.16
1996-09-20,,,737568.9,708681.27,88689.6
1996-09-21,,,744320.1,718803.72,89951.04
1996-09-22,,,771145.2,737647.47,91216.8
1996-09-23,,,810542.4,751521.88,92482.56
1996-09-24,,,817657.1,734020.94,93744.0
1996-09-25,,,768080.62,725031.81,94831.8
1996-09-26,,,798751.77,745122.6,94750.56
1996-09-27,,,781381.23,754335.34,94448.16
1996-09-28,,,806714.32,740242.22,94145.76
1996-09-29,,,823971.53,758251.34,93847.68
1996-09-30,,,762054.17,723682.59,93549.6
1996-10-01,,,742208.16,747421.59,93247.2
1996-10-02,,,765316.62,720589.91,92949.12
1996-10-03,,,807415.01,800575.95,92651.04
1996-10-04,,,802366.12,759058.9,92348.64
1996-10-05,,,803205.21,784104.29,92050.56
1996-10-06,,,807012.41,805639.71,91752.48
1996-10-07,,,792069.6,779543.89,91450.08
1996-10-08,,,758967.0,743880.18,91147.68
1996-10-09,,,779825.06,746237.29,90849.6
1996-10-10,,,790665.77,741037.86,90551.52
1996-10-11,,,826534.2,715872.09,90249.12
1996-10-12,,,854844.89,734198.18,89951.04
1996-10-13,,,880138.6,740239.36,89652.96
1996-10-14,,,818465.84,747952.48,89350.56
1996-10-15,,,791928.3,771262.96,89048.16
1996-10-16,,,822459.54,787856.65,88750.08
1996-10-17,,,846211.42,787387.56,88452.0
1996-10-18,,,811904.81,746521.24,88149.6
1996-10-19,,,840224.37,728146.33,87851.52
1996-10-20,,,852365.36,736952.86,87553.44
1996-10-21,,,823713.6,694247.9,87417.36
1996-10-22,,,815028.49,747098.83,88132.32
1996-10-23,,,822963.6,749166.69,88970.4
1996-10-24,,,837986.64,749443.27,89804.16
1996-10-25,,,867042.66,775252.56,90637.92
1996-10-26,,,1047402.3,902141.34,91476.0
1996-10-27,,,985669.76,852972.84,92309.76
1996-10-28,,,943863.87,834667.05,93143.52
1996-10-29,,,900541.7,773330.25,93981.6
1996-10-30,,,900649.01,781751.3,94815.36
1996-10-31,,,963435.42,847093.53,95649.12
1996-11-01,,,969179.67,778680.76,96482.88
1996-11-02,,,916711.1,751446.21,97316.64
1996-11-03,,,958390.03,816526.52,98154.72
1996-11-04,,,901401.22,770846.22,98988.48
1996-11-05,,,920169.24,797996.75,99822.24
1996-11-06,,,955679.65,782730.28,100660.32
1996-11-07,,,964991.16,809399.85,101494.08
1996-11-08,,,973388.16,777510.55,102327.84
1996-11-09,,,934271.7,771564.95,103165.92
1996-11-10,,,897357.4,745918.18,103999.68
1996-11-11,,,849228.12,716055.91,104833.44
1996-11-12,,,850283.87,738064.06,105671.52
1996-11-13,,,846564.35,687985.66,106505.28
1996-11-14,,,854979.1,728016.3,107339.04
1996-11-15,,,848740.72,677106.99,108172.8
1996-11-16,,,869113.58,708813.91,109006.56
1996-11-17,,,895902.53,738844.67,109844.64
1996-11-18,,,949124.85,789670.42,110678.4
1996-11-19,,,996487.56,806074.12,111512.16
1996-11-20,,,958547.15,718173.88,112350.24
1996-11-21,,,944630.16,713716.44,112702.32
1996-11-22,,,867634.5,687080.42,110155.68
1996-11-23,,,894613.68,669618.92,107123.04
1996-11-24,,,873882.05,675755.46,104094.72
1996-11-25,,,877682.94,697221.4,101066.4
1996-11-26,,,840090.99,687059.72,98038.08
1996-11-27,,,816006.42,675270.86,95009.76
1996-11-28,,,817749.83,682115.79,91977.12
1996-11-29,,,791848.09,667109.58,88948.8
1996-11-30,,,787692.92,664919.9,85920.48
1996-12-01,,,821987.37,728390.91,82892.16
1996-12-02,,,810143.26,679126.3,79863.84
1996-12-03,,,837224.32,716552.62,77243.76
1996-12-04,,,839570.21,706579.53,76896.0
1996-12-05,,,858683.97,714557.2,76894.56
1996-12-06,,,914839.68,766541.06,76831.2
1996-12-07,,,885326.1,740931.8,76740.48
1996-12-08,,,836839.26,701760.59,76649.76
1996-12-09,,,835697.32,697338.93,76554.72
1996-12-10,,,836031.72,726117.45,76459.68
1996-12-11,,,835319.86,725013.09,76364.64
1996-12-12,,,820128.21,698182.16,76269.6
1996-12-13,,,972943.74,820476.09,76174.56
1996-12-14,,,901399.83,704271.3,76083.84
1996-12-15,,,892825.88,753738.41,75993.12
1996-12-16,,,922727.76,740783.16,75898.08
1996-12-17,,,953433.35,775985.71,75803.04
1996-12-18,,,940544.72,749241.72,75708.0
1996-12-19,,,915109.62,733842.0,75612.96
1996-12-20,,,952442.72,696818.58,75522.24
1996-12-21,,,918816.4,684265.53,75431.52
1996-12-22,,,940920.1,739532.22,75336.48
1996-12-23,,,914202.41,691881.28,75241.44
1996-12-24,,,886765.44,670685.42,75146.4
1996-12-25,,,891043.8,680428.61,75051.36
1996-12-26,,,919410.14,720051.83,74956.32
1996-12-27,,,892886.79,680234.0,74865.6
1996-12-28,,,841955.09,605466.5,74774.88
1996-12-29,,,1059812.1,1060868.31,74679.84
1996-12-30,,,1116945.39,893683.23,74584.8
1996-12-31,,,994993.37,805994.24,74489.76
1997-01-01,,,978011.67,810140.1,74394.72
1997-01-02,,,924457.43,726147.56,74522.16
1997-01-03,,,987475.66,811966.47,75967.2
1997-01-04,,,923813.07,729187.45,77630.4
1997-01-05,,,915840.08,743320.81,79293.6
1997-01-06,,,907888.71,727011.64,80961.12
1997-01-07,,,892252.56,717802.82,82624.32
1997-01-08,,,908545.27,724172.84,84287.52
1997-01-09,,,897578.4,704597.38,85950.72
1997-01-10,,,911313.0,713286.88,87613.92
1997-01-11,,,903538.8,766359.97,89281.44
1997-01-12,,,899989.8,721642.79,90944.64
1997-01-13,,,859948.05,705776.68,92607.84
1997-01-14,,,861098.35,698904.73,94271.04
1997-01-15,,,917531.1,710435.57,95934.24
1997-01-16,,,1013605.5,767153.81,121801.76
1997-01-17,,,969463.25,722885.09,112926.9
1997-01-18,,,922818.21,723665.36,106354.08
1997-01-19,,,901707.44,708469.69,102594.88
1997-01-20,,,861709.57,685442.98,103813.92
1997-01-21,,,897886.01,731026.52,104654.36
1997-01-22,,,918142.2,735665.87,95784.96
1997-01-23,,,1018461.35,743463.5,90560.19
1997-01-24,,,994157.11,750043.22,132782.09
1997-01-25,,,945147.3,763894.2,117283.68
1997-01-26,,,956493.82,765579.69,108677.75
1997-01-27,,,960633.17,766773.9,109878.27
1997-01-28,,,1002609.17,818074.47,108000.0
1997-01-29,,,988071.1,824034.35,98395.59
1997-01-30,,,1004366.86,833652.19,103382.23
1997-01-31,,,1048294.95,842890.51,105965.21
1997-02-01,,,1035945.99,834618.53,102708.0
1997-02-02,,,1018320.6,806107.12,98728.0
1997-02-03,,,1645716.5,1804200.65,119778.72
1997-02-04,,,2176036.02,2172521.39,130367.39
1997-02-05,,,1791887.5,1622254.04,129889.44
1997-02-06,,,1385001.1,1325599.6,128433.6
1997-02-07,,,1212990.09,1178289.56,126977.76
1997-02-08,,,1131791.53,1094983.01,125517.6
1997-02-09,,,1121882.98,1078147.11,123996.96
1997-02-10,,,1111696.2,1072580.99,122454.72
1997-02-11,,,1038780.94,1009263.17,120912.48
1997-02-12,,,984763.64,944492.81,119370.24
1997-02-13,,,1040136.6,978830.48,117832.32
1997-02-14,,,1048842.32,977943.99,116290.08
1997-02-15,,,996198.89,927847.67,114747.84
1997-02-16,,,1028954.67,966472.16,113209.92
1997-02-17,,,1023515.56,963745.18,111667.68
1997-02-18,,,1041380.52,954893.45,110125.44
1997-02-19,,,1052554.72,971073.98,108583.2
1997-02-20,,,1071822.15,973822.82,107040.96
1997-02-21,,,1072792.5,1066083.97,108781.73
1997-02-22,,,5237159.84,4439009.94,169666.42
1997-02-23,,,6958806.17,3919874.43,1136305.1
1997-02-24,,,5004371.72,2861944.64,1716226.1
1997-02-25,,,3068048.23,2315161.42,432484.6
1997-02-26,,,2382157.02,1997301.52,204000.51
1997-02-27,,,2043530.15,1744074.41,158075.6
1997-02-28,,,1910112.18,1720456.58,134097.28
1997-03-01,,,1797454.05,1618577.99,94160.38
1997-03-02,,,1749978.15,1568523.42,84341.98
1997-03-03,,,1736117.91,1544807.03,77149.17
1997-03-04,,,1821881.68,1596376.38,74304.0
1997-03-05,,,1781969.7,1540885.43,74304.0
1997-03-06,,,1742389.88,1528739.21,74304.0
1997-03-07,,,1751477.94,1519157.42,74304.0
1997-03-08,,,1700588.93,1507751.05,74304.0
1997-03-09,,,1634935.67,1405953.28,124354.19
1997-03-10,,,1593950.07,1386547.15,90230.69
1997-03-11,,,1573128.13,1344665.86,79246.08
1997-03-12,,,1514233.99,1310218.86,80490.24
1997-03-13,,,1480597.55,1287001.2,81734.4
1997-03-14,,,1525744.98,1326828.4,104185.15
1997-03-15,,,1568408.34,1351716.6,104653.73
1997-03-16,,,1781122.61,1636507.93,105477.0
1997-03-17,,,2379470.41,2137539.56,119841.5
1997-03-18,,,3727356.63,3241663.85,130241.58
1997-03-19,,,5520298.48,4166567.06,252870.39
1997-03-20,,,3821256.75,2874539.61,331024.7
1997-03-21,,,2913180.16,2477238.65,276346.53
1997-03-22,,,2675160.49,2465721.77,176096.44
1997-03-23,,,2702409.62,2438463.59,183749.53
1997-03-24,,,2537635.42,2308556.55,217185.03
1997-03-25,,,2600997.88,2532615.33,220230.45
1997-03-26,,,2339118.17,2299342.34,218927.63
1997-03-27,,,2188491.57,2188286.48,212872.32
1997-03-28,,,2097623.6,2112627.91,209567.18
1997-03-29,,,2022027.57,2008323.8,196125.09
1997-03-30,,,2004849.99,1968712.75,162763.02
1997-03-31,,,1937205.25,1890018.86,152775.92
1997-04-01,,,1814775.47,1843279.23,146966.4
1997-04-02,,,1770118.2,1834762.17,143459.3
1997-04-03,,,1825556.17,1838388.3,143424.0
1997-04-04,,,1788472.19,1803105.72,143424.0
1997-04-05,,,1793076.16,1817511.83,143424.0
1997-04-06,,,1951123.92,1849015.61,145700.64
1997-04-07,,,1851898.96,1888550.72,176916.64
1997-04-08,,,2052618.91,2092941.9,160211.9
1997-04-09,,,2409303.0,2593063.23,150628.25
1997-04-10,,,2768456.42,2730568.97,149472.0
1997-04-11,,,2612568.53,2453256.39,149605.38
1997-04-12,,,2362055.39,2301596.72,151381.44
1997-04-13,,,2276527.96,2232485.88,153640.8
1997-04-14,,,2193867.06,2151159.14,154681.44
1997-04-15,,,2141857.5,2092930.3,151787.52
1997-04-16,,,2091300.0,2061708.18,147761.5
1997-04-17,,,2043427.5,2022118.77,141864.48
1997-04-18,,,2000012.4,1985723.77,136334.48
1997-04-19,,,1947710.4,1936262.29,131880.96
1997-04-20,,,1870009.5,1855021.22,127478.88
1997-04-21,,,1808454.28,1785936.86,125280.0
1997-04-22,,,1816462.83,1814152.92,125280.0
1997-04-23,,,1840602.42,1818687.8,125280.0
1997-04-24,,,1730135.11,1729177.68,125280.0
1997-04-25,,,1683293.04,1713278.49,125280.0
1997-04-26,,,1766945.67,1749796.9,125280.0
1997-04-27,,,1754477.91,1720345.76,125280.0
1997-04-28,,,1736706.3,1677209.99,125280.0
1997-04-29,,,1655483.5,1683030.67,125280.0
1997-04-30,,,1645767.67,1643976.84,125280.0
1997-05-01,,,1604218.56,1574652.75,125280.0
1997-05-02,,,1470746.23,1531260.29,125280.0
1997-05-03,,,1441765.17,1500037.96,125280.0
1997-05-04,,,1525771.89,1549784.27,125280.0
1997-05-05,,,1481721.66,1559692.33,125280.0
1997-05-06,,,1339062.68,1494618.05,125280.0
1997-05-07,,,1271008.96,1469219.66,125280.0
1997-05-08,,,1225430.51,1439016.19,125280.0
1997-05-09,,,1168574.46,1370938.7,125280.0
1997-05-10,,,1180091.12,1381597.67,126277.92
1997-05-11,,,1177796.67,1373030.9,128278.08
1997-05-12,,,1148658.29,1317255.6,130278.24
1997-05-13,,,1115053.28,1299779.15,131327.32
1997-05-14,,,1126945.4,1314835.69,131328.0
1997-05-15,,,1134640.87,1281849.0,131328.0
1997-05-16,,,1103292.72,1242133.2,131328.0
1997-05-17,,,1167862.8,1291539.9,131085.44
1997-05-18,,,1169859.05,1277586.9,130101.12
1997-05-19,,,1164589.93,1261428.3,129064.32
1997-05-20,,,1180853.68,1264597.2,128027.52
1997-05-21,,,1156869.25,1242931.5,126990.72
1997-05-22,,,1182275.66,1246349.65,125953.92
1997-05-23,,,1180808.51,1218422.94,124362.65
1997-05-24,,,1209844.83,1224219.0,121811.04
1997-05-25,,,1180571.87,1226354.85,118916.64
1997-05-26,,,1139263.16,1175813.58,115689.6
1997-05-27,,,1133471.27,1202911.28,112465.3
1997-05-28,,,1025271.38,1120547.7,111024.0
1997-05-29,,,1081870.48,1200432.45,110856.26
1997-05-30,,,1011036.79,1164573.6,100831.87
1997-05-31,,,1045607.84,1180777.89,98167.68
1997-06-01,,,992429.66,1132662.72,94200.47
1997-06-02,,,941801.82,1103614.2,86964.76
1997-06-03,,,932535.11,1094562.75,72246.75
1997-06-04,,,933701.66,1091676.32,70433.88
1997-06-05,,,948320.57,1105331.79,64831.62
1997-06-06,,,936435.93,1090744.65,65550.17
1997-06-07,,,962325.2,1090765.35,74038.51
1997-06-08,,,932566.34,1035274.59,70688.34
1997-06-09,,,850691.41,1005857.57,76517.88
1997-06-10,,,810033.26,983274.13,74367.7
1997-06-11,,,819451.45,963533.1,84043.97
1997-06-12,,,856220.64,1026799.8,87366.49
1997-06-13,,,808458.17,1005687.15,91308.93
1997-06-14,,,846069.24,1007357.89,100376.89
1997-06-15,,,858469.5,1021213.18,103033.43
1997-06-16,,,826718.74,986933.72,101294.64
1997-06-17,,,752798.73,937620.49,100541.3
1997-06-18,,,714522.63,880326.9,92674.08
1997-06-19,,,709072.79,866098.95,92145.6
1997-06-20,,,678172.22,841402.95,92236.32
1997-06-21,,,700696.52,836734.8,92327.04
1997-06-22,,,691319.23,843338.4,92417.76
1997-06-23,,,660054.48,772201.58,92508.48
1997-06-24,,,636005.1,804736.35,92599.2
1997-06-25,,,625868.49,791190.1,92689.92
1997-06-26,,,600890.88,770972.6,92776.32
1997-06-27,,,580493.15,818427.75,92867.04
1997-06-28,,,606007.25,759993.15,92957.76
1997-06-29,,,607063.67,818740.53,93048.48
1997-06-30,,,558706.52,758978.04,93139.2
1997-07-01,,,549801.47,725152.92,93229.92
1997-07-02,,,514520.4,705833.67,93320.64
1997-07-03,,,521955.94,726730.47,93411.36
1997-07-04,,,509285.28,725507.1,93502.08
1997-07-05,,,560866.96,759840.53,93592.8
1997-07-06,,,569677.91,775536.67,93683.52
1997-07-07,,,521803.1,728347.02,93774.24
1997-07-08,,,486810.37,702662.82,93864.96
1997-07-09,,,488380.51,755577.3,93955.68
1997-07-10,,,487406.67,792727.49,94046.4
1997-07-11,,,449555.55,688646.54,94137.12
1997-07-12,,,485601.11,716578.57,94227.84
1997-07-13,,,470298.17,702007.29,94318.56
1997-07-14,,,441682.26,683981.79,94409.28
1997-07-15,,,412865.83,652665.83,94500.0
1997-07-16,,,420860.4,687085.56,94590.72
1997-07-17,,,459046.46,734911.46,94681.44
1997-07-18,,,429165.21,649343.3,94772.16
1997-07-19,,,446833.63,654524.1,94862.88
1997-07-20,,,488695.5,711029.37,94953.6
1997-07-21,,,451706.1,645121.68,95044.32
1997-07-22,,,429994.2,623080.62,95135.04
1997-07-23,,,458964.3,661339.76,95225.76
1997-07-24,,,443895.6,606695.5,95316.48
1997-07-25,,,453249.8,603595.26,95407.2
1997-07-26,,,474930.02,623608.77,95497.92
1997-07-27,,,536170.16,687472.3,95588.64
1997-07-28,,,476693.52,626061.6,95679.36
1997-07-29,,,474927.68,642727.08,95765.76
1997-07-30,,,451700.1,628613.7,95856.48
1997-07-31,,,445827.23,618484.26,95947.2
1997-08-01,,,457180.36,613119.66,96037.92
1997-08-02,,,465977.46,628687.89,96128.64
1997-08-03,,,500299.4,652206.36,96219.36
1997-08-04,,,492999.12,650714.67,96310.08
1997-08-05,,,471820.68,621925.94,96400.8
1997-08-06,,,489407.12,635428.95,96491.52
1997-08-07,,,504058.9,631119.51,96582.24
1997-08-08,,,494956.56,615127.59,96672.96
1997-08-09,,,497781.32,624452.34,96763.68
1997-08-10,,,510053.1,657316.5,96854.4
1997-08-11,,,445080.04,596030.1,96945.12
1997-08-12,,,448596.33,593054.49,97035.84
1997-08-13,,,478849.18,625956.63,97126.56
1997-08-14,,,451426.49,617265.68,97217.28
1997-08-15,,,462833.91,613111.91,97308.0
1997-08-16,,,487366.74,593233.13,97398.72
1997-08-17,,,503605.83,611662.05,97489.44
1997-08-18,,,487657.73,602930.02,97580.16
1997-08-19,,,477735.78,594590.72,97670.88
1997-08-20,,,495055.7,626826.3,97761.6
1997-08-21,,,541369.85,620714.37,97852.32
1997-08-22,,,508208.78,588670.95,97943.04
1997-08-23,,,521373.6,595390.31,98033.76
1997-08-24,,,565945.62,665659.43,98124.48
1997-08-25,,,547626.25,659017.0,98215.2
1997-08-26,,,553150.08,635638.06,98305.92
1997-08-27,,,529780.58,646941.42,98396.64
1997-08-28,,,552047.97,744916.83,98487.36
1997-08-29,,,565086.8,836739.33,98573.76
1997-08-30,,,572140.86,835898.5,98664.48
1997-08-31,,,592201.59,900394.05,98755.2
1997-09-01,,,526924.96,867393.25,98845.92
1997-09-02,,,520891.25,869143.17,98936.64
1997-09-03,,,589184.27,935948.3,99027.36
1997-09-04,,,539554.33,883956.17,99118.08
1997-09-05,,,539733.6,940826.42,99208.8
1997-09-06,,,565394.1,920242.51,99299.52
1997-09-07,,,591450.68,925408.46,99390.24
1997-09-08,,,596426.29,909807.0,99480.96
1997-09-09,,,592067.48,904242.01,99571.68
1997-09-10,,,590836.89,925023.61,99662.4
1997-09-11,,,581487.56,945207.04,99753.12
1997-09-12,,,598222.86,937714.35,99843.84
1997-09-13,,,626329.48,971510.96,99934.56
1997-09-14,,,639371.88,1041395.33,100025.28
1997-09-15,,,561874.67,901811.35,100116.0
1997-09-16,,,573782.27,933642.09,100206.72
1997-09-17,,,610063.72,859918.65,100297.44
1997-09-18,,,643672.8,765415.5,100388.16
1997-09-19,,,702568.45,783742.5,100478.88
1997-09-20,,,743949.35,833935.67,100569.6
1997-09-21,,,802976.14,884336.38,100660.32
1997-09-22,,,781688.63,865689.0,100751.04
1997-09-23,,,773763.17,875510.84,100841.76
1997-09-24,,,755484.0,856472.91,100932.48
1997-09-25,,,742480.04,848343.82,101023.2
1997-09-26,,,751879.86,859995.75,101113.92
1997-09-27,,,741043.1,821279.25,101204.64
1997-09-28,,,764751.21,848887.5,101295.36
1997-09-29,,,768245.23,853156.5,101386.08
1997-09-30,,,770354.7,856363.5,101476.8
1997-10-01,,,779611.82,853072.5,101044.8
1997-10-02,,,798356.89,876816.75,100094.4
1997-10-03,,,823939.07,887962.97,99144.0
1997-10-04,,,861730.34,928784.12,98193.6
1997-10-05,,,810001.6,933575.4,97243.2
1997-10-06,,,857322.92,988969.42,96292.8
1997-10-07,,,903150.18,976509.05,95342.4
1997-10-08,,,917833.11,934174.12,94392.0
1997-10-09,,,847107.66,917415.11,93441.6
1997-10-10,,,888853.1,925847.38,92491.2
1997-10-11,,,889822.94,930513.58,91540.8
1997-10-12,,,831983.03,868313.49,90590.4
1997-10-13,,,775153.91,847907.25,89640.0
1997-10-14,,,777442.53,846504.07,88689.6
1997-10-15,,,763339.75,826435.49,87739.2
1997-10-16,,,770238.33,832154.25,87549.12
1997-10-17,,,791208.55,864355.5,88119.36
1997-10-18,,,898975.64,939766.27,88689.6
1997-10-19,,,971849.99,931184.68,89259.84
1997-10-20,,,1096090.19,1006944.62,89830.08
1997-10-21,,,1054345.7,1008744.71,90400.32
1997-10-22,,,955249.5,898841.58,90970.56
1997-10-23,,,1032312.0,988323.57,91540.8
1997-10-24,,,1038581.09,967593.49,92111.04
1997-10-25,,,994544.97,929575.04,92681.28
1997-10-26,,,1038985.04,1012496.16,93251.52
1997-10-27,,,940049.21,913230.62,93821.76
1997-10-28,,,941419.24,903666.81,94392.0
1997-10-29,,,965971.53,923536.46,94962.24
1997-10-30,,,957930.86,908398.72,95532.48
1997-10-31,,,878631.23,802792.31,96102.72
1997-11-01,,,939692.27,981690.0,96672.96
1997-11-02,,,977120.65,858893.48,97243.2
1997-11-03,,,949401.09,684925.35,97813.44
1997-11-04,,,1142803.62,831526.72,98383.68
1997-11-05,,,1335855.0,845442.87,98953.92
1997-11-06,,,1129080.0,752573.48,99524.16
1997-11-07,,,1053591.0,663726.38,100094.4
1997-11-08,,,1034497.29,728598.38,100664.64
1997-11-09,,,1018030.85,758908.8,101234.88
1997-11-10,,,999225.0,735765.18,108850.5
1997-11-11,,,1031584.5,736293.3,131883.39
1997-11-12,,,995946.42,738176.96,154916.28
1997-11-13,,,965846.54,701642.2,99938.88
1997-11-14,,,891324.89,629379.85,91488.96
1997-11-15,,,926015.14,704978.48,88041.6
1997-11-16,,,963793.43,766016.76,89592.48
1997-11-17,,,934555.59,743213.66,91143.36
1997-11-18,,,916361.52,744046.5,92694.24
1997-11-19,,,872355.94,712957.5,94245.12
1997-11-20,,,831004.37,682678.5,95800.32
1997-11-21,,,870863.13,676194.72,97351.2
1997-11-22,,,825322.5,644812.94,98902.08
1997-11-23,,,980643.0,725133.0,100452.96
1997-11-24,,,902728.5,672965.17,102003.84
1997-11-25,,,865709.25,690230.04,103559.04
1997-11-26,,,867413.31,665783.89,105109.92
1997-11-27,,,873600.39,698865.88,105549.48
1997-11-28,,,867188.26,647853.75,103278.24
1997-11-29,,,848300.2,687673.5,100884.96
1997-11-30,,,891795.25,701924.81,98496.0
1997-12-01,,,942104.17,691865.03,96107.04
1997-12-02,,,899530.84,670420.14,93713.76
1997-12-03,,,934412.18,695425.6,91320.48
1997-12-04,,,953376.0,702488.1,88927.2
1997-12-05,,,887934.0,652118.4,86533.92
1997-12-06,,,884710.81,679980.74,84140.64
1997-12-07,,,909782.8,648744.74,81747.36
1997-12-08,,,904072.22,680997.58,79354.08
1997-12-09,,,1272256.88,1020407.57,123048.72
1997-12-10,,,2458574.95,1824767.91,267551.28
1997-12-11,,,1888633.89,1195010.46,254668.35
1997-12-12,,,1593715.18,1057987.27,103655.7
1997-12-13,,,1435080.98,969046.22,81864.0
1997-12-14,,,1414172.58,908558.36,379213.93
1997-12-15,,,1348743.39,940426.13,72646.74
1997-12-16,,,1340530.93,920569.15,43446.6
1997-12-17,,,1506346.01,1024135.57,126795.57
1997-12-18,,,1471318.73,1021155.68,112677.57
1997-12-19,,,1904929.25,1272148.72,163049.76
1997-12-20,,,2008716.3,1218652.97,352818.39
1997-12-21,,,1663331.99,1112964.72,173202.84
1997-12-22,,,1545991.5,1048075.36,112229.28
1997-12-23,,,1491973.5,1024452.13,106548.48
1997-12-24,,,1496152.26,1024103.43,101970.45
1997-12-25,,,1469805.18,1024060.5,101688.48
1997-12-26,,,1446675.73,987318.08,101835.36
1997-12-27,,,1364919.7,912561.96,101986.56
1997-12-28,,,1370350.52,1005999.53,102137.76
1997-12-29,,,1349649.56,911100.47,102288.96
1997-12-30,,,1308068.93,907614.75,102440.16
1997-12-31,,,1663114.88,1242897.66,102587.04
1998-01-01,,,1533875.08,1096535.59,102738.24
1998-01-02,,,1449369.77,1046372.92,102889.44
1998-01-03,,,1409811.35,1037877.75,103040.64
1998-01-04,,,1370058.73,1034689.38,103191.84
1998-01-05,,,1318591.82,969751.35,103338.72
1998-01-06,,,1285906.75,986084.75,103489.92
1998-01-07,,,1449840.55,1122596.76,103641.12
1998-01-08,,,1554098.68,1153167.36,103792.32
1998-01-09,,,1416013.01,1076403.9,103943.52
1998-01-10,,,1329316.6,1028869.75,104090.4
1998-01-11,,,1704559.15,1459427.99,104241.6
1998-01-12,,,1846554.47,1350745.8,104392.8
1998-01-13,,,1613783.14,1161262.01,104544.0
1998-01-14,,,1445096.2,1087834.09,104695.2
1998-01-15,,,1446575.16,1133605.07,104842.08
1998-01-16,,,1333200.71,1055595.33,104993.28
1998-01-17,,,1336677.0,1052192.66,105144.48
1998-01-18,,,1396743.0,1097252.88,105295.68
1998-01-19,,,1369020.66,1076905.86,105446.88
1998-01-20,,,1452809.3,1078199.07,105593.76
1998-01-21,,,1449619.49,1094394.68,105744.96
1998-01-22,,,1433595.49,1071669.78,105896.16
1998-01-23,,,1406245.71,1060708.88,106047.36
1998-01-24,,,1462212.24,1175450.56,106198.56
1998-01-25,,,3288142.33,2103386.63,116145.6
1998-01-26,,,3428415.92,4130697.85,257881.05
1998-01-27,,,3568689.51,2728457.92,393984.0
1998-01-28,,,2577104.0,1932125.18,393984.0
1998-01-29,,,2636308.61,2331790.04,388182.48
1998-01-30,,,3581052.61,2701859.01,376561.44
1998-01-31,,,3937429.5,2785743.44,372470.4
1998-02-01,,,3034867.61,2199605.1,368379.36
1998-02-02,,,2707401.42,1956622.74,400044.96
1998-02-03,,,2398172.55,1806981.0,467462.88
1998-02-04,,,2209004.08,1628130.3,534880.8
1998-02-05,,,2092014.93,1630256.34,602298.72
1998-02-06,,,1964624.67,1510380.0,669716.64
1998-02-07,,,2006090.58,1756933.86,737134.56
1998-02-08,,,2658048.45,2427780.32,804552.48
1998-02-09,,,2539874.09,2208450.68,871970.4
1998-02-10,,,2434436.38,2045846.03,927150.84
1998-02-11,,,2228046.15,1903462.2,919926.72
1998-02-12,,,2202945.38,1869607.2,903942.72
1998-02-13,,,2009425.49,1696392.93,887958.72
1998-02-14,,,2025792.73,1839188.63,871974.72
1998-02-15,,,2828424.16,2464160.28,855990.72
1998-02-16,,,2367261.2,2108025.03,840006.72
1998-02-17,,,2213771.2,2014354.88,824022.72
1998-02-18,,,2111642.71,1896949.68,808038.72
1998-02-19,,,1987517.09,1768352.26,792054.72
1998-02-20,,,1924561.22,1720027.79,776075.04
1998-02-21,,,1849614.6,1652464.34,760095.36
1998-02-22,,,1779352.49,1578812.47,744111.36
1998-02-23,,,1724693.91,1547318.48,728127.36
1998-02-24,,,1661713.59,1507861.02,712143.36
1998-02-25,,,1612230.77,1444901.52,696159.36
1998-02-26,,,1578857.06,1455164.67,680175.36
1998-02-27,,,1566023.54,1412496.13,664191.36
1998-02-28,,,1537792.58,1467433.92,648207.36
1998-03-01,,,1633181.69,1423721.57,632223.36
1998-03-02,,,1596257.88,1393298.32,616239.36
1998-03-03,,,1545944.58,1377433.92,600255.36
1998-03-04,,,1499129.68,1353991.15,584271.36
1998-03-05,,,1457562.92,1293330.92,568287.36
1998-03-06,,,1463044.2,1345929.29,552303.36
1998-03-07,,,1474112.77,1355412.01,536319.36
1998-03-08,,,1473324.26,1342265.19,520335.36
1998-03-09,,,1437015.0,1318472.84,504351.36
1998-03-10,,,1413974.33,1322222.05,488371.68
1998-03-11,,,1387293.0,1271061.84,472392.0
1998-03-12,,,1344359.15,1308607.22,456408.0
1998-03-13,,,1348590.69,1277993.32,440424.0
1998-03-14,,,1322546.69,1258815.02,424440.0
1998-03-15,,,1323174.06,1249906.34,408456.0
1998-03-16,,,1340515.5,1250084.22,392472.0
1998-03-17,,,1344147.0,1210079.56,376488.0
1998-03-18,,,1929208.55,1827228.0,360504.0
1998-03-19,,,3665446.67,2907930.64,453894.0
1998-03-20,,,4472977.98,2797466.19,689297.5900000001
1998-03-21,,,3316306.45,2722877.32,924701.18
1998-03-22,,,3272991.92,2745479.6,608361.0
1998-03-23,,,3058256.57,2587992.54,514181.05
1998-03-24,,,3061420.65,2727698.45,372065.39
1998-03-25,,,2880710.56,2436296.85,305255.39
1998-03-26,,,2656911.99,2306265.96,273861.62
1998-03-27,,,2564044.59,2309269.53,284009.78
1998-03-28,,,2539142.82,2287154.1,229186.97
1998-03-29,,,2527351.21,2361848.19,194376.09
1998-03-30,,,4119151.23,5308443.83,290355.89
1998-03-31,,,5789692.25,4280123.89,309825.096
1998-04-01,,,4330250.13,3378503.34,329294.302
1998-04-02,,,3720239.18,3076806.98,348763.50800000003
1998-04-03,,,3398483.93,2905609.82,
1998-04-04,,,3313448.5,3024697.15,387701.92
1998-04-05,,,3645297.43,3020363.01,354131.33
1998-04-06,,,3099041.55,2635510.86,350868.47
1998-04-07,,,2878837.21,2489285.05,273070.39
1998-04-08,,,2714310.72,2385540.43,242173.33
1998-04-09,,,2629045.16,2319386.41,206588.31
1998-04-10,,,2526125.95,2282417.83,207403.37
1998-04-11,,,2400409.59,2240016.32,172880.63
1998-04-12,,,2468373.06,2221657.95,147204.0
1998-04-13,,,2343349.8,2206242.19,142668.0
1998-04-14,,,2270466.41,2200626.09,138132.0
1998-04-15,,,2183105.18,2172655.66,133596.0
1998-04-16,,,2077067.13,2199472.21,130723.2
1998-04-17,,,2146030.5,2171972.33,129513.6
1998-04-18,,,2095206.19,2220836.74,128304.0
1998-04-19,,,2016817.13,2158368.54,127094.4
1998-04-20,,,1914989.51,2196645.71,125884.8
1998-04-21,,,1851963.86,2082223.5,98035.2
1998-04-22,,,1867958.63,2060281.67,78948.0
1998-04-23,,,1768509.0,1985230.19,80373.6
1998-04-24,,,1747758.21,1915348.76,81799.2
1998-04-25,,,1707058.73,1800588.93,83700.0
1998-04-26,,,1731184.74,1714036.26,86076.0
1998-04-27,,,1691263.31,1605881.39,92966.4
1998-04-28,,,1638025.8,1648524.7,103682.88
1998-04-29,,,1605983.51,1346281.64,105451.2
1998-04-30,,,1590423.35,1345844.6,104466.24
1998-05-01,,,1552329.11,1351594.69,103485.6
1998-05-02,,,1518117.05,1307801.68,102504.96
1998-05-03,,,1466300.35,1313285.57,101520.0
1998-05-04,,,1281850.73,1296755.55,100535.04
1998-05-05,,,1216657.62,1285680.0,99554.4
1998-05-06,,,1128619.4,1268278.89,98573.76
1998-05-07,,,1112326.94,1238305.2,97588.8
1998-05-08,,,1112735.63,1265545.35,96603.84
1998-05-09,,,1139545.5,1281756.3,95618.88
1998-05-10,,,1203977.28,1286236.65,94638.24
1998-05-11,,,1214142.77,1290123.75,93657.6
1998-05-12,,,1193136.0,1286495.73,92672.64
1998-05-13,,,1203574.5,1385091.36,91687.68
1998-05-14,,,1259714.52,1373401.44,90702.72
1998-05-15,,,1298789.34,1361715.84,89722.08
1998-05-16,,,1340077.97,1350030.24,88741.44
1998-05-17,,,1277471.92,1338340.32,87756.48
1998-05-18,,,1186287.88,1326650.4,87000.48
1998-05-19,,,1133640.42,1314960.48,86473.44
1998-05-20,,,1144402.5,1303274.88,85946.4
1998-05-21,,,1145296.39,1291589.28,85419.36
1998-05-22,,,1107341.69,1279899.36,84888.0
1998-05-23,,,1160688.75,1268209.44,84356.64
1998-05-24,,,1145585.35,1256519.52,83829.6
1998-05-25,,,1103306.33,1244833.92,83302.56
1998-05-26,,,1026625.12,1233148.32,82775.52
1998-05-27,,,950871.27,1221458.4,82512.0
1998-05-28,,,939707.94,1209768.48,82512.0
1998-05-29,,,911380.88,1198078.56,82512.0
1998-05-30,,,905819.54,1186388.64,82512.0
1998-05-31,,,941044.5,1174703.04,82512.0
1998-06-01,,,895579.5,1163017.44,82512.0
1998-06-02,,,836378.58,1151327.52,82512.0
1998-06-03,,,787254.3,1139637.6,82512.0
1998-06-04,,,767529.38,1127947.68,82517.19
1998-06-05,,,740739.48,1116262.08,82550.88
1998-06-06,,,770085.25,1104576.48,82589.76
1998-06-07,,,796745.16,1092886.56,82624.32
1998-06-08,,,761877.1,1081196.64,82658.88
1998-06-09,,,754510.43,1069506.72,82693.44
1998-06-10,,,724826.11,1057821.12,82728.0
1998-06-11,,,721421.1,1046135.52,82762.56
1998-06-12,,,709266.15,1034445.6,82801.44
1998-06-13,,,722543.36,1022755.68,82840.32
1998-06-14,,,725593.78,1011065.76,82874.88
1998-06-15,,,662020.2,999380.16,82909.44
1998-06-16,,,632401.8,987694.56,82944.0
1998-06-17,,,635929.48,976004.64,82978.56
1998-06-18,,,653312.37,964314.72,83013.12
1998-06-19,,,648712.65,952624.8,83047.68
1998-06-20,,,681351.23,940939.2,83086.56
1998-06-21,,,714692.18,929253.6,83125.44
1998-06-22,,,693092.4,917563.68,83160.0
1998-06-23,,,676802.7,905873.76,83194.56
1998-06-24,,,646449.3,894183.84,83229.12
1998-06-25,,,621555.0,879222.87,83263.68
1998-06-26,,,634728.0,833379.84,83298.24
1998-06-27,,,634516.5,779911.2,83332.8
1998-06-28,,,622185.0,726442.56,83371.68
1998-06-29,,,603503.76,805268.85,83410.56
1998-06-30,,,583036.7,758642.25,83445.12
1998-07-01,,,561394.31,723698.64,83479.68
1998-07-02,,,531530.25,676102.34,83514.24
1998-07-03,,,525470.49,672271.92,83548.8
1998-07-04,,,517493.44,666524.13,83583.36
1998-07-05,,,561684.11,734971.5,83622.24
1998-07-06,,,506458.8,724492.35,83661.12
1998-07-07,,,488751.08,676573.73,83695.68
1998-07-08,,,483887.92,656115.75,83730.24
1998-07-09,,,483253.53,652602.75,83764.8
1998-07-10,,,465693.37,615289.5,83799.36
1998-07-11,,,488804.78,633697.5,83833.92
1998-07-12,,,514155.53,681302.25,83868.48
1998-07-13,,,508395.07,776042.85,83907.36
1998-07-14,,,467379.43,795250.05,83946.24
1998-07-15,,,483214.56,825458.25,83980.8
1998-07-16,,,482565.11,813915.75,84015.36
1998-07-17,,,462403.26,794576.25,84049.92
1998-07-18,,,455590.56,801267.75,84084.48
1998-07-19,,,506113.18,871704.0,84119.04
1998-07-20,,,467637.97,818882.25,84157.92
1998-07-21,,,469473.8,837249.75,84196.8
1998-07-22,,,460369.07,755773.5,84231.36
1998-07-23,,,444101.4,729356.25,84265.92
1998-07-24,,,449089.95,708529.74,84300.48
1998-07-25,,,478152.36,745232.65,84335.04
1998-07-26,,,499652.52,801395.18,84369.6
1998-07-27,,,488531.79,770289.75,84404.16
1998-07-28,,,493114.64,789731.25,84443.04
1998-07-29,,,496503.73,790743.75,84481.92
1998-07-30,,,493195.34,731448.12,84516.48
1998-07-31,,,465647.21,700202.72,84551.04
1998-08-01,,,481939.8,743996.61,84585.6
1998-08-02,,,508383.26,815097.48,84620.16
1998-08-03,,,476202.49,756964.5,84654.72
1998-08-04,,,474330.73,729342.75,84689.28
1998-08-05,,,457316.24,742530.72,84728.16
1998-08-06,,,447208.02,723052.62,84767.04
1998-08-07,,,424527.88,723877.88,84801.6
1998-08-08,,,457058.27,738468.0,84836.16
1998-08-09,,,456366.49,720697.5,84870.72
1998-08-10,,,424709.37,728865.0,84905.28
1998-08-11,,,408318.74,728171.63,84939.84
1998-08-12,,,400680.23,737808.44,84978.72
1998-08-13,,,392748.43,742777.19,85017.6
1998-08-14,,,421737.32,732437.25,85052.16
1998-08-15,,,432616.18,680443.67,85086.72
1998-08-16,,,470856.26,741327.77,85121.28
1998-08-17,,,458106.44,729697.88,85155.84
1998-08-18,,,452899.13,736536.75,85190.4
1998-08-19,,,475304.8,745956.75,85224.96
1998-08-20,,,472428.95,764711.35,85263.84
1998-08-21,,,455548.48,739034.92,85302.72
1998-08-22,,,501545.03,762161.25,85337.28
1998-08-23,,,538336.01,813778.28,85371.84
1998-08-24,,,529614.02,760339.15,85406.4
1998-08-25,,,561081.63,737735.35,85440.96
1998-08-26,,,578545.22,797034.0,85475.52
1998-08-27,,,570686.99,796695.5,85510.08
1998-08-28,,,572380.5,796411.7,85548.96
1998-08-29,,,637677.97,829831.5,85587.84
1998-08-30,,,665263.06,847066.26,85622.4
1998-08-31,,,603424.84,861127.95,85656.96
1998-09-01,,,659541.48,917317.95,85691.52
1998-09-02,,,575841.45,837246.0,85726.08
1998-09-03,,,574985.46,832550.25,85760.64
1998-09-04,,,567064.51,827526.75,85799.52
1998-09-05,,,592942.35,857453.2,85838.4
1998-09-06,,,646647.72,960396.83,85872.96
1998-09-07,,,656299.93,916388.6,85907.52
1998-09-08,,,643303.91,895295.32,85942.08
1998-09-09,,,626912.45,866654.54,85976.64
1998-09-10,,,602650.4,853182.0,86011.2
1998-09-11,,,603350.95,846217.5,86045.76
1998-09-12,,,596710.2,848832.8,86084.64
1998-09-13,,,604118.07,916962.34,86123.52
1998-09-14,,,613935.9,931797.14,86158.08
1998-09-15,,,536081.06,676246.43,86192.64
1998-09-16,,,682748.88,773405.82,86227.2
1998-09-17,,,623425.56,676845.53,86261.76
1998-09-18,,,610093.34,681603.0,86296.32
1998-09-19,,,617053.64,684326.46,86335.2
1998-09-20,,,620721.68,682686.12,86374.08
1998-09-21,,,647885.4,738728.7,86408.64
1998-09-22,,,667309.64,700229.42,86443.2
1998-09-23,,,701029.85,727383.89,86477.76
1998-09-24,,,691237.87,708180.94,86512.32
1998-09-25,,,668618.2,708471.58,86546.88
1998-09-26,,,724989.73,730799.7,86581.44
1998-09-27,,,665817.5,701410.01,86620.32
1998-09-28,,,656658.78,633877.53,86659.2
1998-09-29,,,668717.66,605292.0,86693.76
1998-09-30,,,693002.38,653752.73,86728.32
1998-10-01,,,686870.8,679830.11,86762.88
1998-10-02,,,670691.07,628625.61,86797.44
1998-10-03,,,672040.45,619639.05,86832.0
1998-10-04,,,668956.64,610024.5,86866.56
1998-10-05,,,646994.56,606814.5,86905.44
1998-10-06,,,624298.26,652806.72,86944.32
1998-10-07,,,656317.32,665590.8,86978.88
1998-10-08,,,627372.11,625749.42,87013.44
1998-10-09,,,699149.16,681938.65,87048.0
1998-10-10,,,654675.96,618676.65,87082.56
1998-10-11,,,641830.02,646308.4,87117.12
1998-10-12,,,631972.95,595288.88,87156.0
1998-10-13,,,626935.99,609089.1,87194.88
1998-10-14,,,572153.84,571040.42,87229.44
1998-10-15,,,655161.6,608279.67,90770.58
1998-10-16,,,681824.34,623393.4,100171.79
1998-10-17,,,685598.13,617695.01,101533.45
1998-10-18,,,730818.26,659097.62,101888.2
1998-10-19,,,668798.73,605389.68,104928.71
1998-10-20,,,654408.35,583939.98,105428.38
1998-10-21,,,643208.93,574037.7,104301.43
1998-10-22,,,661678.19,612201.7,96985.71
1998-10-23,,,668146.5,596572.21,102176.81
1998-10-24,,,675921.0,604990.5,110149.54
1998-10-25,,,708954.23,660110.1,113585.79
1998-10-26,,,670219.43,624374.75,111699.28
1998-10-27,,,682415.86,642985.26,109402.74
1998-10-28,,,660461.77,631825.77,101386.53
1998-10-29,,,663131.56,636832.13,97480.34
1998-10-30,,,656426.67,622714.94,96934.53
1998-10-31,,,726600.46,659327.42,99775.08
1998-11-01,,,695159.49,625386.09,97314.97
1998-11-02,,,645202.61,638208.68,91626.67
1998-11-03,,,637054.88,626769.48,87922.7
1998-11-04,,,660221.63,596106.12,87264.0
1998-11-05,,,613590.21,566398.38,90686.1
1998-11-06,,,610163.57,559120.96,92016.0
1998-11-07,,,653445.57,647519.17,92108.88
1998-11-08,,,629723.03,571224.54,94422.24
1998-11-09,,,658936.9,650324.65,96688.82
1998-11-10,,,644281.37,622541.62,97031.47
1998-11-11,,,646750.62,627640.33,98906.4
1998-11-12,,,651909.74,633828.45,100969.98
1998-11-13,,,637705.01,615887.22,101520.0
1998-11-14,,,647244.9,619559.71,101465.09
1998-11-15,,,651609.39,616352.43,99576.0
1998-11-16,,,668410.0,632005.64,97130.11
1998-11-17,,,662189.53,606880.15,98729.06
1998-11-18,,,651396.11,595808.23,97004.33
1998-11-19,,,649289.18,595168.8,96768.0
1998-11-20,,,651025.5,588236.75,96768.0
1998-11-21,,,646654.38,546947.33,96768.0
1998-11-22,,,652822.04,616463.82,96768.0
1998-11-23,,,607355.1,559309.19,96768.0
1998-11-24,,,603313.8,548679.8,96768.0
1998-11-25,,,594087.76,541065.82,96768.0
1998-11-26,,,620193.05,591382.01,96994.04
1998-11-27,,,626362.17,585137.78,100289.56
1998-11-28,,,633568.58,506307.39,97786.15
1998-11-29,,,630959.52,563706.82,96768.0
1998-11-30,,,642055.72,448620.88,96768.0
1998-12-01,,,617703.9,420432.39,100680.15
1998-12-02,,,648451.95,450544.36,101520.0
1998-12-03,,,683713.06,444586.09,101520.0
1998-12-04,,,698949.95,447771.11,101520.0
1998-12-05,,,696920.46,459022.62,100098.59
1998-12-06,,,716572.51,464539.05,98771.65
1998-12-07,,,695107.2,465444.1,100427.04
1998-12-08,,,726812.4,477335.05,98586.72
1998-12-09,,,693177.76,461251.22,96986.09
1998-12-10,,,699952.94,462709.8,94512.96
1998-12-11,,,682852.63,464716.05,92022.47
1998-12-12,,,676232.82,459277.57,92016.0
1998-12-13,,,662031.26,452081.68,90874.25
1998-12-14,,,643078.71,444606.59,88358.26
1998-12-15,,,654786.49,440860.82,88483.05
1998-12-16,,,641258.97,438988.64,90741.97
1998-12-17,,,642509.57,437974.87,88733.64
1998-12-18,,,654870.24,436010.62,94212.09
1998-12-19,,,665599.36,439578.97,96617.77
1998-12-20,,,666100.45,447444.44,93161.34
1998-12-21,,,659490.8,432932.13,92016.0
1998-12-22,,,678281.07,453700.19,92016.0
1998-12-23,,,673636.31,477797.42,92016.0
1998-12-24,,,709802.0,494010.4,92016.0
1998-12-25,,,735843.0,495321.72,95283.24
1998-12-26,,,786964.45,510212.15,104451.24
1998-12-27,,,849401.83,547230.39,99922.1
1998-12-28,,,770721.98,519098.8,92644.28
1998-12-29,,,707108.61,513047.02,87264.0
1998-12-30,,,719702.12,577155.94,88026.7
1998-12-31,,,762676.74,626539.99,91924.81
1999-01-01,,,810437.75,677703.05,104590.41
1999-01-02,,,798908.64,654449.11,102748.13
1999-01-03,,,825583.9,601774.72,98662.41
1999-01-04,,,820057.27,572492.49,96768.0
1999-01-05,,,825381.53,649402.73,97270.86
1999-01-06,,,803328.41,652069.99,101328.98
1999-01-07,,,738629.26,647448.27,104356.52
1999-01-08,,,719562.6,586007.19,106272.0
1999-01-09,,,697666.34,566906.55,105374.54
1999-01-10,,,779987.46,668124.87,103092.48
1999-01-11,,,717861.5,559578.98,102101.49
1999-01-12,,,723069.58,595998.87,103667.04
1999-01-13,,,745370.99,590874.0,105300.0
1999-01-14,,,758124.22,594649.02,104217.17
1999-01-15,,,756337.9,602230.39,99260.64
1999-01-16,,,735719.4,613070.36,93791.04
1999-01-17,,,714065.27,590880.74,97320.96
1999-01-18,,,742638.74,606216.17,103458.59
1999-01-19,,,948451.69,840571.2,112995.75
1999-01-20,,,1034747.33,892542.14,115776.0
1999-01-21,,,905216.98,834674.25,115612.75
1999-01-22,,,860245.2,795439.9,111356.57
1999-01-23,,,832553.2,768210.56,107197.32
1999-01-24,,,824758.06,769667.09,106272.0
1999-01-25,,,810957.6,751678.73,106883.46
1999-01-26,,,822749.7,757019.6,108665.28
1999-01-27,,,807550.07,735301.47,110441.88
1999-01-28,,,941078.7,834974.02,111024.0
1999-01-29,,,924196.22,791243.6,110982.9
1999-01-30,,,893739.9,767462.81,109455.84
1999-01-31,,,918446.53,783414.11,107196.3
1999-02-01,,,847040.72,737403.81,106272.0
1999-02-02,,,818650.85,734008.53,106645.22
1999-02-03,,,803781.85,734327.63,109421.28
1999-02-04,,,797191.3,723150.39,105734.1
1999-02-05,,,815682.87,750013.09,101520.0
1999-02-06,,,870307.39,818710.26,100383.38
1999-02-07,,,853093.8,810590.98,96851.19
1999-02-08,,,867119.4,844270.1,96768.0
1999-02-09,,,927850.45,910134.35,98015.73
1999-02-10,,,910181.77,909055.01,99417.31
1999-02-11,,,891059.07,900269.26,96768.0
1999-02-12,,,888829.61,912561.5,96768.0
1999-02-13,,,882486.46,910169.92,97151.87
1999-02-14,,,826497.77,845871.74,99472.32
1999-02-15,,,937303.56,941766.92,101410.64
1999-02-16,,,857220.29,869861.4,101493.81
1999-02-17,,,798847.01,805725.74,99839.52
1999-02-18,,,803546.63,802319.75,97599.83
1999-02-19,,,810652.6,806514.6,100302.71
1999-02-20,,,927209.87,958667.39,101520.0
1999-02-21,,,934776.33,940754.39,101520.0
1999-02-22,,,888848.99,913691.51,100803.9
1999-02-23,,,870797.97,887502.15,98089.92
1999-02-24,,,861594.93,881066.81,100713.87
1999-02-25,,,872840.23,892321.78,102746.88
1999-02-26,,,815559.48,833488.72,104492.16
1999-02-27,,,906112.5,931887.0,107809.58
1999-02-28,,,868464.0,901874.5,115623.0
1999-03-01,,,839812.5,875592.46,115776.0
1999-03-02,,,779774.1,833829.82,115776.0
1999-03-03,,,796930.86,846116.71,115776.0
1999-03-04,,,812633.39,857023.89,115776.0
1999-03-05,,,779770.14,797020.99,115776.0
1999-03-06,,,776379.92,798761.52,115707.15
1999-03-07,,,771932.67,791455.39,114518.88
1999-03-08,,,753519.7,784939.2,112937.76
1999-03-09,,,744698.1,756832.28,111311.57
1999-03-10,,,764516.72,771818.88,108954.72
1999-03-11,,,732028.32,737436.6,106336.8
1999-03-12,,,662966.17,655932.6,103718.88
1999-03-13,,,662304.76,692134.74,100103.91
1999-03-14,,,703605.2,725920.63,94478.4
1999-03-15,,,724899.56,711716.04,97502.81
1999-03-16,,,795474.0,752882.52,99584.64
1999-03-17,,,721863.86,707879.84,97581.78
1999-03-18,,,676511.84,653797.8,101094.83
1999-03-19,,,635300.44,633130.47,96572.86
1999-03-20,,,636483.49,639327.86,92459.11
1999-03-21,,,756134.84,753501.25,95489.25
1999-03-22,,,1217855.96,1324110.75,94044.92
1999-03-23,,,1130566.73,1134887.26,91250.93
1999-03-24,,,1018914.56,1056408.99,87264.0
1999-03-25,,,985662.2,1031266.35,88543.59
1999-03-26,,,1005452.53,1020877.48,91785.74
1999-03-27,,,937331.4,976614.03,92016.0
1999-03-28,,,992622.0,1078740.8,92016.0
1999-03-29,,,980995.54,1011733.38,92016.0
1999-03-30,,,860592.0,944388.26,92016.0
1999-03-31,,,885108.12,1031603.82,92016.0
1999-04-01,,,925397.89,1024415.78,92016.0
1999-04-02,,,990623.96,1100836.14,92512.8
1999-04-03,,,1087572.83,1171030.68,93510.72
1999-04-04,,,1003408.91,1123110.95,94508.64
1999-04-05,,,972388.52,757723.68,95506.56
1999-04-06,,,920168.13,1032791.71,96499.35
1999-04-07,,,966144.03,1086297.84,97325.28
1999-04-08,,,965055.75,1042179.54,98081.28
1999-04-09,,,885120.56,968558.2,98837.28
1999-04-10,,,868696.41,945915.73,99593.28
1999-04-11,,,853907.67,927255.6,100349.28
1999-04-12,,,800758.03,906494.3,101105.28
1999-04-13,,,797042.31,888249.38,102202.44
1999-04-14,,,789957.67,911057.57,103705.92
1999-04-15,,,766546.06,924940.52,105209.28
1999-04-16,,,770604.8,898321.44,104535.71
1999-04-17,,,764344.37,885787.76,99271.65
1999-04-18,,,759996.94,837019.42,95381.28
1999-04-19,,,729572.57,845396.17,92925.9
1999-04-20,,,710840.12,808612.46,94780.8
1999-04-21,,,724226.39,834775.27,95916.96
1999-04-22,,,723739.97,830869.55,94214.88
1999-04-23,,,684689.34,788782.96,92586.56
1999-04-24,,,688573.88,767959.29,93199.68
1999-04-25,,,682120.23,776373.6,94880.16
1999-04-26,,,654744.24,723125.18,96441.3
1999-04-27,,,635647.69,711178.6,96768.0
1999-04-28,,,621655.44,721238.49,96768.0
1999-04-29,,,626425.03,702639.97,96768.0
1999-04-30,,,572394.0,686293.5,96768.0
1999-05-01,,,546473.23,645993.46,94106.88
1999-05-02,,,539174.87,661363.98,88784.64
1999-05-03,,,514448.51,612966.62,83462.4
1999-05-04,,,456935.84,567035.06,78140.16
1999-05-05,,,518855.44,614677.5,72817.92
1999-05-06,,,455938.97,546789.89,67495.68
1999-05-07,,,491751.43,540045.38,62173.44
1999-05-08,,,494672.83,532481.4,56851.2
1999-05-09,,,585231.45,665813.1,51528.96
1999-05-10,,,534094.05,585668.1,46206.72
1999-05-11,,,510968.37,530450.7,42028.32
1999-05-12,,,493564.45,540463.5,42379.2
1999-05-13,,,496979.59,534505.08,43195.68
1999-05-14,,,490012.64,548992.15,44012.16
1999-05-15,,,522666.06,556661.42,44828.64
1999-05-16,,,523995.82,551626.54,45645.12
1999-05-17,,,471846.44,512811.14,46461.6
1999-05-18,,,445922.55,519153.9,47278.08
1999-05-19,,,423812.64,468254.4,48094.56
1999-05-20,,,370977.96,493177.28,48911.04
1999-05-21,,,411992.41,470870.68,49727.52
1999-05-22,,,401369.08,472047.0,50544.0
1999-05-23,,,413824.23,525865.2,51360.48
1999-05-24,,,364339.51,469079.71,52176.96
1999-05-25,,,342398.14,464548.79,52993.44
1999-05-26,,,337584.95,460624.95,53809.92
1999-05-27,,,341476.25,459197.39,54626.4
1999-05-28,,,306244.32,442611.72,55442.88
1999-05-29,,,328474.86,455068.37,56259.36
1999-05-30,,,361346.57,463344.3,65550.22
1999-05-31,,,334177.28,440327.7,68690.15
1999-06-01,,,319571.5,429865.71,74646.58
1999-06-02,,,312065.78,415766.64,74587.74
1999-06-03,,,310881.06,429429.6,78619.55
1999-06-04,,,324949.12,398843.4,81829.13
1999-06-05,,,354238.52,421721.7,81360.43
1999-06-06,,,389423.78,440447.7,84560.49
1999-06-07,,,327258.65,390323.7,87378.61
1999-06-08,,,277630.96,347336.1,87291.63
1999-06-09,,,258912.71,346492.8,81245.82
1999-06-10,,,250075.59,355502.4,81253.98
1999-06-11,,,275828.63,366266.7,79993.83
1999-06-12,,,324951.12,394125.84,79210.22
1999-06-13,,,376315.87,431063.57,84091.82
1999-06-14,,,298710.29,372619.2,88759.19
1999-06-15,,,260815.04,326993.7,82671.7
1999-06-16,,,243366.91,315284.4,82406.67
1999-06-17,,,306654.86,390736.2,85141.43
1999-06-18,,,261770.37,378501.93,83224.36
1999-06-19,,,263335.89,389237.43,87146.62
1999-06-20,,,321397.12,327941.1,81121.66
1999-06-21,,,262175.66,232481.8,84011.99
1999-06-22,,,264350.37,265317.22,92573.39
1999-06-23,,,275594.67,297314.21,91062.92
1999-06-24,,,297952.86,303767.78,89121.77
1999-06-25,,,276563.6,285569.4,86410.9
1999-06-26,,,278369.12,300101.4,85197.25
1999-06-27,,,318763.34,291995.07,82901.93
1999-06-28,,,284003.4,304323.57,78565.11
1999-06-29,,,253537.24,294315.46,80712.83
1999-06-30,,,294040.0,301723.26,86238.52
1999-07-01,,,270358.53,242556.98,87963.39
1999-07-02,,,250685.08,272693.87,85539.62
1999-07-03,,,277788.1,299208.38,84270.45
1999-07-04,,,300332.83,301489.72,84676.25
1999-07-05,,,256195.02,259739.6,83649.74
1999-07-06,,,260246.88,260912.16,77511.49
1999-07-07,,,290249.22,260410.29,75739.33
1999-07-08,,,331846.94,287033.37,74751.59
1999-07-09,,,322758.55,252253.09,74036.45
1999-07-10,,,353383.55,277917.71,73386.19
1999-07-11,,,379931.46,271671.67,72825.3
1999-07-12,,,352853.47,250803.79,67559.41
1999-07-13,,,337032.76,245869.66,59784.06
1999-07-14,,,332343.2,254396.61,57175.2
1999-07-15,,,351626.15,252531.27,57317.76
1999-07-16,,,319784.08,210905.17,57456.0
1999-07-17,,,373925.9,301194.03,57598.56
1999-07-18,,,388991.58,339948.41,57741.12
1999-07-19,,,341802.78,286878.6,57879.36
1999-07-20,,,308493.42,241241.4,58021.92
1999-07-21,,,289340.82,243720.52,58164.48
1999-07-22,,,306979.08,251867.12,58302.72
1999-07-23,,,305798.32,236207.44,58445.28
1999-07-24,,,309021.34,255626.17,58587.84
1999-07-25,,,324833.0,269522.4,58726.08
1999-07-26,,,318157.52,252371.4,58868.64
1999-07-27,,,334097.81,270314.1,59011.2
1999-07-28,,,267037.01,258819.6,59149.44
1999-07-29,,,273348.41,258966.82,59292.0
1999-07-30,,,307911.94,303494.24,59434.56
1999-07-31,,,321122.89,298050.37,59572.8
1999-08-01,,,323909.24,271298.7,59715.36
1999-08-02,,,297961.43,311798.43,59857.92
1999-08-03,,,318506.82,320564.4,59996.16
1999-08-04,,,348072.63,306800.1,60138.72
1999-08-05,,,346352.0,288625.8,60281.28
1999-08-06,,,346137.57,316632.6,60419.52
1999-08-07,,,386229.1,394495.5,60562.08
1999-08-08,,,391167.68,332921.4,60704.64
1999-08-09,,,362994.74,328418.7,60842.88
1999-08-10,,,316338.25,251654.79,60985.44
1999-08-11,,,319762.26,256399.93,61128.0
1999-08-12,,,328985.73,300741.13,61266.24
1999-08-13,,,317219.14,274594.2,61408.8
1999-08-14,,,316598.9,247218.9,61551.36
1999-08-15,,,347617.09,298794.3,61689.6
1999-08-16,,,346806.44,270359.03,61832.16
1999-08-17,,,365593.84,326387.06,61974.72
1999-08-18,,,355255.88,329298.0,62112.96
1999-08-19,,,362333.87,292445.4,62255.52
1999-08-20,,,346280.93,302160.0,62398.08
1999-08-21,,,310615.6,323403.0,62536.32
1999-08-22,,,326966.81,312794.1,62678.88
1999-08-23,,,289090.38,274494.0,62821.44
1999-08-24,,,267026.35,271139.1,62959.68
1999-08-25,,,276058.13,277520.4,63102.24
1999-08-26,,,336125.93,341395.2,63244.8
1999-08-27,,,350111.03,310914.0,63383.04
1999-08-28,,,348124.07,279900.9,63525.6
1999-08-29,,,379544.78,305479.51,63668.16
1999-08-30,,,376713.33,270709.71,63806.4
1999-08-31,,,348227.78,259454.7,63948.96
1999-09-01,,,356112.77,217143.3,64091.52
1999-09-02,,,372310.81,207526.42,64229.76
1999-09-03,,,388956.19,190070.92,64372.32
1999-09-04,,,382852.74,167441.1,64514.88
1999-09-05,,,412631.15,187444.65,64653.12
1999-09-06,,,415370.29,168894.24,64795.68
1999-09-07,,,408775.84,164421.75,64938.24
1999-09-08,,,385944.73,171543.69,65076.48
1999-09-09,,,408186.36,249749.6,65219.04
1999-09-10,,,420414.58,232826.02,65361.6
1999-09-11,,,373994.39,169820.7,65499.84
1999-09-12,,,382721.16,191540.25,65642.4
1999-09-13,,,397915.55,219208.2,65784.96
1999-09-14,,,388422.96,227729.25,65923.2
1999-09-15,,,361805.08,230094.75,66065.76
1999-09-16,,,369653.97,225570.6,66208.32
1999-09-17,,,362334.83,193150.8,66346.56
1999-09-18,,,375401.36,190389.3,66489.12
1999-09-19,,,445212.41,257984.4,66631.68
1999-09-20,,,387077.08,168031.75,66769.92
1999-09-21,,,413597.75,222982.49,66912.48
1999-09-22,,,433202.46,225475.8,67055.04
1999-09-23,,,398766.72,204353.6,67193.28
1999-09-24,,,409082.68,202059.39,67335.84
1999-09-25,,,394985.74,166724.55,67478.4
1999-09-26,,,477320.51,238181.85,67616.64
1999-09-27,,,445686.82,270558.6,67759.2
1999-09-28,,,393434.92,301665.0,67901.76
1999-09-29,,,391981.89,311934.6,68040.0
1999-09-30,,,387117.33,320940.0,68182.56
1999-10-01,,,378889.8,295268.55,68325.12
1999-10-02,,,379793.74,310877.4,68463.36
1999-10-03,,,386163.66,305813.4,68605.92
1999-10-04,,,361030.99,323966.62,68748.48
1999-10-05,,,426296.82,372573.77,68886.72
1999-10-06,,,439966.92,343112.32,69029.28
1999-10-07,,,442039.7,335218.5,69171.84
1999-10-08,,,464869.77,329680.38,69310.08
1999-10-09,,,474423.1,343069.39,69452.64
1999-10-10,,,489926.52,377537.1,69595.2
1999-10-11,,,505548.11,365328.6,69733.44
1999-10-12,,,481081.61,336460.5,69876.0
1999-10-13,,,423985.21,314684.1,70018.56
1999-10-14,,,442331.59,302001.9,70156.8
1999-10-15,,,442949.03,295964.44,70299.36
1999-10-16,,,450685.7,307376.5,70441.92
1999-10-17,,,463307.55,321701.4,70580.16
1999-10-18,,,470645.57,333287.73,70722.72
1999-10-19,,,473109.45,355099.27,70845.57
1999-10-20,,,447023.99,297068.36,70895.52
1999-10-21,,,411910.61,329810.82,70938.72
1999-10-22,,,443227.26,296876.58,70986.24
1999-10-23,,,430311.39,311626.08,71033.76
1999-10-24,,,436829.79,351793.52,71076.96
1999-10-25,,,455964.28,343825.22,71120.16
1999-10-26,,,456187.61,337937.2,71163.36
1999-10-27,,,441830.94,329665.19,71206.56
1999-10-28,,,436814.51,294675.76,71254.08
1999-10-29,,,459008.03,292691.5,71301.6
1999-10-30,,,441236.3,311938.5,71344.8
1999-10-31,,,458995.7,350327.53,71388.0
1999-11-01,,,447522.92,307699.46,71431.2
1999-11-02,,,422727.32,310777.75,71474.4
1999-11-03,,,422126.39,322380.65,71517.6
1999-11-04,,,436886.4,326809.41,71565.12
1999-11-05,,,412341.69,247691.4,71612.64
1999-11-06,,,394545.11,257270.49,71655.84
1999-11-07,,,482646.52,345961.48,71699.04
1999-11-08,,,461602.73,286330.45,71742.24
1999-11-09,,,476914.86,282156.33,71785.44
1999-11-10,,,504271.34,321875.42,71832.96
1999-11-11,,,465351.17,281554.2,71880.48
1999-11-12,,,465829.51,285137.1,71923.68
1999-11-13,,,462736.58,285507.31,71966.88
1999-11-14,,,479387.81,304334.84,72010.08
1999-11-15,,,463679.26,297645.71,72053.28
1999-11-16,,,455670.75,285635.98,72096.48
1999-11-17,,,458105.4,284527.5,72144.0
1999-11-18,,,463124.79,281893.8,72191.52
1999-11-19,,,433427.96,273811.19,72234.72
1999-11-20,,,454908.74,284713.75,72277.92
1999-11-21,,,459790.19,291732.34,72321.12
1999-11-22,,,472066.21,302628.03,72364.32
1999-11-23,,,465842.44,278319.3,72411.84
1999-11-24,,,472000.77,278187.6,72459.36
1999-11-25,,,516724.08,314339.71,72502.56
1999-11-26,,,499223.01,287142.84,72545.76
1999-11-27,,,490557.73,287108.95,72588.96
1999-11-28,,,511633.8,335003.36,72632.16
1999-11-29,,,464785.91,290212.15,72675.36
1999-11-30,,,452972.18,280694.77,72722.88
1999-12-01,,,435138.24,252678.86,72770.4
1999-12-02,,,439439.55,327354.39,72813.6
1999-12-03,,,426092.53,275933.83,72856.8
1999-12-04,,,442506.21,295783.8,72900.0
1999-12-05,,,482419.73,317204.46,72943.2
1999-12-06,,,417812.81,275167.31,72990.72
1999-12-07,,,405249.94,276108.54,73038.24
1999-12-08,,,399176.42,277631.09,73081.44
1999-12-09,,,390408.77,272863.89,73124.64
1999-12-10,,,425104.13,267640.13,73167.84
1999-12-11,,,443260.8,261036.9,73211.04
1999-12-12,,,436008.98,335850.52,73254.24
1999-12-13,,,476951.25,284347.55,73301.76
1999-12-14,,,473507.76,354407.61,73349.28
1999-12-15,,,489871.41,310849.73,73392.48
1999-12-16,,,445108.61,352357.26,73435.68
1999-12-17,,,450682.06,316800.71,73478.88
1999-12-18,,,459272.67,331939.5,73522.08
1999-12-19,,,474334.68,340740.3,73569.6
1999-12-20,,,476969.39,304138.82,73617.12
1999-12-21,,,471775.57,311968.69,73660.32
1999-12-22,,,464056.64,294234.53,73703.52
1999-12-23,,,429193.36,286335.18,73746.72
1999-12-24,,,458485.63,273435.53,73789.92
1999-12-25,,,395250.49,277959.86,73833.12
1999-12-26,,,438988.91,363115.72,73880.64
1999-12-27,,,437300.81,254407.2,73928.16
1999-12-28,,,375311.24,287619.49,73971.36
1999-12-29,,,423447.72,302708.39,74014.56
1999-12-30,,,429877.93,316950.45,74057.76
1999-12-31,,,420748.63,247134.31,74100.96
2000-01-01,,,414968.15,312228.79,74148.48
2000-01-02,,,478126.05,358525.54,74196.0
2000-01-03,,,432548.93,287325.86,74239.2
2000-01-04,,,438886.28,291002.85,74282.4
2000-01-05,,,653862.44,451200.3,86184.18
2000-01-06,,,773868.26,396323.03,140439.66
2000-01-07,,,602006.88,339693.37,127869.73
2000-01-08,,,564270.72,322174.43,103575.12
2000-01-09,,,596245.78,385464.75,99319.7
2000-01-10,,,578003.65,361737.53,98604.96
2000-01-11,,,649072.76,394568.76,96768.0
2000-01-12,,,527872.13,313523.92,96768.0
2000-01-13,,,584028.0,403297.81,95788.25
2000-01-14,,,583130.71,343224.9,93506.4
2000-01-15,,,531718.05,326207.1,92042.16
2000-01-16,,,546271.29,346046.62,91718.8
2000-01-17,,,525470.98,335965.52,89117.28
2000-01-18,,,517936.92,328601.38,86028.48
2000-01-19,,,947110.37,775483.24,83859.58
2000-01-20,,,1762226.23,1996906.64,92217.14
2000-01-21,,,4046165.84,2760731.79,789210.74
2000-01-22,,,1878498.26,1450896.35,542239.94
2000-01-23,,,2159601.0,1762258.57,156646.27
2000-01-24,,,1887941.83,1404166.7,146685.6
2000-01-25,,,1497975.77,1170604.49,128307.0
2000-01-26,,,2159756.4,1851469.73,114143.82
2000-01-27,,,3356277.78,2304715.56,179898.36
2000-01-28,,,2980982.13,1910405.01,226861.03666666665
2000-01-29,,,2061739.57,1410978.85,273823.7133333333
2000-01-30,,,1731724.99,1275192.0,320786.39
2000-01-31,,,1555601.4,1115474.7,171584.31
2000-02-01,,,1364959.31,1032899.13,161563.5
2000-02-02,,,1175526.62,922422.8,152957.11
2000-02-03,,,1143737.79,918386.35,139251.63
2000-02-04,,,977803.69,782153.33,123556.32
2000-02-05,,,1016132.78,844449.0,120595.3
2000-02-06,,,1117800.0,929602.32,118216.8
2000-02-07,,,1127377.2,917176.6,116360.45
2000-02-08,,,1080735.29,886530.6,117931.68
2000-02-09,,,1051260.2,861262.2,119225.57
2000-02-10,,,972575.06,836221.18,109517.13
2000-02-11,,,886669.19,793495.68,94772.16
2000-02-12,,,864407.79,786854.49,89532.0
2000-02-13,,,1171859.88,915666.6,109320.68
2000-02-14,,,1644002.5,1394055.82,160793.66
2000-02-15,,,1436055.87,1166762.29,138981.2
2000-02-16,,,1954722.07,1785060.59,121824.64
2000-02-17,,,2573150.51,1942773.76,389846.04
2000-02-18,,,1945400.98,1538825.37,314430.37
2000-02-19,,,1751261.26,1391883.03,156287.38
2000-02-20,,,1714344.52,1387046.13,128055.16
2000-02-21,,,1570027.01,1288054.41,105590.23
2000-02-22,,,1549032.6,1316489.5,85446.36
2000-02-23,,,1562818.8,1308499.18,82512.0
2000-02-24,,,1530471.6,1259699.34,81841.5
2000-02-25,,,1602667.4,1185824.4,78727.5
2000-02-26,,,1340175.27,1154535.6,77679.11
2000-02-27,,,1298671.39,1139931.54,75388.46
2000-02-28,,,1237239.0,1066689.2,71133.12
2000-02-29,,,1220427.38,1026232.73,66333.6
2000-03-01,,,1335261.98,1025599.13,77618.91
2000-03-02,,,1431773.5,1120690.47,85905.12
2000-03-03,,,1369530.53,1050564.87,84870.72
2000-03-04,,,1342695.55,1040240.71,88589.97
2000-03-05,,,1349715.86,1032374.46,90839.11
2000-03-06,,,1297981.7,991068.2,87318.13
2000-03-07,,,1350323.72,1069918.03,87264.0
2000-03-08,,,1348607.77,1073650.77,87266.61
2000-03-09,,,1327453.32,1058504.02,93165.44
2000-03-10,,,1294275.46,1027308.0,94379.04
2000-03-11,,,1278091.59,1018537.65,92104.22
2000-03-12,,,1241591.52,989408.65,91287.29
2000-03-13,,,1236262.65,1013704.21,88637.76
2000-03-14,,,1237386.03,1024600.37,87264.0
2000-03-15,,,1221957.0,999772.28,88613.9
2000-03-16,,,1183984.5,990793.54,91106.42
2000-03-17,,,1173609.75,970437.41,88335.82
2000-03-18,,,1167708.75,1007947.98,87262.91
2000-03-19,,,1172688.25,1006336.22,85052.16
2000-03-20,,,1152029.6,977311.91,88814.8
2000-03-21,,,1148532.5,971188.56,100244.6
2000-03-22,,,1180765.5,976915.56,121396.39
2000-03-23,,,1187557.13,982697.21,118856.36
2000-03-24,,,1279371.41,1043822.94,122700.77
2000-03-25,,,1251905.35,992943.9,119952.29
2000-03-26,,,1234584.61,1003239.74,112561.31
2000-03-27,,,1243209.37,1016062.61,107200.8
2000-03-28,,,1220413.75,1002672.85,106763.51
2000-03-29,,,1166806.52,1006855.19,107716.73
2000-03-30,,,1147951.5,1010877.01,92908.16
2000-03-31,,,1122517.5,964810.8,91752.48
2000-04-01,,,1113979.13,981740.4,91229.76
2000-04-02,,,1122798.1,964688.4,90707.04
2000-04-03,,,1135592.75,1058476.91,90184.32
2000-04-04,,,1155815.43,1064970.19,89661.6
2000-04-05,,,1162187.44,1015805.82,89138.88
2000-04-06,,,1106657.67,971859.73,88616.16
2000-04-07,,,1025686.69,901093.43,88093.44
2000-04-08,,,1074580.48,948877.39,87570.72
2000-04-09,,,1177243.0,1040022.26,87150.96
2000-04-10,,,1150687.42,986692.38,86879.52
2000-04-11,,,1117739.02,961027.76,86611.68
2000-04-12,,,1077803.55,915515.13,86343.84
2000-04-13,,,1040649.39,903180.29,86076.0
2000-04-14,,,1002209.6,857081.8,85808.16
2000-04-15,,,1018708.01,862262.22,85540.32
2000-04-16,,,1078730.97,904900.23,85272.48
2000-04-17,,,1038146.14,912324.74,85000.32
2000-04-18,,,997326.02,899623.82,84728.16
2000-04-19,,,962337.11,864056.4,84460.32
2000-04-20,,,978041.56,877669.18,84192.48
2000-04-21,,,956367.4,861229.69,83924.64
2000-04-22,,,957033.0,822120.02,83656.8
2000-04-23,,,937854.0,865093.32,83388.96
2000-04-24,,,905500.6,850283.56,83116.8
2000-04-25,,,934235.74,830528.63,82844.64
2000-04-26,,,957714.42,795045.0,82576.8
2000-04-27,,,955873.67,847241.0,82308.96
2000-04-28,,,916818.41,789619.14,82041.12
2000-04-29,,,878809.08,809016.34,81773.28
2000-04-30,,,863859.52,775877.76,81505.44
2000-05-01,,,833098.05,750853.0,81237.6
2000-05-02,,,797324.56,698580.85,80965.44
2000-05-03,,,778456.84,737748.06,80693.28
2000-05-04,,,784311.19,719008.39,80425.44
2000-05-05,,,782722.5,724859.71,80157.6
2000-05-06,,,812736.1,743426.39,79889.76
2000-05-07,,,826886.98,729479.6,79621.92
2000-05-08,,,781312.98,701283.04,79354.08
2000-05-09,,,772594.02,673612.34,79086.24
2000-05-10,,,699039.03,603419.46,78814.08
2000-05-11,,,809182.94,716475.94,78541.92
2000-05-12,,,700794.34,597623.22,78274.08
2000-05-13,,,777576.87,689673.05,78006.24
2000-05-14,,,671514.23,571233.16,
2000-05-15,,,636485.86,575116.81,
2000-05-16,,,665966.82,525808.32,
2000-05-17,,,753151.5,613230.68,
2000-05-18,,,691815.0,593704.61,
2000-05-19,,,651713.58,571802.9,
2000-05-20,,,693561.2,569835.3,
2000-05-21,,,703270.35,552314.4,
2000-05-22,,,656377.08,515947.72,
2000-05-23,,,647327.9,531192.2,
2000-05-24,,,640024.53,552340.43,
2000-05-25,,,610253.25,517586.41,
2000-05-26,,,588192.21,519990.3,
2000-05-27,,,584352.28,501877.62,
2000-05-28,,,599181.5,497241.4,
2000-05-29,,,569125.86,462943.92,
2000-05-30,,,504405.3,500660.3,
2000-05-31,,,479807.7,451968.36,
2000-06-01,,,429421.03,447136.86,
2000-06-02,,,443888.45,434327.26,
2000-06-03,,,453039.27,427117.4,
2000-06-04,,,440657.95,454854.3,
2000-06-05,,,440479.55,467937.0,
2000-06-06,,,415066.15,413416.5,
2000-06-07,,,384002.44,401998.5,
2000-06-08,,,384385.44,404995.8,
2000-06-09,,,418274.98,419510.85,
2000-06-10,,,430495.61,423126.76,
2000-06-11,,,450852.02,452361.3,
2000-06-12,,,384693.9,407305.8,
2000-06-13,,,361359.26,399618.0,
2000-06-14,,,343410.85,401283.3,
2000-06-15,,,339873.24,412388.1,
2000-06-16,,,311805.95,387747.9,
2000-06-17,,,337381.62,405438.9,
2000-06-18,,,360225.62,415505.1,
2000-06-19,,,318054.2,391634.54,
2000-06-20,,,297771.19,389329.3,
2000-06-21,,,314516.77,394984.89,
2000-06-22,,,303064.34,379963.39,
2000-06-23,,,303586.49,386479.8,
2000-06-24,,,337612.32,402109.14,
2000-06-25,,,365042.38,408211.15,
2000-06-26,,,313043.38,396090.6,
2000-06-27,,,300777.27,401774.7,
2000-06-28,,,313918.82,413158.5,
2000-06-29,,,302481.44,394038.9,
2000-06-30,,,278894.52,381865.2,
2000-07-01,,,300470.16,380213.7,
2000-07-02,,,326363.01,412200.6,
2000-07-03,,,354693.5,385155.0,
2000-07-04,,,388617.81,367301.24,
2000-07-05,,,402874.79,389925.74,
2000-07-06,,,465001.39,415987.51,
2000-07-07,,,440693.48,401411.1,
2000-07-08,,,429453.98,383720.62,
2000-07-09,,,421759.55,408853.39,
2000-07-10,,,383630.27,375125.4,
2000-07-11,,,414989.38,374500.99,
2000-07-12,,,408151.83,363265.92,
2000-07-13,,,393098.94,350959.35,
2000-07-14,,,388716.85,358435.64,
2000-07-15,,,409570.81,372022.58,
2000-07-16,,,401131.86,376242.76,
2000-07-17,,,333385.28,352502.78,
2000-07-18,,,354364.39,372594.9,
2000-07-19,,,374796.78,370991.4,
2000-07-20,,,353412.89,354556.2,
2000-07-21,,,326553.99,342024.6,
2000-07-22,,,327553.57,340309.2,
2000-07-23,,,381954.15,376480.42,
2000-07-24,,,354734.51,359232.36,
2000-07-25,,,355032.78,364547.93,
2000-07-26,,,313677.16,326247.12,
2000-07-27,,,331663.28,342828.09,
2000-07-28,,,318827.19,320355.0,
2000-07-29,,,333469.78,317473.2,
2000-07-30,,,340673.07,361268.7,
2000-07-31,,,304489.56,382594.5,
2000-08-01,,,280896.79,344622.25,
2000-08-02,,,284662.84,356126.4,
2000-08-03,,,307652.31,394181.4,
2000-08-04,,,308658.58,394639.8,
2000-08-05,,,336236.77,407114.4,
2000-08-06,,,342079.27,413346.6,
2000-08-07,,,299445.51,412462.01,
2000-08-08,,,296164.98,423240.63,
2000-08-09,,,297768.29,427336.2,
2000-08-10,,,323987.48,441965.7,
2000-08-11,,,315128.56,423684.6,
2000-08-12,,,334364.24,434347.5,
2000-08-13,,,338834.62,464849.4,
2000-08-14,,,313357.89,451288.48,
2000-08-15,,,288111.46,412243.83,
2000-08-16,,,277934.18,404553.6,
2000-08-17,,,322022.25,439120.2,
2000-08-18,,,327853.34,437710.5,
2000-08-19,,,359279.93,438173.7,
2000-08-20,,,359032.17,438595.5,
2000-08-21,,,294164.72,360491.7,
2000-08-22,,,316295.05,402712.8,
2000-08-23,,,342363.77,405903.9,
2000-08-24,,,330043.13,417554.7,
2000-08-25,,,321693.47,382144.2,
2000-08-26,,,344909.92,402163.5,
2000-08-27,,,384420.66,424785.3,
2000-08-28,,,381011.65,388621.8,
2000-08-29,,,362913.8,376804.5,
2000-08-30,,,334186.8,400371.0,
2000-08-31,,,326261.31,421622.7,
2000-09-01,,,362426.2,435307.08,
2000-09-02,,,377809.46,436908.65,
2000-09-03,,,369462.24,432921.2,
2000-09-04,,,328205.54,400285.08,
2000-09-05,,,308227.46,401442.79,
2000-09-06,,,332188.4,417005.12,
2000-09-07,,,305754.26,385773.3,
2000-09-08,,,332329.04,392361.0,
2000-09-09,,,346093.31,397409.4,
2000-09-10,,,366570.16,403361.2,
2000-09-11,,,335682.07,373394.93,
2000-09-12,,,342601.05,398768.24,
2000-09-13,,,400313.65,459585.9,
2000-09-14,,,366750.42,392167.06,
2000-09-15,,,351334.96,397892.78,
2000-09-16,,,371258.99,410086.56,
2000-09-17,,,374728.38,425053.47,
2000-09-18,,,377212.87,407935.81,
2000-09-19,,,414059.05,402763.5,
2000-09-20,,,414720.79,367864.5,
2000-09-21,,,380472.23,393213.6,
2000-09-22,,,441793.96,387771.3,
2000-09-23,,,398894.83,365053.5,
2000-09-24,,,409400.14,401992.5,
2000-09-25,,,445789.07,413744.7,
2000-09-26,,,468147.05,389464.5,
2000-09-27,,,435680.45,380490.6,
2000-09-28,,,457414.82,413878.2,
2000-09-29,,,479666.48,428627.7,
2000-09-30,,,464432.01,413743.5,
2000-10-01,,,519236.78,416468.7,
2000-10-02,,,522843.76,472584.6,
2000-10-03,,,491715.0,378086.75,
2000-10-04,,,441327.24,401341.38,
2000-10-05,,,435488.3,408538.0,
2000-10-06,,,479612.98,371973.84,
2000-10-07,,,463496.79,401436.9,
2000-10-08,,,447523.79,414517.2,
2000-10-09,,,432577.71,419066.1,
2000-10-10,,,444788.81,517924.11,
2000-10-11,,,435623.32,435067.84,
2000-10-12,,,435976.34,432844.25,
2000-10-13,,,426214.67,406292.97,
2000-10-14,,,408494.53,383057.84,
2000-10-15,,,498488.11,501281.45,
2000-10-16,,,461867.87,439082.49,
2000-10-17,,,454267.2,437216.99,
2000-10-18,,,445583.99,428431.05,
2000-10-19,,,433170.89,411016.68,
2000-10-20,,,433565.95,398991.48,
2000-10-21,,,434947.99,417355.86,
2000-10-22,,,418461.44,410937.96,
2000-10-23,,,507296.98,461212.03,
2000-10-24,,,590050.13,511614.71,
2000-10-25,,,614198.03,499221.61,
2000-10-26,,,594814.7,493814.37,
2000-10-27,,,585932.89,454215.81,
2000-10-28,,,573783.1,505306.97,
2000-10-29,,,572564.0,566230.9,
2000-10-30,,,568382.54,511683.24,
2000-10-31,,,565758.68,569432.26,
2000-11-01,,,532954.81,530386.09,
2000-11-02,,,480284.01,489051.65,
2000-11-03,,,473900.43,477420.39,
2000-11-04,,,478322.18,480286.91,
2000-11-05,,,468052.04,466247.41,
2000-11-06,,,456143.0,464838.88,
2000-11-07,,,453292.71,456192.48,
2000-11-08,,,454419.85,458485.6,
2000-11-09,,,442418.54,442017.71,
2000-11-10,,,464044.18,446670.59,
2000-11-11,,,476030.41,443665.54,
2000-11-12,,,484005.44,448598.55,
2000-11-13,,,458218.48,422655.82,
2000-11-14,,,452674.36,413731.01,
2000-11-15,,,436825.94,435818.36,
2000-11-16,,,458099.51,448172.91,
2000-11-17,,,460452.67,453091.08,
2000-11-18,,,446154.27,432028.76,
2000-11-19,,,470334.44,430979.13,
2000-11-20,,,462756.6,419040.43,
2000-11-21,,,457043.3,448990.91,
2000-11-22,,,467541.41,447917.08,
2000-11-23,,,467267.3,441030.18,
2000-11-24,,,526865.33,441358.31,
2000-11-25,,,437661.37,367779.28,
2000-11-26,,,468253.01,330156.19,
2000-11-27,,,499802.18,362553.99,
2000-11-28,,,475748.62,336087.79,
2000-11-29,,,480618.36,263663.81,
2000-11-30,,,524114.79,262202.4,
2000-12-01,,,647871.8,266928.48,
2000-12-02,,,617762.75,271658.88,
2000-12-03,,,590452.57,276389.28,
2000-12-04,,,540806.83,281119.68,
2000-12-05,,,544879.13,285850.08,
2000-12-06,,,553848.8,290576.16,
2000-12-07,,,536438.18,295306.56,
2000-12-08,,,552924.23,300036.96,
2000-12-09,,,537099.65,304763.04,
2000-12-10,,,538114.98,309493.44,
2000-12-11,,,514806.83,314223.84,
2000-12-12,,,547390.73,318949.92,
2000-12-13,,,625745.53,323680.32,
2000-12-14,,,592950.76,328410.72,
2000-12-15,,,589989.29,333141.12,
2000-12-16,,,587574.52,337871.52,
2000-12-17,,,597149.08,342597.6,
2000-12-18,,,606376.28,344278.08,
2000-12-19,,,615365.98,431127.21,
2000-12-20,,,685511.84,545701.8,
2000-12-21,,,729810.58,563157.6,
2000-12-22,,,745436.41,575328.6,
2000-12-23,,,715598.49,532617.6,
2000-12-24,,,736672.09,601574.4,
2000-12-25,,,847276.59,651994.8,
2000-12-26,,,814988.57,680680.01,
2000-12-27,,,782258.47,609102.61,
2000-12-28,,,817327.47,635690.4,
2000-12-29,,,772481.37,594410.4,
2000-12-30,,,755062.85,600531.23,
2000-12-31,,,735603.15,562058.7,
2001-01-01,,,731795.78,560654.34,
2001-01-02,,,741781.9,552613.99,
2001-01-03,,,761765.45,555892.19,
2001-01-04,,,744626.18,550738.77,
2001-01-05,,,740701.01,543922.23,
2001-01-06,,,715444.24,518964.62,
2001-01-07,,,773036.4,570138.82,
2001-01-08,,,676992.0,500757.67,
2001-01-09,,,668295.0,512394.11,
2001-01-10,,,681238.5,504498.58,
2001-01-11,,,687907.92,496283.02,
2001-01-12,,,686227.23,488360.2,
2001-01-13,,,677734.05,490410.58,
2001-01-14,,,726817.57,537013.57,
2001-01-15,,,621438.08,366232.36,
2001-01-16,,,674972.2,561077.89,
2001-01-17,,,632087.85,473479.74,
2001-01-18,,,672015.6,524133.3,
2001-01-19,,,627535.13,482408.78,
2001-01-20,,,619512.28,457583.61,
2001-01-21,,,622123.2,472366.45,
2001-01-22,,,558668.5,465774.26,
2001-01-23,,,550050.94,450722.73,
2001-01-24,,,616007.1,516391.6,
2001-01-25,,,1230316.39,1014148.03,
2001-01-26,,,934711.56,767545.88,
2001-01-27,,,853047.27,638844.82,
2001-01-28,,,823180.4,584086.89,
2001-01-29,,,809491.04,633249.92,
2001-01-30,,,790145.78,627837.66,
2001-01-31,,,752336.42,693610.11,
2001-02-01,,,742224.33,635581.15,
2001-02-02,,,692992.55,646907.92,
2001-02-03,,,693140.7,602549.54,
2001-02-04,,,894483.3,709396.36,
2001-02-05,,,1068905.02,782285.04,
2001-02-06,,,1039899.88,809178.77,
2001-02-07,,,999574.5,768470.99,
2001-02-08,,,1056006.53,831146.67,
2001-02-09,,,952275.87,721102.33,
2001-02-10,,,927929.38,713440.06,
2001-02-11,,,931129.48,711715.76,
2001-02-12,,,910858.31,703114.73,
2001-02-13,,,853896.39,659761.09,
2001-02-14,,,916175.95,706284.23,
2001-02-15,,,1095916.39,897742.2,
2001-02-16,,,1272883.28,1053695.95,
2001-02-17,,,1244243.42,1029423.59,
2001-02-18,,,1280242.34,1011929.82,
2001-02-19,,,1140450.53,930745.85,
2001-02-20,,,1171818.91,970679.54,
2001-02-21,,,2090972.18,1862008.49,
2001-02-22,,,1523948.1,1129512.89,
2001-02-23,,,1652470.26,1059527.52,
2001-02-24,,,1680939.31,1083767.04,
2001-02-25,,,1572193.85,1108010.88,
2001-02-26,,,1472438.87,1132254.72,
2001-02-27,,,1427957.0,1156498.56,
2001-02-28,,,1377187.6,1180742.4,
2001-03-01,,,1312487.56,1204981.92,
2001-03-02,,,1294255.58,1229221.44,
2001-03-03,,,1288060.04,1253465.28,
2001-03-04,,,1253939.54,1264708.8,
2001-03-05,,,1236013.08,1177858.48,
2001-03-06,,,1233213.03,990297.73,
2001-03-07,,,1182642.97,930837.31,
2001-03-08,,,1195567.55,941658.6,
2001-03-09,,,1163975.58,905914.82,
2001-03-10,,,1153099.94,882215.64,
2001-03-11,,,1096285.8,809722.76,
2001-03-12,,,1139839.5,872658.24,
2001-03-13,,,1138004.85,905808.3,
2001-03-14,,,1024018.65,884370.47,
2001-03-15,,,1131892.89,813816.88,
2001-03-16,,,1071323.86,877422.59,
2001-03-17,,,1037540.31,876052.65,
2001-03-18,,,1046864.28,872525.4,
2001-03-19,,,994615.12,770090.04,
2001-03-20,,,917301.82,852356.87,
2001-03-21,,,896098.74,848371.39,
2001-03-22,,,870253.5,706376.25,
2001-03-23,,,951691.5,846968.85,
2001-03-24,,,988407.28,803736.52,
2001-03-25,,,974473.4,810573.17,
2001-03-26,,,916500.73,757232.77,
2001-03-27,,,916325.37,743073.85,
2001-03-28,,,870785.14,703936.5,
2001-03-29,,,879860.07,748382.02,
2001-03-30,,,767751.9,615556.47,
2001-03-31,,,785459.67,622308.96,
2001-04-01,,,836333.24,695192.19,
2001-04-02,,,773101.58,627051.64,
2001-04-03,,,818353.07,649886.43,
2001-04-04,,,729390.66,575029.15,
2001-04-05,,,831846.35,683532.57,
2001-04-06,,,765046.91,608224.8,
2001-04-07,,,777389.75,638900.03,
2001-04-08,,,795534.28,642399.43,
2001-04-09,,,762479.07,615066.89,
2001-04-10,,,736593.42,601539.68,
2001-04-11,,,728279.24,636260.76,
2001-04-12,,,761183.81,645196.83,
2001-04-13,,,706085.71,567910.35,
2001-04-14,,,703013.57,547842.0,
2001-04-15,,,720031.8,604669.77,
2001-04-16,,,721607.64,575344.88,
2001-04-17,,,652989.98,564689.84,
2001-04-18,,,642365.55,532512.68,
2001-04-19,,,610854.14,555306.15,
2001-04-20,,,561257.95,526600.2,
2001-04-21,,,543760.56,514974.6,
2001-04-22,,,532441.5,527711.4,
2001-04-23,,,501477.56,493103.81,
2001-04-24,,,512277.16,514626.76,
2001-04-25,,,505552.19,465004.27,
2001-04-26,,,507783.23,499331.54,
2001-04-27,,,534681.9,497211.05,
2001-04-28,,,471158.84,432366.81,
2001-04-29,,,445334.84,467904.9,
2001-04-30,,,424019.27,421787.1,
2001-05-01,,,441190.82,389379.6,
2001-05-02,,,467722.32,458209.2,
2001-05-03,,,458849.54,438582.3,
2001-05-04,,,458408.63,430092.3,
2001-05-05,,,441676.5,405967.8,
2001-05-06,,,484991.8,435727.2,
2001-05-07,,,404461.43,375773.7,
2001-05-08,,,403630.37,403117.8,
2001-05-09,,,437072.51,432394.2,
2001-05-10,,,451629.02,450539.1,
2001-05-11,,,421150.66,427994.1,
2001-05-12,,,443448.96,431994.0,
2001-05-13,,,456269.76,446706.3,
2001-05-14,,,393072.09,382772.7,
2001-05-15,,,434829.54,446405.1,
2001-05-16,,,382224.21,385710.83,
2001-05-17,,,353073.73,391013.51,
2001-05-18,,,348922.31,393788.4,
2001-05-19,,,365326.62,435230.4,
2001-05-20,,,408148.16,502314.6,
2001-05-21,,,331256.16,424117.85,
2001-05-22,,,298519.68,368101.62,
2001-05-23,,,294898.13,387071.1,
2001-05-24,,,278277.44,366457.0,
2001-05-25,,,293503.5,416762.05,
2001-05-26,,,312338.33,410025.08,
2001-05-27,,,313866.05,412474.2,
2001-05-28,,,276971.37,377670.3,
2001-05-29,,,267753.49,359168.31,
2001-05-30,,,265991.96,387759.83,
2001-05-31,,,270236.24,378419.7,
2001-06-01,,,262346.76,365177.1,
2001-06-02,,,260619.87,335822.4,
2001-06-03,,,288821.78,360716.7,
2001-06-04,,,252071.0,347573.7,
2001-06-05,,,255315.31,356868.3,
2001-06-06,,,255733.42,350973.0,
2001-06-07,,,268331.42,347853.0,
2001-06-08,,,252663.02,337145.07,
2001-06-09,,,262826.27,355481.78,
2001-06-10,,,257187.97,381416.47,
2001-06-11,,,235356.13,345768.15,
2001-06-12,,,227265.24,317065.12,
2001-06-13,,,220788.8,309901.68,
2001-06-14,,,213095.23,314097.6,
2001-06-15,,,211780.79,293225.1,
2001-06-16,,,215750.89,307383.9,
2001-06-17,,,223822.03,306411.0,
2001-06-18,,,218587.22,309150.3,
2001-06-19,,,217329.05,315098.1,
2001-06-20,,,220435.8,306804.3,
2001-06-21,,,218091.79,292010.7,
2001-06-22,,,224821.94,287456.7,
2001-06-23,,,239418.65,304865.4,
2001-06-24,,,254516.77,298779.6,
2001-06-25,,,235753.56,306638.7,
2001-06-26,,,232831.73,297806.7,
2001-06-27,,,231956.15,295931.78,
2001-06-28,,,237185.98,308575.28,
2001-06-29,,,223449.19,283227.3,
2001-06-30,,,214008.67,270823.41,
2001-07-01,,,214429.3,255215.84,
2001-07-02,,,210344.64,251315.38,
2001-07-03,,,213371.44,268542.0,
2001-07-04,,,226270.53,269264.1,
2001-07-05,,,212675.64,265653.9,
2001-07-06,,,204912.02,252706.62,
2001-07-07,,,219944.88,274845.6,
2001-07-08,,,238617.78,298210.11,
2001-07-09,,,213475.64,285172.8,
2001-07-10,,,205789.24,287533.2,
2001-07-11,,,209254.99,275096.42,
2001-07-12,,,206827.26,291503.61,
2001-07-13,,,203481.12,286293.84,
2001-07-14,,,207449.1,287989.58,
2001-07-15,,,221996.25,286357.5,
2001-07-16,,,208176.6,288720.3,
2001-07-17,,,199349.8,288144.0,
2001-07-18,,,197530.44,282960.0,
2001-07-19,,,195790.52,280368.0,
2001-07-20,,,193778.55,287712.0,
2001-07-21,,,195380.57,291168.0,
2001-07-22,,,223049.95,301104.0,
2001-07-23,,,200016.47,308016.0,
2001-07-24,,,203505.27,302400.0,
2001-07-25,,,203488.11,292896.0,
2001-07-26,,,204365.68,277633.44,
2001-07-27,,,203634.5,293445.12,
2001-07-28,,,199182.36,289254.47,
2001-07-29,,,195984.95,308964.47,
2001-07-30,,,196021.96,317232.38,
2001-07-31,,,188864.4,301655.28,
2001-08-01,,,184654.79,305045.96,
2001-08-02,,,185938.92,319765.98,
2001-08-03,,,192025.16,329649.58,
2001-08-04,,,200455.97,339714.86,
2001-08-05,,,225825.03,373626.84,
2001-08-06,,,208841.21,375559.8,
2001-08-07,,,201487.04,329497.08,
2001-08-08,,,200568.62,328051.83,
2001-08-09,,,113168.99,382333.55,
2001-08-10,,,163324.07,138803.09,
2001-08-11,,,167318.6,127167.81,
2001-08-12,,,246072.43,137438.34,
2001-08-13,,,290002.61,136408.94,
2001-08-14,,,295244.54,139351.65,
2001-08-15,,,284558.15,142811.1,
2001-08-16,,,243922.76,142656.0,
2001-08-17,,,265742.27,137193.99,
2001-08-18,,,299152.19,164982.9,
2001-08-19,,,299264.48,178274.4,
2001-08-20,,,296885.03,195108.6,
2001-08-21,,,295402.11,190502.05,
2001-08-22,,,295659.2,195327.74,
2001-08-23,,,282764.21,197969.31,
2001-08-24,,,291552.39,204468.67,
2001-08-25,,,267889.71,186547.44,
2001-08-26,,,261841.75,200857.65,
2001-08-27,,,235645.0,188916.32,
2001-08-28,,,221829.0,184991.85,
2001-08-29,,,215327.7,190498.26,
2001-08-30,,,226449.11,190393.37,
2001-08-31,,,260340.54,213181.28,
2001-09-01,,,294336.3,522211.19,
2001-09-02,,,306514.43,481999.5,
2001-09-03,,,293632.03,411428.53,
2001-09-04,,,293466.12,420475.78,
2001-09-05,,,272857.34,408670.2,
2001-09-06,,,293051.42,418450.26,
2001-09-07,,,304316.92,360590.52,
2001-09-08,,,304572.28,385891.5,
2001-09-09,,,304671.76,405432.48,
2001-09-10,,,294891.32,399478.85,
2001-09-11,,,301826.61,383418.21,
2001-09-12,,,301410.05,393342.3,
2001-09-13,,,309284.49,387570.35,
2001-09-14,,,307048.48,371384.46,
2001-09-15,,,307605.61,373683.78,
2001-09-16,,,313440.1,398689.95,
2001-09-17,,,314359.25,376995.0,
2001-09-18,,,313080.02,391851.98,
2001-09-19,,,319534.9,415813.1,
2001-09-20,,,327707.92,443981.55,
2001-09-21,,,325808.58,404921.25,
2001-09-22,,,310457.21,366067.5,
2001-09-23,,,307017.48,352944.0,
2001-09-24,,,297696.38,386208.0,
2001-09-25,,,297617.55,379728.0,
2001-09-26,,,304522.63,372816.0,
2001-09-27,,,304022.45,386208.0,
2001-09-28,,,303656.72,387504.0,
2001-09-29,,,305728.55,361152.0,
2001-09-30,,,308602.78,407825.82,
2001-10-01,,,308282.47,515350.34,
2001-10-02,,,309534.0,521515.54,
2001-10-03,,,302102.12,514004.0,
2001-10-04,,,308852.85,505631.94,
2001-10-05,,,314066.04,448521.0,
2001-10-06,,,302582.44,437912.66,
2001-10-07,,,305477.32,526589.68,
2001-10-08,,,324772.88,462541.97,
2001-10-09,,,321327.35,442266.68,
2001-10-10,,,321382.78,522094.2,
2001-10-11,,,322539.68,509768.1,
2001-10-12,,,320569.7,439224.6,
2001-10-13,,,314549.87,440724.9,
2001-10-14,,,310763.22,503741.12,
2001-10-15,,,319811.17,465712.42,
2001-10-16,,,318157.91,449425.06,
2001-10-17,,,316777.93,372834.48,
2001-10-18,,,311250.17,461908.2,
2001-10-19,,,317825.11,405978.9,
2001-10-20,,,309602.41,402484.62,
2001-10-21,,,317076.03,547130.71,
2001-10-22,,,321638.25,466896.77,
2001-10-23,,,314866.16,456633.46,
2001-10-24,,,314767.06,442412.04,
2001-10-25,,,318588.0,468935.24,
2001-10-26,,,316772.86,412241.78,
2001-10-27,,,302751.7,365683.38,
2001-10-28,,,317476.29,476791.32,
2001-10-29,,,313061.1,531459.0,
2001-10-30,,,321719.26,423860.7,
2001-10-31,,,320368.29,352986.18,
2001-11-01,,,330862.59,356000.93,
2001-11-02,,,336682.22,347328.0,
2001-11-03,,,338327.26,351330.89,
2001-11-04,,,340035.71,322709.91,
2001-11-05,,,337392.0,287213.28,
2001-11-06,,,337392.0,287712.0,
2001-11-07,,,337406.58,287712.0,
2001-11-08,,,336538.87,282992.4,
2001-11-09,,,326841.41,268601.36,
2001-11-10,,,328763.18,286860.96,
2001-11-11,,,335295.23,280929.3,
2001-11-12,,,341296.12,320068.88,
2001-11-13,,,339545.49,289108.85,
2001-11-14,,,318276.46,274594.68,
2001-11-15,,,328112.11,286434.32,
2001-11-16,,,324593.57,285753.05,
2001-11-17,,,333060.32,300307.58,
2001-11-18,,,330248.79,290759.85,
2001-11-19,,,327136.32,257822.67,
2001-11-20,,,319411.01,253745.57,
2001-11-21,,,320425.64,257670.23,
2001-11-22,,,335286.74,317750.87,
2001-11-23,,,338055.0,267386.75,
2001-11-24,,,343699.35,330796.25,
2001-11-25,,,350449.52,338255.84,
2001-11-26,,,341781.38,307332.91,
2001-11-27,,,335029.63,296600.19,
2001-11-28,,,332359.4,295402.49,
2001-11-29,,,333026.21,302795.27,
2001-11-30,,,333919.69,318456.77,
2001-12-01,,,349531.68,343987.55,
2001-12-02,,,362348.76,323443.01,
2001-12-03,,,358205.68,331000.97,
2001-12-04,,,510501.76,401046.44,
2001-12-05,,,784727.51,466827.48,
2001-12-06,,,799748.63,479139.36,
2001-12-07,,,741491.04,382658.81,
2001-12-08,,,716790.68,472877.61,
2001-12-09,,,631819.03,471829.92,
2001-12-10,,,641917.48,442388.9,
2001-12-11,,,639454.96,439142.47,
2001-12-12,,,600320.9,387887.91,
2001-12-13,,,568194.25,426537.1,
2001-12-14,,,571240.51,383631.57,
2001-12-15,,,640975.34,476747.7,
2001-12-16,,,661361.38,513877.68,
2001-12-17,,,668587.11,504817.92,
2001-12-18,,,650856.05,475742.95,
2001-12-19,,,664636.2,504677.52,
2001-12-20,,,784555.91,623422.27,
2001-12-21,,,782587.09,562554.92,
2001-12-22,,,708234.85,514695.95,
2001-12-23,,,732773.38,569722.84,
2001-12-24,,,663129.95,473213.21,
2001-12-25,,,677925.84,485531.99,
2001-12-26,,,651316.57,472100.87,
2001-12-27,,,681800.26,487892.01,
2001-12-28,,,664899.29,461125.92,
2001-12-29,,,613839.3,389617.78,
2001-12-30,,,669111.3,538080.02,
2001-12-31,,,643114.2,446306.7,
2002-01-01,,,650115.6,451578.22,
2002-01-02,,,644432.14,471008.51,
2002-01-03,,,705215.76,530487.42,
2002-01-04,,,672144.0,474514.89,
2002-01-05,,,611798.68,450900.52,
2002-01-06,,,694772.33,569471.69,
2002-01-07,,,1833249.01,1766622.46,
2002-01-08,,,2297594.64,1493818.48,
2002-01-09,,,1716186.95,1497257.39,
2002-01-10,,,2609493.7,1547412.02,
2002-01-11,,,1382422.85,907811.17,
2002-01-12,,,1098363.68,715090.58,
2002-01-13,,,1071533.45,784954.68,
2002-01-14,,,1016255.35,740225.49,
2002-01-15,,,931734.0,660701.98,
2002-01-16,,,882299.4,656399.46,
2002-01-17,,,892030.31,647001.0,
2002-01-18,,,776842.8,676468.8,
2002-01-19,,,839459.26,707610.96,
2002-01-20,,,904635.55,691278.84,
2002-01-21,,,1276993.52,1073574.98,
2002-01-22,,,1327551.17,1094748.0,
2002-01-23,,,1813865.08,1586380.46,
2002-01-24,,,1448050.35,1263134.72,
2002-01-25,,,1266121.99,1055406.67,
2002-01-26,,,1128801.88,962494.23,
2002-01-27,,,1146597.81,992024.74,
2002-01-28,,,1110007.8,955226.34,
2002-01-29,,,1182549.03,1030531.13,
2002-01-30,,,1141253.28,916835.45,
2002-01-31,,,1126270.76,1020155.79,
2002-02-01,,,1072704.48,937969.42,
2002-02-02,,,1052276.02,1025249.2,
2002-02-03,,,1067310.55,1003460.18,
2002-02-04,,,1007946.07,953780.48,
2002-02-05,,,984530.52,966089.74,
2002-02-06,,,1006637.4,975783.62,
2002-02-07,,,970876.2,887518.98,
2002-02-08,,,1015005.12,898963.67,
2002-02-09,,,931930.74,855482.33,
2002-02-10,,,1004655.72,903925.9,
2002-02-11,,,1040463.82,916783.1,
2002-02-12,,,1746248.87,1711312.41,
2002-02-13,,,2244881.02,1986425.77,
2002-02-14,,,1725441.36,1510232.65,
2002-02-15,,,1514657.17,1356176.62,
2002-02-16,,,1417534.85,1291157.23,
2002-02-17,,,1368179.14,1236871.98,
2002-02-18,,,1354398.01,1202424.53,
2002-02-19,,,1324401.47,1179346.09,
2002-02-20,,,1281335.77,1156898.7,
2002-02-21,,,1256386.55,1136061.6,
2002-02-22,,,1226734.6,1105705.07,
2002-02-23,,,1218282.79,1080514.32,
2002-02-24,,,1235557.5,1083396.47,
2002-02-25,,,1369100.77,1125796.61,
2002-02-26,,,1933896.86,1883781.5,
2002-02-27,,,1737644.98,1614746.48,
2002-02-28,,,1558459.28,1395761.01,
2002-03-01,,,1468035.55,1311239.35,
2002-03-02,,,1446829.9,1303447.44,
2002-03-03,,,1426423.28,1247565.62,
2002-03-04,,,1378068.8,1264422.17,
2002-03-05,,,1297983.51,1201327.63,
2002-03-06,,,1240877.25,1141961.41,
2002-03-07,,,1243082.07,1129298.64,
2002-03-08,,,1117044.99,1032515.45,
2002-03-09,,,1148942.7,929819.75,
2002-03-10,,,1140089.77,990351.36,
2002-03-11,,,1039466.11,995938.85,
2002-03-12,,,1022950.8,942318.01,
2002-03-13,,,1030358.4,845883.46,
2002-03-14,,,1042621.8,924490.8,
2002-03-15,,,1012650.0,946274.24,
2002-03-16,,,1060797.66,872175.4,
2002-03-17,,,1045758.21,942025.44,
2002-03-18,,,1073727.33,914954.4,
2002-03-19,,,1037435.64,835755.6,
2002-03-20,,,1036295.11,912893.48,
2002-03-21,,,1200347.54,884860.25,
2002-03-22,,,1583908.99,1290346.9,
2002-03-23,,,1413096.52,1170152.81,
2002-03-24,,,1366476.26,964118.41,
2002-03-25,,,1303616.4,1091597.58,
2002-03-26,,,1339867.05,1165182.81,
2002-03-27,,,1443547.39,1128204.24,
2002-03-28,,,1987516.43,2003182.12,
2002-03-29,,,2796777.08,2772659.5,
2002-03-30,,,2885855.54,2972987.91,
2002-03-31,,,2338306.96,2592607.65,
2002-04-01,,,2224423.09,2343799.36,
2002-04-02,,,2174671.51,2067822.05,
2002-04-03,,,3001329.04,3071299.61,
2002-04-04,,,3010416.11,2685809.54,
2002-04-05,,,2832324.97,2509483.37,
2002-04-06,,,2652665.44,2427800.02,
2002-04-07,,,2570424.23,2218264.23,
2002-04-08,,,2483155.92,2170591.75,
2002-04-09,,,2403874.29,2115278.81,
2002-04-10,,,2309474.49,1974778.54,
2002-04-11,,,2172905.51,1768547.41,
2002-04-12,,,2094856.42,1740370.96,
2002-04-13,,,2023327.41,1639364.49,
2002-04-14,,,1932923.16,1551438.24,
2002-04-15,,,1898086.38,1618314.31,
2002-04-16,,,1707276.5,1475088.92,
2002-04-17,,,1743922.4,1531991.45,
2002-04-18,,,1754831.88,1559641.79,
2002-04-19,,,1701121.61,1495407.24,
2002-04-20,,,1706445.72,1492755.52,
2002-04-21,,,2401320.28,2287420.7,
2002-04-22,,,2282825.36,1993004.52,
2002-04-23,,,2105715.13,1855271.44,
2002-04-24,,,2013689.61,1814211.84,
2002-04-25,,,1927717.79,1766417.57,
2002-04-26,,,1876676.78,1719186.06,
2002-04-27,,,1793569.32,1631869.59,
2002-04-28,,,1814248.8,1647579.6,
2002-04-29,,,1714380.6,1544657.79,
2002-04-30,,,1667029.8,1530287.45,
2002-05-01,,,1615943.64,1511252.13,
2002-05-02,,,1577025.37,1502979.24,
2002-05-03,,,1542768.58,1453486.27,
2002-05-04,,,1490525.93,1419313.81,
2002-05-05,,,1557989.91,1472772.7,
2002-05-06,,,1455544.25,1428682.64,
2002-05-07,,,1377176.97,1364163.65,
2002-05-08,,,1358005.51,1357106.4,
2002-05-09,,,1363638.18,1350733.8,
2002-05-10,,,1323821.2,1330567.46,
2002-05-11,,,1314131.6,1298031.48,
2002-05-12,,,1301756.51,1329083.52,
2002-05-13,,,1229865.35,1282337.46,
2002-05-14,,,1170661.85,1240611.3,
2002-05-15,,,1202526.27,1264806.1,
2002-05-16,,,1204760.04,1257723.64,
2002-05-17,,,1153904.19,1192981.17,
2002-05-18,,,1209145.3,1224210.13,
2002-05-19,,,1199196.54,1234785.24,
2002-05-20,,,1120183.05,1185704.65,
2002-05-21,,,1077493.88,1141102.76,
2002-05-22,,,988275.83,1100700.56,
2002-05-23,,,1054011.07,1121665.0,
2002-05-24,,,1031817.01,1126812.61,
2002-05-25,,,1060673.84,1107186.43,
2002-05-26,,,1022283.72,1051894.7,
2002-05-27,,,974497.01,1090052.87,
2002-05-28,,,899613.17,987353.48,
2002-05-29,,,891193.62,1018123.91,
2002-05-30,,,905296.41,1017724.32,
2002-05-31,,,887394.69,984434.55,
2002-06-01,,,913082.25,1038494.25,
2002-06-02,,,946467.42,982033.8,
2002-06-03,,,836953.84,953617.5,
2002-06-04,,,835122.08,942174.89,
2002-06-05,,,803890.67,928419.22,
2002-06-06,,,783322.54,919919.1,
2002-06-07,,,756096.07,911555.7,
2002-06-08,,,775764.61,870867.72,
2002-06-09,,,711400.65,835084.83,
2002-06-10,,,694961.14,837587.16,
2002-06-11,,,681940.15,778654.05,
2002-06-12,,,647518.52,801685.98,
2002-06-13,,,699874.22,830519.34,
2002-06-14,,,695024.94,792330.9,
2002-06-15,,,719019.93,836107.8,
2002-06-16,,,739438.88,799058.7,
2002-06-17,,,682609.41,785397.9,
2002-06-18,,,676218.31,791017.8,
2002-06-19,,,661264.13,755341.5,
2002-06-20,,,687268.31,785800.8,
2002-06-21,,,622128.52,710217.95,
2002-06-22,,,763265.39,823322.89,
2002-06-23,,,733368.59,775893.89,
2002-06-24,,,673104.68,743789.12,
2002-06-25,,,648388.93,737357.24,
2002-06-26,,,625185.98,713470.35,
2002-06-27,,,607604.26,720171.57,
2002-06-28,,,610149.46,705078.0,
2002-06-29,,,640897.12,743832.3,
2002-06-30,,,694452.27,760629.6,
2002-07-01,,,650566.13,692007.6,
2002-07-02,,,588330.82,652679.27,
2002-07-03,,,566003.14,706534.14,
2002-07-04,,,581033.61,677639.39,
2002-07-05,,,575569.62,680894.4,
2002-07-06,,,655650.11,705205.84,
2002-07-07,,,641140.34,686803.82,
2002-07-08,,,581692.1,687647.1,
2002-07-09,,,579605.84,679358.96,
2002-07-10,,,574327.47,692297.78,
2002-07-11,,,551030.42,685086.84,
2002-07-12,,,552048.23,690669.57,
2002-07-13,,,569445.38,686128.75,
2002-07-14,,,585296.11,683920.25,
2002-07-15,,,573522.38,688910.46,
2002-07-16,,,585826.19,697671.6,
2002-07-17,,,526112.74,630445.31,
2002-07-18,,,507751.83,682245.49,
2002-07-19,,,523912.5,633608.69,
2002-07-20,,,522822.04,686586.14,
2002-07-21,,,580978.98,671126.4,
2002-07-22,,,536389.17,672885.3,
2002-07-23,,,542067.35,628952.44,
2002-07-24,,,504534.37,631925.93,
2002-07-25,,,509808.94,642873.25,
2002-07-26,,,507251.04,613587.67,
2002-07-27,,,518122.25,634056.8,
2002-07-28,,,548098.03,663278.43,
2002-07-29,,,497189.31,613387.43,
2002-07-30,,,451619.11,601378.62,
2002-07-31,,,407725.99,553576.67,
2002-08-01,,,415852.64,553361.27,
2002-08-02,,,420222.92,528292.8,
2002-08-03,,,431529.25,592934.55,
2002-08-04,,,422696.84,518482.05,
2002-08-05,,,454046.71,572675.12,
2002-08-06,,,462595.13,531153.28,
2002-08-07,,,418943.23,559542.26,
2002-08-08,,,443264.79,523924.85,
2002-08-09,,,433844.7,521697.95,
2002-08-10,,,495220.55,563586.86,
2002-08-11,,,478591.49,534314.01,
2002-08-12,,,432673.8,568613.81,
2002-08-13,,,490305.7,642937.86,
2002-08-14,,,493477.69,616067.4,
2002-08-15,,,482727.84,614145.3,
2002-08-16,,,447234.89,586284.6,
2002-08-17,,,474536.11,599247.6,
2002-08-18,,,516578.39,609505.8,
2002-08-19,,,501577.65,592804.5,
2002-08-20,,,501205.11,609633.0,
2002-08-21,,,514032.02,620325.0,
2002-08-22,,,509372.96,663079.5,
2002-08-23,,,535024.57,657548.04,
2002-08-24,,,531785.84,645898.36,
2002-08-25,,,543718.9,621299.47,
2002-08-26,,,504982.58,622288.71,
2002-08-27,,,532393.73,620991.54,
2002-08-28,,,534652.1,619246.52,
2002-08-29,,,542889.3,636958.15,
2002-08-30,,,557263.79,624351.46,
2002-08-31,,,581946.24,669309.88,
2002-09-01,,,601793.83,666264.73,
2002-09-02,,,549891.36,629374.85,
2002-09-03,,,551240.78,628357.09,
2002-09-04,,,509286.79,629312.42,
2002-09-05,,,508231.56,611566.14,
2002-09-06,,,526698.61,647896.55,
2002-09-07,,,526876.45,634934.34,
2002-09-08,,,548692.56,630941.59,
2002-09-09,,,536459.43,636717.7,
2002-09-10,,,522476.84,617740.47,
2002-09-11,,,495555.4,623220.02,
2002-09-12,,,483319.8,614646.37,
2002-09-13,,,503509.91,619375.87,
2002-09-14,,,562192.53,633337.5,
2002-09-15,,,513564.15,637559.7,
2002-09-16,,,521644.61,618145.2,
2002-09-17,,,515876.62,644427.39,
2002-09-18,,,444239.03,547646.56,
2002-09-19,,,449655.11,613845.26,
2002-09-20,,,480830.73,635916.7,
2002-09-21,,,517164.5,605332.81,
2002-09-22,,,513294.15,606258.1,
2002-09-23,,,516834.3,647179.95,
2002-09-24,,,525840.15,602989.95,
2002-09-25,,,519377.85,601584.3,
2002-09-26,,,543283.95,661434.3,
2002-09-27,,,533732.55,597324.0,
2002-09-28,,,554828.7,597914.1,
2002-09-29,,,549809.58,612750.24,
2002-09-30,,,499045.43,580763.81,
2002-10-01,,,510828.14,550855.89,
2002-10-02,,,506521.36,558391.03,
2002-10-03,,,612593.72,657323.09,
2002-10-04,,,580458.34,497821.93,
2002-10-05,,,610875.28,673120.61,
2002-10-06,,,650532.0,607632.16,
2002-10-07,,,565504.31,587362.89,
2002-10-08,,,594992.97,598316.7,
2002-10-09,,,598685.47,564623.09,
2002-10-10,,,600218.39,584546.98,
2002-10-11,,,605159.93,581955.3,
2002-10-12,,,606726.0,524070.38,
2002-10-13,,,601519.65,590470.33,
2002-10-14,,,619484.88,591448.04,
2002-10-15,,,632700.08,565709.98,
2002-10-16,,,622457.44,544227.58,
2002-10-17,,,624031.99,574880.45,
2002-10-18,,,636937.75,596558.73,
2002-10-19,,,620139.27,569540.74,
2002-10-20,,,624114.82,585490.48,
2002-10-21,,,625191.48,559821.21,
2002-10-22,,,650911.88,639146.86,
2002-10-23,,,629600.18,607871.73,
2002-10-24,,,587986.12,572061.22,
2002-10-25,,,574602.11,560359.13,
2002-10-26,,,576169.25,514057.5,
2002-10-27,,,580575.57,599181.36,
2002-10-28,,,600974.07,576105.61,
2002-10-29,,,597496.65,549540.27,
2002-10-30,,,585353.67,561794.13,
2002-10-31,,,585282.64,542294.08,
2002-11-01,,,581027.57,539644.13,
2002-11-02,,,636743.86,604931.63,
2002-11-03,,,629852.43,572827.05,
2002-11-04,,,633280.81,551735.02,
2002-11-05,,,649311.62,566087.11,
2002-11-06,,,646925.58,543573.35,
2002-11-07,,,646799.76,574863.59,
2002-11-08,,,642935.24,580811.18,
2002-11-09,,,652757.62,565666.73,
2002-11-10,,,696939.01,595929.93,
2002-11-11,,,644400.69,571938.94,
2002-11-12,,,716228.87,603695.85,
2002-11-13,,,712768.55,609750.58,
2002-11-14,,,742967.11,600311.68,
2002-11-15,,,711319.27,595173.76,
2002-11-16,,,691985.11,607857.31,
2002-11-17,,,674245.72,595062.76,
2002-11-18,,,648465.25,596087.55,
2002-11-19,,,657425.39,581136.96,
2002-11-20,,,638115.65,567531.95,
2002-11-21,,,620202.26,527243.24,
2002-11-22,,,577327.29,510067.15,
2002-11-23,,,605057.85,524761.65,
2002-11-24,,,669434.66,581834.74,
2002-11-25,,,661310.31,584098.81,
2002-11-26,,,604863.9,552691.6,
2002-11-27,,,581589.77,547068.58,
2002-11-28,,,576525.37,539427.15,
2002-11-29,,,579517.0,524938.9,
2002-11-30,,,629702.18,561800.41,
2002-12-01,,,619872.76,546895.44,
2002-12-02,,,562455.71,489607.2,
2002-12-03,,,689725.65,592356.69,
2002-12-04,,,639483.33,561450.25,
2002-12-05,,,573532.45,524738.13,
2002-12-06,,,583778.51,530554.18,
2002-12-07,,,554571.73,509502.63,
2002-12-08,,,554537.43,531805.07,
2002-12-09,,,592287.29,554823.18,
2002-12-10,,,691472.93,636435.56,
2002-12-11,,,924085.03,865424.41,
2002-12-12,,,1102266.8,974147.51,
2002-12-13,,,959314.84,838800.85,
2002-12-14,,,890827.87,807249.07,
2002-12-15,,,847411.93,752375.71,
2002-12-16,,,803827.98,717816.02,
2002-12-17,,,815072.12,751184.82,
2002-12-18,,,917097.17,822587.53,
2002-12-19,,,938155.57,856713.56,
2002-12-20,,,1468466.4866666666,1082874.6800000002,
2002-12-21,,,1998777.4033333333,1309035.8,
2002-12-22,,,2529088.32,1535196.92,
2002-12-23,,,2016560.06,1761358.04,
2002-12-24,,,1784096.36,1595056.7,
2002-12-25,,,2128929.67,1974166.47,
2002-12-26,,,1817062.07,1620174.69,
2002-12-27,,,1665319.48,1468657.35,
2002-12-28,,,1593207.4,1423455.54,
2002-12-29,,,1533348.87,1366097.58,
2002-12-30,,,1497011.69,1329964.05,
2002-12-31,,,1500866.33,1300913.69,
2003-01-01,,,1371954.47,1200636.77,
2003-01-02,,,1427103.57,1237136.92,
2003-01-03,,,1436076.93,1261867.29,
2003-01-04,,,1604322.2,1540273.28,
2003-01-05,,,2295810.81,2061652.7,
2003-01-06,,,1905035.94,1664949.24,
2003-01-07,,,1755977.38,1526791.92,
2003-01-08,,,1671399.06,1465837.37,
2003-01-09,,,1622799.11,1409048.48,
2003-01-10,,,1558523.96,1365435.81,
2003-01-11,,,1499645.11,1302407.47,
2003-01-12,,,1484619.68,1297707.22,
2003-01-13,,,1457804.05,1245289.63,
2003-01-14,,,1433291.03,1212651.45,
2003-01-15,,,1442070.54,1241489.23,
2003-01-16,,,1444296.33,1237625.1,
2003-01-17,,,1355138.42,1154840.58,
2003-01-18,,,1438410.31,1238427.42,
2003-01-19,,,1429761.02,1204738.08,
2003-01-20,,,1435545.3,1220126.68,
2003-01-21,,,1530683.74,1333897.57,
2003-01-22,,,1575949.34,1340593.38,
2003-01-23,,,1488853.56,1289510.89,
2003-01-24,,,1470009.08,1278510.26,
2003-01-25,,,1473512.71,1247274.67,
2003-01-26,,,1467379.65,1277284.65,
2003-01-27,,,1507596.3,1272063.33,
2003-01-28,,,2533791.71,2447275.96,
2003-01-29,,,4332775.3,2976871.99,
2003-01-30,,,4590122.24,3095145.68,
2003-01-31,,,2870833.29,2357935.81,
2003-02-01,,,2497234.49,2081764.07,
2003-02-02,,,2298277.32,1948740.59,
2003-02-03,,,2212688.28,1920016.28,
2003-02-04,,,3075072.9766666666,3158751.2249999996,
2003-02-05,,,3937457.673333334,4397486.17,
2003-02-06,,,4799842.37,3124336.26,
2003-02-07,,,3758362.31,2764607.61,
2003-02-08,,,3504077.04,2722058.27,
2003-02-09,,,3729898.82,3002482.72,
2003-02-10,,,3832907.08,3080628.04,
2003-02-11,,,3591254.71,2877116.42,
2003-02-12,,,3230517.12,2614496.51,
2003-02-13,,,3214349.17,2655529.43,
2003-02-14,,,5887476.41,5228471.96,
2003-02-15,,,6494880.02,4947185.38,
2003-02-16,,,5750637.4,3956219.62,
2003-02-17,,,4362088.81,3388400.22,
2003-02-18,,,3908551.53,3121604.12,
2003-02-19,,,5143061.89,5093848.36,
2003-02-20,,,5565903.68,5044688.93,
2003-02-21,,,5988745.47,4995529.5,
2003-02-22,,,6411587.26,4946370.07,
2003-02-23,,,,4897210.64,
2003-02-24,,,7257270.84,5226264.4,
2003-02-25,,,7118212.6219999995,5077588.006666667,
2003-02-26,,,6979154.404,4928911.613333333,
2003-02-27,,,6840096.186,4780235.22,
2003-02-28,,,,4672181.75,
2003-03-01,,,6561979.75,4181216.75,
2003-03-02,,,5961260.53,3986152.96,
2003-03-03,,,5570325.16,3903304.84,
2003-03-04,,,5711741.35,4225739.74,
2003-03-05,,,5378305.21,3871486.96,
2003-03-06,,,5039150.75,3734310.85,
2003-03-07,,,5377274.81,4055455.71,
2003-03-08,,,4987052.43,3712687.9,
2003-03-09,,,4600849.75,3553719.9,
2003-03-10,,,4327597.63,3410976.13,
2003-03-11,,,4135571.61,3280539.06,
2003-03-12,,,4128351.84,3158032.76,
2003-03-13,,,4048531.31,3161205.38,
2003-03-14,,,3891008.43,3032661.64,
2003-03-15,,,3617045.64,2787332.7,
2003-03-16,,,3639384.99,2897214.55,
2003-03-17,,,3609556.35,2867135.21,
2003-03-18,,,3557013.23,3150300.87,
2003-03-19,,,5718628.27,5999684.79,
2003-03-20,,,5834900.465,4815013.91,
2003-03-21,,,5951172.66,4125713.75,
2003-03-22,,,5811199.03,4354355.17,
2003-03-23,,,5958832.55,4222203.18,
2003-03-24,,,6425580.77,5383458.29,
2003-03-25,,,6450449.71,6193387.93,
2003-03-26,,,6475318.649999999,5858214.755,
2003-03-27,,,6500187.59,5523041.58,
2003-03-28,,,,4702329.45,
2003-03-29,,,6549925.47,4282291.2,
2003-03-30,,,5943195.44,4073368.08,
2003-03-31,,,5506846.62,3856263.2,
2003-04-01,,,5107672.81,3660170.03,
2003-04-02,,,4757293.18,3506261.85,
2003-04-03,,,4519102.92,3405186.9,
2003-04-04,,,4328322.71,3315010.23,
2003-04-05,,,4315456.6,3286539.48,
2003-04-06,,,4272460.63,3259164.84,
2003-04-07,,,4090954.57,3191904.34,
2003-04-08,,,3910109.05,3064016.95,
2003-04-09,,,3848491.57,3041351.59,
2003-04-10,,,3783835.85,3030912.0,
2003-04-11,,,3663459.86,2996482.35,
2003-04-12,,,3575568.1,2898241.28,
2003-04-13,,,3530341.6,2874133.3,
2003-04-14,,,3493380.8,2841303.04,
2003-04-15,,,3452165.32,2824793.79,
2003-04-16,,,3336006.75,2769759.31,
2003-04-17,,,3248043.91,2716019.01,
2003-04-18,,,3248615.96,2705302.22,
2003-04-19,,,3218402.88,2681288.21,
2003-04-20,,,3224343.71,2685437.64,
2003-04-21,,,3208699.93,2686897.22,
2003-04-22,,,3233498.82,2712294.73,
2003-04-23,,,3156234.87,2612722.7,
2003-04-24,,,3112119.11,2626799.42,
2003-04-25,,,3073201.64,2619089.86,
2003-04-26,,,3082194.6,2620179.24,
2003-04-27,,,3217971.33,2726787.59,
2003-04-28,,,3091904.51,2619994.32,
2003-04-29,,,3024858.71,2603440.69,
2003-04-30,,,2946389.64,2536841.74,
2003-05-01,,,2874453.52,2490090.43,
2003-05-02,,,2789997.29,2439918.49,
2003-05-03,,,2785645.92,2398253.99,
2003-05-04,,,2765593.65,2472193.01,
2003-05-05,,,2629640.7,2381455.53,
2003-05-06,,,2530402.13,2374977.63,
2003-05-07,,,2464565.44,2327220.29,
2003-05-08,,,2560273.32,2381972.69,
2003-05-09,,,2408837.15,2232108.32,
2003-05-10,,,2343761.28,2178208.56,
2003-05-11,,,2400538.18,2176471.85,
2003-05-12,,,2303535.6,2108640.41,
2003-05-13,,,2264517.72,2076919.87,
2003-05-14,,,2225785.98,2020337.66,
2003-05-15,,,2206056.95,1997248.62,
2003-05-16,,,2213423.43,1997741.04,
2003-05-17,,,2154294.03,1946924.71,
2003-05-18,,,2241005.88,2040982.42,
2003-05-19,,,2155931.15,1998573.45,
2003-05-20,,,2105156.63,1991412.26,
2003-05-21,,,2076477.99,1976450.14,
2003-05-22,,,2101755.28,1976211.82,
2003-05-23,,,2095746.12,1965934.85,
2003-05-24,,,2041451.08,1891196.18,
2003-05-25,,,2125864.16,1967817.87,
2003-05-26,,,2014896.47,1926351.34,
2003-05-27,,,1979375.53,1877458.34,
2003-05-28,,,1970915.04,1851685.03,
2003-05-29,,,1959635.04,1828362.26,
2003-05-30,,,1936713.77,1821987.22,
2003-05-31,,,1997078.04,1838622.65,
2003-06-01,,,2065563.91,1893427.75,
2003-06-02,,,2010951.54,1868377.66,
2003-06-03,,,1977748.04,1830438.27,
2003-06-04,,,1940089.67,1801384.76,
2003-06-05,,,1890409.81,1786453.86,
2003-06-06,,,1814044.79,1705629.04,
2003-06-07,,,1856536.55,1734344.34,
2003-06-08,,,1924342.34,1768716.07,
2003-06-09,,,1825047.77,1730574.9,
2003-06-10,,,1796983.09,1738267.49,
2003-06-11,,,1810381.03,1706684.34,
2003-06-12,,,1753904.84,1678902.93,
2003-06-13,,,1779003.97,1672004.63,
2003-06-14,,,1785353.66,1685917.99,
2003-06-15,,,1870265.06,1723331.34,
2003-06-16,,,1770920.68,1687519.12,
2003-06-17,,,1728740.57,1632050.52,
2003-06-18,,,1683958.88,1608963.02,
2003-06-19,,,1571220.24,1537106.02,
2003-06-20,,,1606318.25,1587330.08,
2003-06-21,,,1588148.54,1587368.57,
2003-06-22,,,1580732.35,1575765.68,
2003-06-23,,,1512453.63,1508162.71,
2003-06-24,,,1454533.02,1465139.5,
2003-06-25,,,1499984.27,1545288.82,
2003-06-26,,,1441038.06,1503750.61,
2003-06-27,,,1359380.92,1467783.85,
2003-06-28,,,1405545.28,1498880.15,
2003-06-29,,,1436791.82,1514406.29,
2003-06-30,,,1387508.64,1453689.67,
2003-07-01,,,1330626.94,1437285.49,
2003-07-02,,,1318812.21,1468451.62,
2003-07-03,,,1267527.39,1421931.02,
2003-07-04,,,1264489.27,1437470.25,
2003-07-05,,,1325366.04,1455018.89,
2003-07-06,,,1340921.42,1410760.46,
2003-07-07,,,1237817.85,1306311.3,
2003-07-08,,,1267243.71,1363183.55,
2003-07-09,,,1265500.86,1338636.85,
2003-07-10,,,1257457.01,1348042.41,
2003-07-11,,,1288713.56,1308107.52,
2003-07-12,,,1316494.75,1343075.13,
2003-07-13,,,1340345.26,1326800.88,
2003-07-14,,,1314882.81,1299233.79,
2003-07-15,,,1279249.84,1288286.99,
2003-07-16,,,1287561.96,1320831.97,
2003-07-17,,,1192655.69,1279383.26,
2003-07-18,,,1236018.45,1294041.24,
2003-07-19,,,1204822.91,1226342.17,
2003-07-20,,,1269213.52,1304048.27,
2003-07-21,,,1190348.44,1247618.42,
2003-07-22,,,1178954.0,1223988.24,
2003-07-23,,,1131196.35,1221863.91,
2003-07-24,,,1118333.31,1194565.48,
2003-07-25,,,1173644.54,1215864.99,
2003-07-26,,,1168300.71,1143083.88,
2003-07-27,,,1241270.95,1245780.61,
2003-07-28,,,1214418.28,1190016.3,
2003-07-29,,,1186347.17,1226849.35,
2003-07-30,,,1163060.98,1256781.88,
2003-07-31,,,1116821.26,1240374.92,
2003-08-01,,,1097314.99,1235015.88,
2003-08-02,,,1105814.77,1187468.48,
2003-08-03,,,1227517.13,1290951.15,
2003-08-04,,,1069494.97,1161865.97,
2003-08-05,,,1183236.0,1251626.25,
2003-08-06,,,1162559.74,1254660.43,
2003-08-07,,,1130726.81,1247468.28,
2003-08-08,,,1048911.86,1221661.54,
2003-08-09,,,1153006.77,1210596.09,
2003-08-10,,,1151638.68,1197848.35,
2003-08-11,,,1140774.74,1185664.79,
2003-08-12,,,979822.47,1176332.71,
2003-08-13,,,1118568.55,1180416.33,
2003-08-14,,,1041207.5,1167249.08,
2003-08-15,,,862884.86,1148304.51,
2003-08-16,,,1011256.43,1160482.95,
2003-08-17,,,1009982.75,1158266.14,
2003-08-18,,,927607.13,1141530.22,
2003-08-19,,,1093914.45,1141675.88,
2003-08-20,,,1126197.11,1138254.98,
2003-08-21,,,951433.87,1159515.53,
2003-08-22,,,1037757.46,1143958.41,
2003-08-23,,,923851.27,1159360.57,
2003-08-24,,,812148.39,1134582.0,
2003-08-25,,,905564.24,1126308.56,
2003-08-26,,,872417.1,1124533.76,
2003-08-27,,,878142.86,1135010.46,
2003-08-28,,,790830.43,1138544.33,
2003-08-29,,,929265.94,1128608.5,
2003-08-30,,,783204.39,1130995.21,
2003-08-31,,,876596.72,1158011.15,
2003-09-01,,,970215.17,1135429.74,
2003-09-02,,,1037182.83,1120458.58,
2003-09-03,,,1035859.0,1104588.82,
2003-09-04,,,1023541.8,1109639.26,
2003-09-05,,,1034224.82,1110560.94,
2003-09-06,,,1054849.14,1114181.15,
2003-09-07,,,1068996.18,1100956.25,
2003-09-08,,,1042600.61,1094690.02,
2003-09-09,,,1071361.66,1109600.14,
2003-09-10,,,1055019.61,1083156.3,
2003-09-11,,,1036886.16,1072933.03,
2003-09-12,,,1011293.44,1071172.64,
2003-09-13,,,1045909.94,1083145.91,
2003-09-14,,,1036424.91,1067482.85,
2003-09-15,,,1048845.11,1067604.37,
2003-09-16,,,1101410.74,1087006.05,
2003-09-17,,,1077849.28,1100342.43,
2003-09-18,,,1130476.23,1110454.37,
2003-09-19,,,1148971.24,1100177.89,
2003-09-20,,,1186350.76,1111794.78,
2003-09-21,,,1181198.26,1112271.12,
2003-09-22,,,1113746.5,1085934.91,
2003-09-23,,,1105340.41,1074014.71,
2003-09-24,,,1071706.89,1042191.16,
2003-09-25,,,1108487.09,1081747.26,
2003-09-26,,,1102375.33,1073593.28,
2003-09-27,,,1102293.4,1075886.93,
2003-09-28,,,1110768.2,1085448.31,
2003-09-29,,,1116525.44,1061775.25,
2003-09-30,,,1084052.74,1060858.39,
2003-10-01,,,1075818.84,1097029.41,
2003-10-02,,,1101317.67,1152861.91,
2003-10-03,,,1153959.97,1123420.14,
2003-10-04,,,1083100.01,1078598.57,
2003-10-05,,,1070480.64,1061457.34,
2003-10-06,,,1056629.01,1045969.7,
2003-10-07,,,1055412.17,1026697.3,
2003-10-08,,,1040058.95,1018913.82,
2003-10-09,,,1050955.22,1007968.98,
2003-10-10,,,1052313.82,984051.28,
2003-10-11,,,1107416.64,1005718.11,
2003-10-12,,,1116157.49,997265.69,
2003-10-13,,,1102305.88,989550.5,
2003-10-14,,,1089754.99,992536.5,
2003-10-15,,,1099969.62,1000122.4,
2003-10-16,,,1136680.44,1011279.63,
2003-10-17,,,1125548.85,988104.23,
2003-10-18,,,1082124.64,966135.17,
2003-10-19,,,1114688.62,999625.1,
2003-10-20,,,1125598.84,997100.19,
2003-10-21,,,1110490.32,1015885.99,
2003-10-22,,,1109564.4,1025717.25,
2003-10-23,,,1048194.07,1009942.36,
2003-10-24,,,1044244.92,1012954.85,
2003-10-25,,,1066524.48,1025455.95,
2003-10-26,,,1074004.77,1009813.7,
2003-10-27,,,1079971.54,979370.87,
2003-10-28,,,1095597.87,1059745.65,
2003-10-29,,,1136443.7,1053999.05,
2003-10-30,,,1104092.7,1032113.61,
2003-10-31,,,1085116.3,1058051.05,
2003-11-01,,,1112451.98,1058393.8,
2003-11-02,,,1103232.83,1033542.93,
2003-11-03,,,1092002.48,1040546.0,
2003-11-04,,,1088260.52,1053682.3,
2003-11-05,,,1075225.93,1051280.59,
2003-11-06,,,1067261.76,1041814.45,
2003-11-07,,,1073859.12,1033999.28,
2003-11-08,,,1087320.88,1049430.68,
2003-11-09,,,1157545.02,1095417.78,
2003-11-10,,,1200238.13,1114776.58,
2003-11-11,,,1170849.85,1011441.94,
2003-11-12,,,1318817.43,1246148.42,
2003-11-13,,,1206344.76,1107570.83,
2003-11-14,,,1176893.15,1104172.94,
2003-11-15,,,1102304.69,1071852.74,
2003-11-16,,,1165945.15,1104228.99,
2003-11-17,,,1080238.22,1042306.92,
2003-11-18,,,1100072.8,1076352.17,
2003-11-19,,,1091029.95,1074170.33,
2003-11-20,,,1109071.18,1082648.69,
2003-11-21,,,1123255.92,1070184.32,
2003-11-22,,,1065298.67,1003924.69,
2003-11-23,,,1114376.52,1073107.95,
2003-11-24,,,1085361.08,1055825.94,
2003-11-25,,,1111234.48,1047479.88,
2003-11-26,,,1077424.8,1011970.96,
2003-11-27,,,1050123.41,1031589.17,
2003-11-28,,,1089465.33,986223.95,
2003-11-29,,,1088870.94,1007342.42,
2003-11-30,,,1120527.28,1030835.14,
2003-12-01,,,1084782.64,969856.66,
2003-12-02,,,1106070.66,1013271.06,
2003-12-03,,,1100303.29,1019833.11,
2003-12-04,,,1123626.42,1025504.46,
2003-12-05,,,1177684.6,1087782.79,
2003-12-06,,,1197601.07,1083012.57,
2003-12-07,,,1151166.87,1053120.34,
2003-12-08,,,1150762.69,1061350.24,
2003-12-09,,,1109713.91,1040207.49,
2003-12-10,,,1104968.6,1027517.78,
2003-12-11,,,1096640.45,1048697.4,
2003-12-12,,,1106933.61,1042868.2,
2003-12-13,,,1074193.15,1017659.35,
2003-12-14,,,1116575.87,1047668.06,
2003-12-15,,,1077548.78,1009425.05,
2003-12-16,,,1072412.7,1009284.22,
2003-12-17,,,1077512.58,997697.88,
2003-12-18,,,1179058.3,1155404.66,
2003-12-19,,,1379413.59,1317539.38,
2003-12-20,,,1195123.37,1169791.72,
2003-12-21,,,1143316.65,1118657.28,
2003-12-22,,,1080194.78,1092248.66,
2003-12-23,,,1097917.67,1104133.95,
2003-12-24,,,1119048.22,1119798.52,
2003-12-25,,,1122578.83,1098517.43,
2003-12-26,,,1117949.1,1111277.46,
2003-12-27,,,1233221.27,1217971.34,
2003-12-28,,,1412743.86,1352062.12,
2003-12-29,,,1244728.95,1237291.97,
2003-12-30,,,1201904.29,1199274.69,
2003-12-31,,,1195878.09,1170823.44,
2004-01-01,,,1212124.87,1167623.97,
2004-01-02,,,1207882.2,1177760.39,
2004-01-03,,,1186190.45,1172697.74,
2004-01-04,,,1162195.52,1144720.59,
2004-01-05,,,1150370.54,1132202.98,
2004-01-06,,,1151741.7,1151280.16,
2004-01-07,,,1890590.24,1873277.55,
2004-01-08,,,2438520.73,2280075.28,
2004-01-09,,,1966355.1,1921241.3,
2004-01-10,,,2293069.05,2204562.7,
2004-01-11,,,1930051.28,1807177.57,
2004-01-12,,,1789370.2,1648377.64,
2004-01-13,,,1751601.43,1634411.31,
2004-01-14,,,4966067.73,1391547.45,
2004-01-15,,,4166714.13,1454284.8,
2004-01-16,,,2808158.34,1517339.52,
2004-01-17,,,2447035.31,1580389.92,
2004-01-18,,,2249934.69,1945623.08,
2004-01-19,,,2108170.34,1854862.3,
2004-01-20,,,1995874.31,1757236.48,
2004-01-21,,,1907509.72,1685681.93,
2004-01-22,,,1886655.52,1667452.11,
2004-01-23,,,3666492.01,2972710.48,
2004-01-24,,,3845298.7966666664,3532788.745,
2004-01-25,,,4024105.5833333335,4092867.01,
2004-01-26,,,4202912.37,3819843.69,
2004-01-27,,,,3832459.425,
2004-01-28,,,,3845075.16,
2004-01-29,,,4739332.73,3320279.0,
2004-01-30,,,4002909.26,3033636.08,
2004-01-31,,,3602149.77,2836920.21,
2004-02-01,,,4114228.32,3126837.05,
2004-02-02,,,4062688.16,2988787.16,
2004-02-03,,,3657564.65,2833127.37,
2004-02-04,,,3638673.98,2738620.48,
2004-02-05,,,3357450.97,2593148.53,
2004-02-06,,,3163705.28,2430423.43,
2004-02-07,,,3007798.6,2369639.38,
2004-02-08,,,2942356.34,2330037.8,
2004-02-09,,,2895232.91,2293731.65,
2004-02-10,,,2841916.24,2265066.48,
2004-02-11,,,2834714.6,2287562.25,
2004-02-12,,,2830731.28,2254058.95,
2004-02-13,,,2791761.45,2251161.22,
2004-02-14,,,4033539.79,3242663.0,
2004-02-15,,,6108273.47,3840238.27,
2004-02-16,,,6269970.83,4048815.86,
2004-02-17,,,6519939.62,5440345.8,
2004-02-18,,,6769908.41,4389616.65,
2004-02-19,,,6387267.35,4749153.5,
2004-02-20,,,6348503.2,4184683.33,
2004-02-21,,,5171090.68,3836212.08,
2004-02-22,,,6309278.42,4783153.67,
2004-02-23,,,5306191.9,3824467.56,
2004-02-24,,,4657968.67,3539116.01,
2004-02-25,,,4261523.72,3345442.11,
2004-02-26,,,4037345.93,3212240.51,
2004-02-27,,,3797432.38,3083151.94,
2004-02-28,,,3666525.47,2941115.54,
2004-02-29,,,3616687.91,2879462.65,
2004-03-01,,,3512458.88,2828968.43,
2004-03-02,,,3329821.72,2758843.03,
2004-03-03,,,3389779.38,2742385.06,
2004-03-04,,,3218029.69,2683449.21,
2004-03-05,,,3097552.05,2650353.94,
2004-03-06,,,3165590.66,2682863.24,
2004-03-07,,,3104834.27,2642336.64,
2004-03-08,,,3097578.45,2592089.42,
2004-03-09,,,2957016.06,2563150.83,
2004-03-10,,,2840509.34,2509190.89,
2004-03-11,,,2806421.93,2472486.99,
2004-03-12,,,2759856.4,2425052.36,
2004-03-13,,,2670692.12,2305985.75,
2004-03-14,,,2801599.14,2486199.98,
2004-03-15,,,2691345.22,2346492.63,
2004-03-16,,,2645341.14,2328232.23,
2004-03-17,,,2601917.25,2295778.97,
2004-03-18,,,2533251.6,2240049.92,
2004-03-19,,,2544178.54,2236965.83,
2004-03-20,,,2451433.48,2174966.94,
2004-03-21,,,2443577.31,2150923.76,
2004-03-22,,,2390390.54,2120026.22,
2004-03-23,,,2365516.49,2075425.37,
2004-03-24,,,2282649.77,1997701.47,
2004-03-25,,,2295062.09,2021357.38,
2004-03-26,,,2293497.09,2033759.33,
2004-03-27,,,2281321.88,1993291.92,
2004-03-28,,,2305072.01,2010140.71,
2004-03-29,,,2207822.09,1962450.4,
2004-03-30,,,2210837.58,1936231.72,
2004-03-31,,,2197798.53,1934484.48,
2004-04-01,,,2151153.21,1960724.16,
2004-04-02,,,2086477.92,1925098.12,
2004-04-03,,,2127904.25,1934233.0,
2004-04-04,,,2133790.26,1922391.26,
2004-04-05,,,2061518.77,1880626.9,
2004-04-06,,,2000928.39,1813010.0,
2004-04-07,,,2073380.52,1824153.85,
2004-04-08,,,1868039.95,1679251.66,
2004-04-09,,,1899738.39,1702707.93,
2004-04-10,,,1875899.42,1673672.55,
2004-04-11,,,1927220.87,1702037.09,
2004-04-12,,,1842796.02,1650962.61,
2004-04-13,,,1850940.0,1658977.12,
2004-04-14,,,1756278.06,1571226.39,
2004-04-15,,,1744203.68,1558657.55,
2004-04-16,,,1804193.09,1616753.82,
2004-04-17,,,1797681.5,1580331.03,
2004-04-18,,,1819981.93,1593974.4,
2004-04-19,,,1824844.71,1583455.21,
2004-04-20,,,1814315.79,1574187.24,
2004-04-21,,,1745113.32,1551018.72,
2004-04-22,,,1750353.54,1544365.35,
2004-04-23,,,1782789.58,1560798.89,
2004-04-24,,,1759887.7,1522225.75,
2004-04-25,,,1722698.12,1495420.61,
2004-04-26,,,1598953.4,1391877.28,
2004-04-27,,,1642065.9,1415622.04,
2004-04-28,,,1648839.04,1430690.03,
2004-04-29,,,1493026.92,1345871.99,
2004-04-30,,,1612341.85,1465107.12,
2004-05-01,,,1590236.5,1429131.97,
2004-05-02,,,1548285.14,1400666.31,
2004-05-03,,,1519255.9,1397241.07,
2004-05-04,,,1449592.7,1377487.37,
2004-05-05,,,1399701.13,1341025.73,
2004-05-06,,,1391581.97,1305743.15,
2004-05-07,,,1297882.38,1293474.9,
2004-05-08,,,1415678.71,1334883.89,
2004-05-09,,,1377023.13,1274082.97,
2004-05-10,,,1308063.95,1232958.19,
2004-05-11,,,1301620.76,1225986.98,
2004-05-12,,,1317728.56,1226071.16,
2004-05-13,,,1351706.54,1221863.56,
2004-05-14,,,1362430.08,1210714.07,
2004-05-15,,,1381927.96,1217430.99,
2004-05-16,,,1389801.66,1219132.88,
2004-05-17,,,1349693.66,1191490.69,
2004-05-18,,,1311867.35,1186033.08,
2004-05-19,,,1286916.3,1202214.38,
2004-05-20,,,1282628.06,1226651.98,
2004-05-21,,,1300654.59,1261087.06,
2004-05-22,,,1309856.41,1254610.02,
2004-05-23,,,1329534.48,1292109.66,
2004-05-24,,,1229489.26,1200931.73,
2004-05-25,,,1196637.12,1252760.17,
2004-05-26,,,1226250.57,1243995.24,
2004-05-27,,,1255166.94,1252800.84,
2004-05-28,,,1225113.26,1258217.45,
2004-05-29,,,1224700.76,1250603.21,
2004-05-30,,,1233774.77,1209530.26,
2004-05-31,,,1138915.74,1125470.36,
2004-06-01,,,1096787.52,1079697.29,
2004-06-02,,,1124529.75,1108945.81,
2004-06-03,,,1114469.96,1083410.49,
2004-06-04,,,1076970.43,1057762.61,
2004-06-05,,,1106881.86,1073032.64,
2004-06-06,,,1136842.29,1056002.76,
2004-06-07,,,1068113.66,1032532.98,
2004-06-08,,,1052249.61,1012855.29,
2004-06-09,,,1080088.32,1031183.85,
2004-06-10,,,1091048.88,1052065.74,
2004-06-11,,,1090971.25,1047757.62,
2004-06-12,,,1129699.85,1063501.78,
2004-06-13,,,1120499.19,1102233.01,
2004-06-14,,,1069532.64,1074503.94,
2004-06-15,,,1015604.36,1041606.67,
2004-06-16,,,1013504.92,1045970.44,
2004-06-17,,,957178.16,1043710.67,
2004-06-18,,,922413.01,1025017.2,
2004-06-19,,,919049.88,1015681.11,
2004-06-20,,,951502.36,1016961.39,
2004-06-21,,,939339.49,1014553.26,
2004-06-22,,,944501.04,999743.36,
2004-06-23,,,901523.42,980009.73,
2004-06-24,,,916018.8,1001715.43,
2004-06-25,,,950704.74,1009633.47,
2004-06-26,,,948769.25,1013381.57,
2004-06-27,,,950215.84,1004579.35,
2004-06-28,,,896215.12,956227.29,
2004-06-29,,,879699.61,962571.35,
2004-06-30,,,881309.42,950562.22,
2004-07-01,,,877924.79,936611.09,
2004-07-02,,,874885.69,932006.19,
2004-07-03,,,834336.66,900057.98,
2004-07-04,,,890123.34,917340.21,
2004-07-05,,,848263.48,926298.8,
2004-07-06,,,826136.55,921764.9,
2004-07-07,,,807931.88,889910.24,
2004-07-08,,,770241.61,865756.04,
2004-07-09,,,776582.2,866109.66,
2004-07-10,,,815931.19,893222.49,
2004-07-11,,,864471.58,890611.62,
2004-07-12,,,816306.86,858691.53,
2004-07-13,,,793403.66,840141.54,
2004-07-14,,,777299.12,837691.74,
2004-07-15,,,799462.67,837907.92,
2004-07-16,,,778187.43,810720.56,
2004-07-17,,,798270.51,825669.16,
2004-07-18,,,782305.04,808634.79,
2004-07-19,,,761069.24,796127.22,
2004-07-20,,,798255.95,831271.95,
2004-07-21,,,802241.36,818478.0,
2004-07-22,,,841761.45,818612.82,
2004-07-23,,,829026.25,834367.29,
2004-07-24,,,849686.74,847495.19,
2004-07-25,,,837421.99,834250.53,
2004-07-26,,,828374.96,838865.68,
2004-07-27,,,807346.0,829481.13,
2004-07-28,,,825509.09,841443.96,
2004-07-29,,,846354.8,860468.45,
2004-07-30,,,821203.81,840649.5,
2004-07-31,,,822208.66,857357.21,
2004-08-01,,,778974.91,834060.02,
2004-08-02,,,776539.78,815937.53,
2004-08-03,,,831066.94,843777.86,
2004-08-04,,,816273.49,825341.37,
2004-08-05,,,829012.76,838733.17,
2004-08-06,,,837848.19,840828.95,
2004-08-07,,,851940.05,833960.84,
2004-08-08,,,832373.64,816092.7,
2004-08-09,,,810852.51,810707.26,
2004-08-10,,,815741.99,813731.6,
2004-08-11,,,803092.83,797381.01,
2004-08-12,,,809119.2,810618.93,
2004-08-13,,,794805.64,806809.19,
2004-08-14,,,854653.51,832964.43,
2004-08-15,,,852063.18,812624.51,
2004-08-16,,,856249.04,821045.27,
2004-08-17,,,834240.23,803948.57,
2004-08-18,,,803827.62,785735.27,
2004-08-19,,,843838.08,797304.58,
2004-08-20,,,852691.9,800477.22,
2004-08-21,,,864244.89,820365.12,
2004-08-22,,,864277.55,809422.79,
2004-08-23,,,857115.19,838701.22,
2004-08-24,,,891950.73,846097.5,
2004-08-25,,,851699.09,801552.27,
2004-08-26,,,829015.08,778868.91,
2004-08-27,,,843131.63,798216.57,
2004-08-28,,,859862.34,797356.44,
2004-08-29,,,843290.68,783496.98,
2004-08-30,,,827392.08,775697.67,
2004-08-31,,,821878.79,758742.32,
2004-09-01,,,777795.46,763365.91,
2004-09-02,,,764153.86,756488.25,
2004-09-03,,,757087.45,748739.7,
2004-09-04,,,833064.67,817533.54,
2004-09-05,,,805486.07,788937.71,
2004-09-06,,,809090.49,799783.44,
2004-09-07,,,797976.37,805020.95,
2004-09-08,,,757755.33,764636.58,
2004-09-09,,,763709.1,780898.32,
2004-09-10,,,761902.32,763891.31,
2004-09-11,,,795088.68,791592.05,
2004-09-12,,,766589.82,774492.75,
2004-09-13,,,747657.5,765794.52,
2004-09-14,,,789077.9,792221.49,
2004-09-15,,,774885.63,768893.51,
2004-09-16,,,813391.99,810223.96,
2004-09-17,,,844450.95,823954.77,
2004-09-18,,,843955.94,820785.36,
2004-09-19,,,826771.99,787167.56,
2004-09-20,,,844749.13,776605.81,
2004-09-21,,,842771.63,767706.23,
2004-09-22,,,846231.58,783876.64,
2004-09-23,,,888837.19,808920.82,
2004-09-24,,,849710.76,764149.32,
2004-09-25,,,883615.8,778683.62,
2004-09-26,,,874655.68,778279.26,
2004-09-27,,,867139.06,780729.9,
2004-09-28,,,819277.51,760843.62,
2004-09-29,,,802863.9,779376.39,
2004-09-30,,,726851.77,776045.95,
2004-10-01,,,790729.92,808946.74,
2004-10-02,,,781491.95,795221.2,
2004-10-03,,,798032.24,802729.02,
2004-10-04,,,857246.52,779245.59,
2004-10-05,,,877847.68,744231.05,
2004-10-06,,,932068.33,736478.84,
2004-10-07,,,909304.68,742160.54,
2004-10-08,,,984197.62,760604.69,
2004-10-09,,,972550.15,752476.86,
2004-10-10,,,1013709.7,766743.26,
2004-10-11,,,967980.29,682646.93,
2004-10-12,,,1051148.51,736590.83,
2004-10-13,,,1032188.78,749721.1,
2004-10-14,,,965439.81,703605.59,
2004-10-15,,,997740.64,752590.06,
2004-10-16,,,988642.59,734702.74,
2004-10-17,,,1007287.28,762520.06,
2004-10-18,,,1008753.11,810619.08,
2004-10-19,,,1008306.9,784054.09,
2004-10-20,,,1053308.94,824778.27,
2004-10-21,,,991644.62,736782.0,
2004-10-22,,,1008619.68,807613.52,
2004-10-23,,,1072443.45,765510.45,
2004-10-24,,,915254.74,681589.65,
2004-10-25,,,995454.34,782743.13,
2004-10-26,,,1052436.76,794155.61,
2004-10-27,,,974597.77,736902.99,
2004-10-28,,,975194.86,749899.36,
2004-10-29,,,962772.65,754350.81,
2004-10-30,,,943863.66,742482.9,
2004-10-31,,,934985.96,726181.8,
2004-11-01,,,917898.28,719283.65,
2004-11-02,,,924478.65,715767.27,
2004-11-03,,,918623.81,698377.01,
2004-11-04,,,926862.5,697328.37,
2004-11-05,,,928380.45,699920.27,
2004-11-06,,,942544.1,704398.5,
2004-11-07,,,927503.25,679742.78,
2004-11-08,,,921525.03,706424.26,
2004-11-09,,,938734.34,730117.38,
2004-11-10,,,950138.71,726245.73,
2004-11-11,,,924821.07,727599.95,
2004-11-12,,,940010.31,724656.52,
2004-11-13,,,943233.07,724585.86,
2004-11-14,,,926934.38,718009.16,
2004-11-15,,,905239.72,726711.48,
2004-11-16,,,901653.76,713070.07,
2004-11-17,,,995261.55,788131.53,
2004-11-18,,,1050973.21,803166.84,
2004-11-19,,,1025737.18,796650.55,
2004-11-20,,,1018772.34,785170.2,
2004-11-21,,,1015088.69,793705.96,
2004-11-22,,,1176256.59,897645.1,
2004-11-23,,,1212439.64,900868.95,
2004-11-24,,,1125333.17,835753.41,
2004-11-25,,,1099800.93,833326.59,
2004-11-26,,,2120027.18,1148404.73,
2004-11-27,,,1916853.7,1463482.87,
2004-11-28,,,1454126.5,1179347.76,
2004-11-29,,,1353528.67,1108864.63,
2004-11-30,,,1267246.14,1053927.64,
2004-12-01,,,1214464.99,1012515.37,
2004-12-02,,,1181738.86,991657.81,
2004-12-03,,,1237460.72,976234.96,
2004-12-04,,,1152526.02,965798.04,
2004-12-05,,,1141373.04,970721.46,
2004-12-06,,,1211184.51,945486.29,
2004-12-07,,,1158813.51,946755.24,
2004-12-08,,,1219681.87,1039842.76,
2004-12-09,,,1140679.79,966908.87,
2004-12-10,,,1139359.77,955080.99,
2004-12-11,,,1141917.14,953416.42,
2004-12-12,,,1132059.75,915603.64,
2004-12-13,,,1116656.76,887750.77,
2004-12-14,,,1095706.58,924247.18,
2004-12-15,,,1106380.14,904918.69,
2004-12-16,,,1074054.86,894612.48,
2004-12-17,,,1059044.79,892447.56,
2004-12-18,,,1049522.58,874420.21,
2004-12-19,,,996638.88,797655.57,
2004-12-20,,,1016764.19,840665.21,
2004-12-21,,,1037578.69,864205.67,
2004-12-22,,,1045068.87,854228.62,
2004-12-23,,,1117707.87,862628.73,
2004-12-24,,,1055001.69,872539.23,
2004-12-25,,,1085196.16,895968.0,
2004-12-26,,,1101058.57,895968.0,
2004-12-27,,,1060874.31,886478.24,
2004-12-28,,,1025463.15,864000.0,
2004-12-29,,,1038458.94,934834.79,
2004-12-30,,,1095562.38,917927.47,
2004-12-31,,,1033009.07,878562.69,
2005-01-01,,,1034902.17,834920.83,
2005-01-02,,,1028782.27,855964.4,
2005-01-03,,,1002362.63,863705.75,
2005-01-04,,,1163577.9,974735.69,
2005-01-05,,,1581436.26,1513829.3,
2005-01-06,,,1880898.2,1531507.27,
2005-01-07,,,1470404.74,1264960.54,
2005-01-08,,,1362525.97,1174518.22,
2005-01-09,,,1249231.52,1068000.09,
2005-01-10,,,1275291.42,1128075.28,
2005-01-11,,,1285500.71,1086059.97,
2005-01-12,,,1224624.87,1073719.21,
2005-01-13,,,1250198.59,1079161.41,
2005-01-14,,,1218665.44,1060207.94,
2005-01-15,,,1206145.26,1052777.99,
2005-01-16,,,1181073.89,1058701.86,
2005-01-17,,,1171104.7,1051257.4,
2005-01-18,,,1193895.2,1091133.2,
2005-01-19,,,1644799.08,1531919.36,
2005-01-20,,,1796693.2,1501704.88,
2005-01-21,,,1390254.38,1271741.81,
2005-01-22,,,1335690.16,1226229.57,
2005-01-23,,,1507788.71,1584259.45,
2005-01-24,,,4071961.53,3627908.68,
2005-01-25,,,2550197.77,2223872.99,
2005-01-26,,,2033517.55,1850869.1,
2005-01-27,,,1819842.33,1640252.25,
2005-01-28,,,1655955.65,1536042.67,
2005-01-29,,,1638804.91,1515834.1,
2005-01-30,,,1565648.79,1461714.55,
2005-01-31,,,1521465.74,1443892.37,
2005-02-01,,,1594218.0,1536092.73,
2005-02-02,,,2041920.22,1985253.96,
2005-02-03,,,2343621.43,2081071.36,
2005-02-04,,,3314526.55,3182779.99,
2005-02-05,,,6240859.02,4568337.02,
2005-02-06,,,6430209.904999999,5156713.02,
2005-02-07,,,6619560.79,4509313.29,
2005-02-08,,,5935269.005,4495614.82,
2005-02-09,,,5250977.22,3410975.23,
2005-02-10,,,3863576.3,2953837.7,
2005-02-11,,,3395023.56,2712329.96,
2005-02-12,,,3128922.52,2530740.64,
2005-02-13,,,2850280.91,2359803.47,
2005-02-14,,,2605935.91,2183465.2,
2005-02-15,,,2425221.19,2032288.7,
2005-02-16,,,2334205.11,1943123.5,
2005-02-17,,,2276387.98,1918080.0,
2005-02-18,,,2341212.49,1970218.23,
2005-02-19,,,2371226.06,2056580.27,
2005-02-20,,,2443188.48,2146587.82,
2005-02-21,,,2512952.45,2203669.03,
2005-02-22,,,2419165.21,2123010.26,
2005-02-23,,,2359128.85,2061318.07,
2005-02-24,,,2269569.59,1993844.13,
2005-02-25,,,2161589.1,1934598.99,
2005-02-26,,,2094289.47,1890987.16,
2005-02-27,,,2199333.15,1894275.97,
2005-02-28,,,2134713.9,1880064.0,
2005-03-01,,,2046061.22,1865195.52,
2005-03-02,,,1921404.8,1809393.18,
2005-03-03,,,1905143.4,1793683.83,
2005-03-04,,,1895808.6,1797658.37,
2005-03-05,,,1855872.0,1775881.03,
2005-03-06,,,1829863.44,1731518.27,
2005-03-07,,,1813837.05,1699609.44,
2005-03-08,,,1817445.4,1651968.0,
2005-03-09,,,1818756.36,1652342.61,
2005-03-10,,,1822895.17,1709648.06,
2005-03-11,,,1841719.49,1730441.9,
2005-03-12,,,1943150.03,1821652.98,
2005-03-13,,,2007277.88,1757192.48,
2005-03-14,,,1795556.2,1681836.21,
2005-03-15,,,1828733.94,1689984.0,
2005-03-16,,,1736645.02,1613955.43,
2005-03-17,,,1759153.24,1595884.6,
2005-03-18,,,1717139.41,1546449.39,
2005-03-19,,,1690480.8,1537920.0,
2005-03-20,,,1708743.55,1509497.98,
2005-03-21,,,1688977.01,1502136.13,
2005-03-22,,,1765340.43,1598358.46,
2005-03-23,,,1668014.71,1512219.93,
2005-03-24,,,1633768.73,1500021.24,
2005-03-25,,,1560934.25,1440986.24,
2005-03-26,,,1522108.03,1409409.25,
2005-03-27,,,1552468.0,1405306.0,
2005-03-28,,,1470763.91,1362276.78,
2005-03-29,,,1452314.7,1357253.71,
2005-03-30,,,1429189.65,1337427.03,
2005-03-31,,,1384245.37,1311180.9,
2005-04-01,,,1381888.01,1312066.73,
2005-04-02,,,1400791.57,1367691.12,
2005-04-03,,,1544532.06,1436917.56,
2005-04-04,,,1467180.92,1412910.55,
2005-04-05,,,1455161.55,1424810.43,
2005-04-06,,,1448123.0,1411995.06,
2005-04-07,,,1447785.93,1388781.27,
2005-04-08,,,1461295.65,1403998.83,
2005-04-09,,,1415311.08,1353918.98,
2005-04-10,,,1446361.61,1372528.07,
2005-04-11,,,1358268.15,1301504.92,
2005-04-12,,,1371087.45,1351684.14,
2005-04-13,,,1256836.05,1279599.82,
2005-04-14,,,1182174.66,1289558.34,
2005-04-15,,,1208611.92,1256335.39,
2005-04-16,,,1269880.18,1255986.04,
2005-04-17,,,1279938.42,1182412.12,
2005-04-18,,,1203747.15,1183415.67,
2005-04-19,,,1147951.32,1171561.82,
2005-04-20,,,1149694.72,1204187.8,
2005-04-21,,,1157824.46,1182773.89,
2005-04-22,,,1166778.02,1170810.8,
2005-04-23,,,1161080.63,1152848.43,
2005-04-24,,,1219676.78,1177681.55,
2005-04-25,,,1241082.97,1192145.4,
2005-04-26,,,1191091.59,1179559.1,
2005-04-27,,,1165792.01,1160175.2,
2005-04-28,,,1117889.1,1124693.97,
2005-04-29,,,1084647.9,1049436.76,
2005-04-30,,,1114358.7,1096738.42,
2005-05-01,,,1193569.37,1104433.67,
2005-05-02,,,1152472.08,1089908.53,
2005-05-03,,,1152149.25,1090296.06,
2005-05-04,,,1206761.07,1112221.31,
2005-05-05,,,1304747.57,1154653.7,
2005-05-06,,,1251739.65,1118168.22,
2005-05-07,,,1231374.5,1097586.53,
2005-05-08,,,1185253.31,1069701.0,
2005-05-09,,,1133184.44,1040616.85,
2005-05-10,,,1127648.11,1017400.37,
2005-05-11,,,1126880.53,1019253.12,
2005-05-12,,,1126833.94,986586.67,
2005-05-13,,,1158280.0,1036180.79,
2005-05-14,,,1105978.29,1001692.78,
2005-05-15,,,1116603.42,1017785.71,
2005-05-16,,,1000903.94,949047.51,
2005-05-17,,,967433.73,921535.56,
2005-05-18,,,991681.19,925405.9,
2005-05-19,,,997398.75,934333.97,
2005-05-20,,,963546.32,905988.99,
2005-05-21,,,953705.33,870533.34,
2005-05-22,,,1034912.88,957862.81,
2005-05-23,,,982012.67,916981.87,
2005-05-24,,,944954.44,911709.55,
2005-05-25,,,949720.93,922710.98,
2005-05-26,,,879745.25,877886.06,
2005-05-27,,,807036.58,825090.34,
2005-05-28,,,815760.34,839341.67,
2005-05-29,,,919790.3,881498.41,
2005-05-30,,,853947.13,845367.04,
2005-05-31,,,803952.95,818703.48,
2005-06-01,,,826967.3,825589.34,
2005-06-02,,,863544.26,793644.32,
2005-06-03,,,830387.29,745387.55,
2005-06-04,,,851350.02,776892.78,
2005-06-05,,,968275.48,833007.35,
2005-06-06,,,907620.8,813965.47,
2005-06-07,,,812842.59,775232.25,
2005-06-08,,,787446.64,743160.59,
2005-06-09,,,811015.69,774718.0,
2005-06-10,,,798662.67,734889.23,
2005-06-11,,,881886.34,836037.34,
2005-06-12,,,867050.52,755229.75,
2005-06-13,,,822591.76,773130.96,
2005-06-14,,,825306.28,750658.14,
2005-06-15,,,740902.18,748746.03,
2005-06-16,,,707034.07,709255.79,
2005-06-17,,,705754.04,724573.3,
2005-06-18,,,748336.36,757001.88,
2005-06-19,,,851406.48,786796.65,
2005-06-20,,,788852.9,718076.93,
2005-06-21,,,761671.2,705965.86,
2005-06-22,,,731956.57,705718.15,
2005-06-23,,,761123.24,701766.24,
2005-06-24,,,704108.98,631482.42,
2005-06-25,,,671676.24,676254.51,
2005-06-26,,,730000.77,656177.06,
2005-06-27,,,657815.61,682498.17,
2005-06-28,,,683521.01,635139.64,
2005-06-29,,,649818.86,640896.74,
2005-06-30,,,659734.5,659189.38,
2005-07-01,,,651006.8,628338.98,
2005-07-02,,,682790.84,628668.73,
2005-07-03,,,757154.77,626947.37,
2005-07-04,,,671195.01,614691.95,
2005-07-05,,,646194.26,631424.91,
2005-07-06,,,691672.91,732308.57,
2005-07-07,,,712492.06,679902.08,
2005-07-08,,,664071.43,680770.98,
2005-07-09,,,694343.85,689842.52,
2005-07-10,,,712969.05,639545.47,
2005-07-11,,,692732.57,672143.1,
2005-07-12,,,629175.55,594736.74,
2005-07-13,,,665971.57,668603.52,
2005-07-14,,,656943.0,748176.93,
2005-07-15,,,630532.33,691028.99,
2005-07-16,,,651544.65,720212.54,
2005-07-17,,,696432.14,709493.24,
2005-07-18,,,640059.42,718625.72,
2005-07-19,,,629589.32,662278.76,
2005-07-20,,,662340.01,693902.27,
2005-07-21,,,591945.17,668542.68,
2005-07-22,,,594580.86,729370.53,
2005-07-23,,,645837.74,744757.5,
2005-07-24,,,649795.24,700313.37,
2005-07-25,,,549478.43,710232.2,
2005-07-26,,,566670.22,660275.8,
2005-07-27,,,552324.18,660336.93,
2005-07-28,,,546329.51,680790.58,
2005-07-29,,,554090.02,717186.28,
2005-07-30,,,593392.46,707492.44,
2005-07-31,,,641564.65,653785.6,
2005-08-01,,,612042.26,712663.9,
2005-08-02,,,600045.27,638067.68,
2005-08-03,,,600507.1,674972.1,
2005-08-04,,,625624.68,663744.69,
2005-08-05,,,575586.64,692301.6,
2005-08-06,,,640356.8,693408.59,
2005-08-07,,,658400.52,661534.29,
2005-08-08,,,599358.06,648589.99,
2005-08-09,,,614262.56,748658.32,
2005-08-10,,,618456.36,691740.81,
2005-08-11,,,585482.58,700709.34,
2005-08-12,,,560776.8,681598.19,
2005-08-13,,,601126.54,678808.67,
2005-08-14,,,648669.5,713525.31,
2005-08-15,,,651886.31,666463.4,
2005-08-16,,,635050.52,657775.24,
2005-08-17,,,672560.42,645325.54,
2005-08-18,,,666144.52,676139.65,
2005-08-19,,,637383.62,701118.23,
2005-08-20,,,663015.75,699149.97,
2005-08-21,,,714674.76,705132.68,
2005-08-22,,,659711.32,690424.06,
2005-08-23,,,708483.98,715277.31,
2005-08-24,,,705626.67,675811.84,
2005-08-25,,,737321.24,675891.52,
2005-08-26,,,699609.4,711662.06,
2005-08-27,,,719941.14,688262.88,
2005-08-28,,,763304.18,666582.05,
2005-08-29,,,661408.74,666986.53,
2005-08-30,,,740574.09,728030.29,
2005-08-31,,,753896.53,704117.84,
2005-09-01,,,623396.41,550417.3,
2005-09-02,,,789333.47,750124.32,
2005-09-03,,,745507.8,660587.52,
2005-09-04,,,770658.36,696007.68,
2005-09-05,,,725158.51,634508.04,
2005-09-06,,,706254.47,606399.03,
2005-09-07,,,695173.48,614537.28,
2005-09-08,,,657089.54,609322.46,
2005-09-09,,,646553.57,593471.04,
2005-09-10,,,672597.29,613282.37,
2005-09-11,,,701355.96,636330.97,
2005-09-12,,,660775.3,612712.69,
2005-09-13,,,673786.55,598574.69,
2005-09-14,,,741897.34,630077.73,
2005-09-15,,,740908.9,625719.47,
2005-09-16,,,723217.73,606658.98,
2005-09-17,,,719452.03,604481.22,
2005-09-18,,,737849.1,631246.01,
2005-09-19,,,712431.12,615517.22,
2005-09-20,,,717543.36,639926.65,
2005-09-21,,,744176.76,637665.96,
2005-09-22,,,708636.87,629264.91,
2005-09-23,,,741092.64,622766.92,
2005-09-24,,,728910.86,650897.44,
2005-09-25,,,797494.49,661251.9,
2005-09-26,,,776125.44,649550.39,
2005-09-27,,,809547.77,652094.94,
2005-09-28,,,804609.32,633501.8,
2005-09-29,,,798387.78,654372.9,
2005-09-30,,,789262.42,641505.62,
2005-10-01,,,802892.01,650473.03,
2005-10-02,,,791288.14,652639.3,
2005-10-03,,,780084.12,654587.15,
2005-10-04,,,760366.09,626463.46,
2005-10-05,,,767683.04,600969.39,
2005-10-06,,,815534.03,703746.2,
2005-10-07,,,766304.64,635399.01,
2005-10-08,,,743865.95,606817.05,
2005-10-09,,,797622.38,662334.45,
2005-10-10,,,773908.05,653246.59,
2005-10-11,,,758532.96,636848.1,
2005-10-12,,,732828.33,609819.75,
2005-10-13,,,771930.97,651279.42,
2005-10-14,,,770740.46,664460.84,
2005-10-15,,,764065.82,654489.19,
2005-10-16,,,845304.78,703833.84,
2005-10-17,,,836342.98,655564.93,
2005-10-18,,,808539.39,658100.44,
2005-10-19,,,905998.48,727318.49,
2005-10-20,,,900811.7,727983.77,
2005-10-21,,,924530.18,718282.99,
2005-10-22,,,912282.74,707466.97,
2005-10-23,,,912453.45,721713.93,
2005-10-24,,,861068.31,677459.1,
2005-10-25,,,869199.42,656455.49,
2005-10-26,,,947301.97,700526.99,
2005-10-27,,,862348.56,677073.87,
2005-10-28,,,853467.29,718243.71,
2005-10-29,,,837121.37,702905.77,
2005-10-30,,,899616.59,755288.75,
2005-10-31,,,893818.9,707575.05,
2005-11-01,,,819784.5,680433.94,
2005-11-02,,,829883.63,684271.15,
2005-11-03,,,778541.25,630772.67,
2005-11-04,,,871881.52,708013.75,
2005-11-05,,,836561.64,631508.44,
2005-11-06,,,890357.4,698468.36,
2005-11-07,,,964713.81,720172.48,
2005-11-08,,,905862.02,706639.11,
2005-11-09,,,925574.99,703647.21,
2005-11-10,,,916326.09,677309.66,
2005-11-11,,,894926.14,644229.58,
2005-11-12,,,830200.58,669183.94,
2005-11-13,,,885572.49,664677.64,
2005-11-14,,,800760.82,669628.65,
2005-11-15,,,839810.6,690954.8,
2005-11-16,,,787791.82,688655.99,
2005-11-17,,,803063.18,702417.49,
2005-11-18,,,807283.04,690950.31,
2005-11-19,,,776566.48,688269.82,
2005-11-20,,,828776.65,711204.37,
2005-11-21,,,960100.8,835854.67,
2005-11-22,,,947517.4,832443.73,
2005-11-23,,,765470.94,651187.05,
2005-11-24,,,932427.61,876247.37,
2005-11-25,,,920640.09,834451.14,
2005-11-26,,,749277.31,679913.53,
2005-11-27,,,927109.01,863194.72,
2005-11-28,,,805703.4,764441.17,
2005-11-29,,,853247.62,763886.5,
2005-11-30,,,816443.04,739896.9,
2005-12-01,,,761409.53,710164.67,
2005-12-02,,,875103.18,835288.54,
2005-12-03,,,832192.86,773338.74,
2005-12-04,,,836972.25,782231.53,
2005-12-05,,,792201.89,746353.25,
2005-12-06,,,746129.52,711679.92,
2005-12-07,,,821809.31,778288.69,
2005-12-08,,,774021.1,689673.15,
2005-12-09,,,763326.16,712884.83,
2005-12-10,,,777652.12,698645.43,
2005-12-11,,,769720.02,683681.98,
2005-12-12,,,773954.79,698651.52,
2005-12-13,,,768998.32,683789.73,
2005-12-14,,,753671.7,664035.65,
2005-12-15,,,775337.79,693123.23,
2005-12-16,,,806988.39,743981.89,
2005-12-17,,,837958.6,750392.13,
2005-12-18,,,893011.3,780946.78,
2005-12-19,,,903165.28,760400.64,
2005-12-20,,,911426.83,754782.12,
2005-12-21,,,925057.71,760950.89,
2005-12-22,,,955181.67,766648.66,
2005-12-23,,,960155.34,769888.53,
2005-12-24,,,1511779.45,1356485.12,
2005-12-25,,,1629884.205,2039388.44,
2005-12-26,,,1747988.96,1299249.71,
2005-12-27,,,1326111.76,1087965.14,
2005-12-28,,,1212530.22,1006658.01,
2005-12-29,,,1114188.29,933027.72,
2005-12-30,,,1135167.56,956959.0,
2005-12-31,,,1069775.8,935646.39,
2006-01-01,,,1092764.4,931780.35,
2006-01-02,,,1106874.32,939928.56,
2006-01-03,,,1058840.93,922220.86,
2006-01-04,,,1090732.35,934380.79,
2006-01-05,,,1048493.27,925834.18,
2006-01-06,,,1087946.91,926506.21,
2006-01-07,,,1095203.64,944520.57,
2006-01-08,,,1183942.4,946605.79,
2006-01-09,,,1128110.21,975064.71,
2006-01-10,,,1194037.14,881117.76,
2006-01-11,,,1325705.75,983794.21,
2006-01-12,,,1338841.05,1024745.39,
2006-01-13,,,1482734.6,1133296.92,
2006-01-14,,,1374163.6,1054822.66,
2006-01-15,,,1376804.97,1087763.38,
2006-01-16,,,1353412.88,1089922.21,
2006-01-17,,,1299321.6,1071743.6,
2006-01-18,,,1366305.91,1115239.82,
2006-01-19,,,1367403.49,1092007.8,
2006-01-20,,,1345982.82,1083694.8,
2006-01-21,,,1345447.74,1084958.76,
2006-01-22,,,1375581.12,1123804.9,
2006-01-23,,,1324263.26,1078825.35,
2006-01-24,,,1313423.81,1078980.32,
2006-01-25,,,1315464.15,1097329.99,
2006-01-26,,,1811973.85,1584915.99,
2006-01-27,,,2357797.31,1885316.22,
2006-01-28,,,1921807.83,1592725.4,
2006-01-29,,,1742313.76,1439910.17,
2006-01-30,,,1634603.63,1345635.21,
2006-01-31,,,1614044.12,1310070.9,
2006-02-01,,,1521327.94,1274951.7,
2006-02-02,,,1471260.27,1234661.09,
2006-02-03,,,1426554.12,1115333.02,
2006-02-04,,,1413481.02,1188802.85,
2006-02-05,,,1436370.57,1196397.59,
2006-02-06,,,1430523.97,1196005.18,
2006-02-07,,,1403560.38,1165012.37,
2006-02-08,,,1387776.47,1158859.38,
2006-02-09,,,2871506.77,2628799.43,
2006-02-10,,,3365020.16,2508643.33,
2006-02-11,,,2251582.34,1821232.09,
2006-02-12,,,1957759.71,1646103.91,
2006-02-13,,,1920580.23,1604759.35,
2006-02-14,,,1945571.32,1665476.11,
2006-02-15,,,1906389.43,1677211.55,
2006-02-16,,,2591878.28,2222191.66,
2006-02-17,,,2442238.63,1978067.66,
2006-02-18,,,2144798.13,1798499.98,
2006-02-19,,,2004054.08,1726958.55,
2006-02-20,,,1949173.39,1718166.43,
2006-02-21,,,1830661.6,1658212.81,
2006-02-22,,,1837318.74,1629847.57,
2006-02-23,,,1808616.41,1587940.87,
2006-02-24,,,1773545.67,1595463.3,
2006-02-25,,,1741335.5,1542586.11,
2006-02-26,,,1738312.93,1539116.24,
2006-02-27,,,1673241.97,1482651.76,
2006-02-28,,,1659782.52,1502347.67,
2006-03-01,,,1668664.86,1474076.73,
2006-03-02,,,1660946.72,1457467.05,
2006-03-03,,,1596162.98,1364666.97,
2006-03-04,,,1620450.39,1329106.8,
2006-03-05,,,1622262.15,1414558.12,
2006-03-06,,,1590416.24,1343581.08,
2006-03-07,,,1558946.64,1295578.98,
2006-03-08,,,1565011.98,1296824.83,
2006-03-09,,,1571324.1,1308374.2,
2006-03-10,,,1614965.61,1327129.44,
2006-03-11,,,1603810.16,1300595.14,
2006-03-12,,,1544686.51,1292733.37,
2006-03-13,,,1486404.06,1239618.33,
2006-03-14,,,1451622.7,1190273.26,
2006-03-15,,,1475646.55,1204171.2,
2006-03-16,,,1506521.38,1222085.6,
2006-03-17,,,1468198.52,1186657.02,
2006-03-18,,,1431968.89,1149383.64,
2006-03-19,,,1427717.55,1182115.83,
2006-03-20,,,1387802.15,1161324.51,
2006-03-21,,,1369464.75,1161423.12,
2006-03-22,,,1369622.44,1140394.98,
2006-03-23,,,1376037.22,1155669.68,
2006-03-24,,,1390550.21,1185309.49,
2006-03-25,,,1374189.42,1178897.76,
2006-03-26,,,1389945.42,1184481.96,
2006-03-27,,,1360406.79,1168360.71,
2006-03-28,,,1364989.52,1179002.34,
2006-03-29,,,1327022.04,1164283.42,
2006-03-30,,,1246626.29,1107863.35,
2006-03-31,,,1231300.06,1077068.29,
2006-04-01,,,1268441.15,1082612.36,
2006-04-02,,,1404279.0,1077543.22,
2006-04-03,,,1388588.26,1136358.27,
2006-04-04,,,1386368.06,1096108.91,
2006-04-05,,,1507452.32,1247251.77,
2006-04-06,,,1598871.64,1328096.32,
2006-04-07,,,1519598.71,1251961.32,
2006-04-08,,,1497494.24,1222707.89,
2006-04-09,,,1456168.02,1210305.84,
2006-04-10,,,1426405.31,1185587.16,
2006-04-11,,,1393164.65,1162328.6,
2006-04-12,,,1355938.88,1128139.27,
2006-04-13,,,1360014.8,1126144.44,
2006-04-14,,,1321617.59,1114661.03,
2006-04-15,,,1282702.51,1148260.33,
2006-04-16,,,1302039.29,1166292.81,
2006-04-17,,,1222051.29,1068276.78,
2006-04-18,,,1214186.51,1128909.73,
2006-04-19,,,1203320.87,1125144.94,
2006-04-20,,,1182216.88,1113296.23,
2006-04-21,,,1128094.66,1067547.85,
2006-04-22,,,1135085.14,1077794.24,
2006-04-23,,,1146443.6,1101673.88,
2006-04-24,,,1263799.93,1189910.07,
2006-04-25,,,3283620.72,2878140.32,
2006-04-26,,,2628312.89,2121315.62,
2006-04-27,,,1745215.97,1585907.92,
2006-04-28,,,1562865.4,1453313.51,
2006-04-29,,,1526749.46,1376987.47,
2006-04-30,,,1475064.46,1360092.85,
2006-05-01,,,1375998.06,1280940.5,
2006-05-02,,,1389890.94,1217063.56,
2006-05-03,,,1410420.81,1188725.92,
2006-05-04,,,1461088.94,1254751.76,
2006-05-05,,,1335725.34,1099881.63,
2006-05-06,,,1355508.43,1105618.47,
2006-05-07,,,1369334.16,1133681.19,
2006-05-08,,,1304514.63,1104889.68,
2006-05-09,,,1255982.48,1050520.77,
2006-05-10,,,1224607.34,1035567.81,
2006-05-11,,,1194274.23,1006449.41,
2006-05-12,,,1154048.28,984259.59,
2006-05-13,,,1132691.68,957478.41,
2006-05-14,,,1216693.31,1031690.65,
2006-05-15,,,1098719.66,960022.99,
2006-05-16,,,1107071.13,955406.24,
2006-05-17,,,1124095.91,948094.87,
2006-05-18,,,1103384.12,923432.2,
2006-05-19,,,1056111.91,903516.41,
2006-05-20,,,1092483.54,892500.12,
2006-05-21,,,1095270.78,864511.95,
2006-05-22,,,1041080.78,812453.35,
2006-05-23,,,996667.77,783584.22,
2006-05-24,,,1039640.04,781529.72,
2006-05-25,,,958906.87,738068.16,
2006-05-26,,,892033.33,697470.57,
2006-05-27,,,857531.69,693387.37,
2006-05-28,,,932756.09,700994.64,
2006-05-29,,,855303.47,757047.85,
2006-05-30,,,872554.83,792958.38,
2006-05-31,,,851464.42,779181.64,
2006-06-01,,,832012.28,761950.23,
2006-06-02,,,790739.48,743769.12,
2006-06-03,,,856664.49,764735.28,
2006-06-04,,,820466.85,703667.58,
2006-06-05,,,764540.97,737397.09,
2006-06-06,,,738710.89,702225.4,
2006-06-07,,,671522.96,593550.56,
2006-06-08,,,729009.82,697078.33,
2006-06-09,,,661683.99,664107.34,
2006-06-10,,,728470.22,657759.72,
2006-06-11,,,787600.99,704544.74,
2006-06-12,,,754498.28,721426.8,
2006-06-13,,,701768.91,647960.73,
2006-06-14,,,644604.27,681160.15,
2006-06-15,,,657687.33,672339.49,
2006-06-16,,,617558.39,643325.55,
2006-06-17,,,663289.13,674491.1,
2006-06-18,,,645182.33,634164.06,
2006-06-19,,,581687.51,645009.87,
2006-06-20,,,565234.89,628809.58,
2006-06-21,,,555604.39,651948.82,
2006-06-22,,,520499.72,567702.47,
2006-06-23,,,493380.84,593784.41,
2006-06-24,,,557242.76,592259.25,
2006-06-25,,,555557.78,606622.9,
2006-06-26,,,514121.49,574359.03,
2006-06-27,,,479060.94,570877.92,
2006-06-28,,,485497.54,594092.52,
2006-06-29,,,492465.92,604828.97,
2006-06-30,,,468715.82,613988.38,
2006-07-01,,,521030.25,649065.87,
2006-07-02,,,567526.89,617067.0,
2006-07-03,,,471244.77,600770.7,
2006-07-04,,,508866.53,616012.38,
2006-07-05,,,482543.42,598560.57,
2006-07-06,,,479266.71,608185.35,
2006-07-07,,,523363.61,620468.19,
2006-07-08,,,516075.74,622567.31,
2006-07-09,,,539122.95,601100.14,
2006-07-10,,,468708.94,601413.11,
2006-07-11,,,456175.87,567130.48,
2006-07-12,,,453932.68,599186.76,
2006-07-13,,,461722.66,569704.14,
2006-07-14,,,437568.56,588323.11,
2006-07-15,,,410822.24,553116.11,
2006-07-16,,,528072.26,643040.46,
2006-07-17,,,456967.36,548184.6,
2006-07-18,,,447128.09,579770.61,
2006-07-19,,,466139.78,612773.23,
2006-07-20,,,489406.09,629235.63,
2006-07-21,,,482854.77,642000.6,
2006-07-22,,,470756.89,636550.32,
2006-07-23,,,553808.52,658045.29,
2006-07-24,,,470787.07,599693.63,
2006-07-25,,,464384.19,625041.62,
2006-07-26,,,463902.16,603856.95,
2006-07-27,,,458430.18,600988.68,
2006-07-28,,,452425.49,575413.21,
2006-07-29,,,452507.71,602064.61,
2006-07-30,,,556044.08,645566.63,
2006-07-31,,,482100.0,579118.81,
2006-08-01,,,465116.02,584794.37,
2006-08-02,,,488122.11,606586.23,
2006-08-03,,,471996.55,556842.33,
2006-08-04,,,486730.79,596437.89,
2006-08-05,,,496840.17,570428.31,
2006-08-06,,,602295.89,658032.05,
2006-08-07,,,539177.2,578202.38,
2006-08-08,,,479776.15,540368.53,
2006-08-09,,,513213.99,622287.84,
2006-08-10,,,516543.1,549954.58,
2006-08-11,,,539277.21,620323.06,
2006-08-12,,,516773.39,587367.13,
2006-08-13,,,533132.98,571764.05,
2006-08-14,,,543841.99,629224.35,
2006-08-15,,,471341.24,578929.06,
2006-08-16,,,446032.32,584635.37,
2006-08-17,,,455451.22,545175.88,
2006-08-18,,,455341.96,541556.22,
2006-08-19,,,499112.79,602775.98,
2006-08-20,,,521884.3,545656.28,
2006-08-21,,,518288.69,598934.83,
2006-08-22,,,536584.94,541255.14,
2006-08-23,,,503313.26,526086.83,
2006-08-24,,,512775.66,537287.72,
2006-08-25,,,525806.08,584385.57,
2006-08-26,,,567852.01,568463.67,
2006-08-27,,,581149.86,559321.76,
2006-08-28,,,548907.92,556093.35,
2006-08-29,,,555205.9,501792.0,
2006-08-30,,,516306.63,487366.97,
2006-08-31,,,543089.54,535691.15,
2006-09-01,,,548846.41,532056.65,
2006-09-02,,,519700.57,557702.55,
2006-09-03,,,510410.39,531995.2,
2006-09-04,,,637278.11,602447.7,
2006-09-05,,,576176.23,473047.95,
2006-09-06,,,599331.54,596501.53,
2006-09-07,,,595756.29,602373.46,
2006-09-08,,,582647.17,633341.68,
2006-09-09,,,593943.63,590450.45,
2006-09-10,,,615541.32,620331.75,
2006-09-11,,,603134.5,545645.1,
2006-09-12,,,621938.31,544741.2,
2006-09-13,,,653486.1,595746.52,
2006-09-14,,,651687.51,548888.15,
2006-09-15,,,676272.83,517098.61,
2006-09-16,,,666516.69,534843.0,
2006-09-17,,,704471.2,461325.34,
2006-09-18,,,678183.63,437660.64,
2006-09-19,,,705790.78,439058.83,
2006-09-20,,,700628.98,460845.83,
2006-09-21,,,681483.35,422502.54,
2006-09-22,,,665785.79,471645.5,
2006-09-23,,,651798.8,494695.46,
2006-09-24,,,704974.79,490638.46,
2006-09-25,,,717741.49,474548.73,
2006-09-26,,,714305.32,580994.51,
2006-09-27,,,709204.48,563890.38,
2006-09-28,,,690073.08,528647.93,
2006-09-29,,,691287.16,652337.96,
2006-09-30,,,681848.23,480250.18,
2006-10-01,,,695045.78,537423.65,
2006-10-02,,,714765.88,643954.46,
2006-10-03,,,738699.37,521027.81,
2006-10-04,,,657824.26,634800.56,
2006-10-05,,,693233.82,555169.89,
2006-10-06,,,674150.51,578834.78,
2006-10-07,,,622397.53,498527.65,
2006-10-08,,,681563.61,545351.37,
2006-10-09,,,630564.94,515088.71,
2006-10-10,,,598875.72,493964.47,
2006-10-11,,,631321.36,491105.23,
2006-10-12,,,614613.1,488100.13,
2006-10-13,,,625977.27,461510.65,
2006-10-14,,,579244.13,469614.6,
2006-10-15,,,716202.55,582993.33,
2006-10-16,,,753024.62,581866.71,
2006-10-17,,,787114.33,617610.6,
2006-10-18,,,742853.71,585192.39,
2006-10-19,,,716268.01,564496.73,
2006-10-20,,,736324.6,589693.33,
2006-10-21,,,695401.82,549284.7,
2006-10-22,,,741887.37,635266.54,
2006-10-23,,,748190.56,660808.02,
2006-10-24,,,703008.25,639342.9,
2006-10-25,,,696004.12,664427.45,
2006-10-26,,,754480.71,630816.3,
2006-10-27,,,798803.07,723460.51,
2006-10-28,,,834160.37,651047.82,
2006-10-29,,,944399.81,814469.06,
2006-10-30,,,825124.32,690501.0,
2006-10-31,,,854238.97,690149.7,
2006-11-01,,,874023.91,732665.38,
2006-11-02,,,832063.21,706364.88,
2006-11-03,,,802079.35,545297.48,
2006-11-04,,,799210.33,614480.49,
2006-11-05,,,859377.47,634318.75,
2006-11-06,,,868073.05,601696.49,
2006-11-07,,,844828.93,570932.98,
2006-11-08,,,853605.65,577486.17,
2006-11-09,,,825049.75,575585.01,
2006-11-10,,,838975.02,573164.87,
2006-11-11,,,770328.24,540026.95,
2006-11-12,,,860255.05,584308.25,
2006-11-13,,,774109.09,568723.32,
2006-11-14,,,759474.89,589106.43,
2006-11-15,,,834357.36,585089.73,
2006-11-16,,,805078.7,599381.28,
2006-11-17,,,787927.04,576712.53,
2006-11-18,,,666039.36,552144.33,
2006-11-19,,,802300.13,620723.57,
2006-11-20,,,746698.85,582455.84,
2006-11-21,,,708558.73,586300.5,
2006-11-22,,,672629.45,553351.59,
2006-11-23,,,656579.86,582352.62,
2006-11-24,,,601892.92,519400.44,
2006-11-25,,,630775.04,560223.36,
2006-11-26,,,702479.18,585277.29,
2006-11-27,,,665750.05,558085.47,
2006-11-28,,,646942.88,569186.64,
2006-11-29,,,622359.45,516013.99,
2006-11-30,,,602927.87,582751.35,
2006-12-01,,,611790.05,512833.59,
2006-12-02,,,546168.24,557319.5,
2006-12-03,,,726155.32,568831.77,
2006-12-04,,,666184.16,532272.33,
2006-12-05,,,620344.36,523413.9,
2006-12-06,,,624899.31,510762.85,
2006-12-07,,,608746.76,525762.26,
2006-12-08,,,645188.75,532055.69,
2006-12-09,,,545200.05,473793.37,
2006-12-10,,,653225.57,533798.2,
2006-12-11,,,688506.5,535539.97,
2006-12-12,,,636969.05,513611.28,
2006-12-13,,,632998.32,504514.15,
2006-12-14,,,598807.14,504451.91,
2006-12-15,,,650850.82,529913.55,
2006-12-16,,,611117.94,525843.0,
2006-12-17,,,617567.14,501874.8,
2006-12-18,,,509274.54,510511.26,
2006-12-19,,,549274.76,548941.08,
2006-12-20,,,557630.58,543604.81,
2006-12-21,,,544680.22,547095.9,
2006-12-22,,,624539.32,589231.02,
2006-12-23,,,572739.56,572508.06,
2006-12-24,,,563987.1,560225.0,
2006-12-25,,,609091.5,615854.61,
2006-12-26,,,639111.97,593773.56,
2006-12-27,,,667852.95,568713.46,
2006-12-28,,,711873.13,592971.72,
2006-12-29,,,700561.66,562368.92,
2006-12-30,,,597689.11,509599.4,
2006-12-31,,,677347.03,572829.42,
2007-01-01,,,805653.91,558371.03,
2007-01-02,,,725230.46,533916.44,
2007-01-03,,,714990.07,509651.34,
2007-01-04,,,721762.62,527336.8,
2007-01-05,,,777843.38,556723.62,
2007-01-06,,,892608.46,631443.43,
2007-01-07,,,1255925.17,1076336.1,
2007-01-08,,,1236107.99,915728.16,
2007-01-09,,,1069586.92,788170.33,
2007-01-10,,,1035069.57,786316.33,
2007-01-11,,,943945.57,721226.47,
2007-01-12,,,854888.61,663311.97,
2007-01-13,,,811646.79,651459.7,
2007-01-14,,,872265.09,698718.32,
2007-01-15,,,790188.35,632200.77,
2007-01-16,,,790245.32,663460.04,
2007-01-17,,,754436.54,627054.47,
2007-01-18,,,754739.11,608978.05,
2007-01-19,,,747069.35,613223.0,
2007-01-20,,,750542.69,627503.14,
2007-01-21,,,1315377.01,1068438.35,
2007-01-22,,,1061358.18,795373.99,
2007-01-23,,,939581.58,713131.7,
2007-01-24,,,928975.43,726683.33,
2007-01-25,,,914826.65,749693.12,
2007-01-26,,,866489.87,721389.19,
2007-01-27,,,862224.74,729997.38,
2007-01-28,,,870235.78,722362.6,
2007-01-29,,,956642.11,732148.75,
2007-01-30,,,922251.56,750015.16,
2007-01-31,,,1023662.21,838556.24,
2007-02-01,,,931664.57,770029.04,
2007-02-02,,,898791.93,764608.31,
2007-02-03,,,894358.4,747141.46,
2007-02-04,,,1587372.18,1606910.4,
2007-02-05,,,1611790.81,1439425.78,
2007-02-06,,,3693041.8,3176498.78,
2007-02-07,,,4239725.64,2999052.41,
2007-02-08,,,2277815.62,1938164.78,
2007-02-09,,,1875445.97,1632923.66,
2007-02-10,,,1781805.62,1564281.5,
2007-02-11,,,1755147.07,1475781.67,
2007-02-12,,,1719157.2,1378853.11,
2007-02-13,,,1683503.66,1447837.86,
2007-02-14,,,2237023.98,1932213.07,
2007-02-15,,,1972884.29,1809891.11,
2007-02-16,,,3426156.91,2853778.79,
2007-02-17,,,2344183.03,1995266.07,
2007-02-18,,,2085129.44,1819463.16,
2007-02-19,,,1990582.46,1697463.16,
2007-02-20,,,1766015.1,1528337.71,
2007-02-21,,,1766748.0,1541846.98,
2007-02-22,,,1605225.08,1405227.19,
2007-02-23,,,1589529.06,1400380.62,
2007-02-24,,,1541266.46,1397168.35,
2007-02-25,,,1603166.74,1631243.72,
2007-02-26,,,5405653.0,4107051.99,
2007-02-27,,,3527011.2,2737559.45,
2007-02-28,,,2664284.62,2292667.45,
2007-03-01,,,2396197.82,2067061.98,
2007-03-02,,,2168587.23,1891015.04,
2007-03-03,,,2015175.59,1747439.24,
2007-03-04,,,1920214.74,1667840.74,
2007-03-05,,,1907475.4,1607000.26,
2007-03-06,,,1840458.16,1520903.31,
2007-03-07,,,1789507.94,1490936.1,
2007-03-08,,,1766334.68,1470542.18,
2007-03-09,,,1710778.28,1406066.93,
2007-03-10,,,1693020.64,1422703.35,
2007-03-11,,,1650322.6,1394086.32,
2007-03-12,,,1640078.81,1379625.45,
2007-03-13,,,1633827.6,1362400.54,
2007-03-14,,,1789760.07,1605911.07,
2007-03-15,,,2463962.46,2120101.52,
2007-03-16,,,2698073.25,2145323.97,
2007-03-17,,,2845907.86,2280508.04,
2007-03-18,,,2345402.65,1941131.77,
2007-03-19,,,2132603.64,1824533.15,
2007-03-20,,,2070300.48,1746210.55,
2007-03-21,,,1935903.07,1637184.03,
2007-03-22,,,1896960.98,1644705.27,
2007-03-23,,,1753229.91,1483892.5,
2007-03-24,,,1781650.42,1563497.12,
2007-03-25,,,1808105.22,1593533.73,
2007-03-26,,,1770383.69,1557207.47,
2007-03-27,,,1755626.89,1541526.14,
2007-03-28,,,1683682.67,1463157.92,
2007-03-29,,,1682049.61,1456229.88,
2007-03-30,,,1603418.76,1403198.1,
2007-03-31,,,1604648.91,1418006.07,
2007-04-01,,,1675821.96,1566482.59,
2007-04-02,,,1855500.14,1751182.29,
2007-04-03,,,1764064.0,1633051.21,
2007-04-04,,,1636233.08,1517650.66,
2007-04-05,,,1633670.72,1543448.12,
2007-04-06,,,1581829.94,1507632.24,
2007-04-07,,,1563393.04,1438691.99,
2007-04-08,,,1575439.08,1442573.33,
2007-04-09,,,1604105.56,1483558.92,
2007-04-10,,,1637119.32,1499747.4,
2007-04-11,,,1619283.2,1495786.18,
2007-04-12,,,1608468.64,1452721.6,
2007-04-13,,,1611698.03,1427524.24,
2007-04-14,,,1568386.49,1386788.05,
2007-04-15,,,1629760.09,1406907.44,
2007-04-16,,,1618527.68,1390002.66,
2007-04-17,,,1485126.99,1302542.12,
2007-04-18,,,1489778.91,1307603.91,
2007-04-19,,,1499158.71,1314809.3,
2007-04-20,,,1485578.44,1303298.06,
2007-04-21,,,1466159.07,1284803.92,
2007-04-22,,,1459283.76,1260746.16,
2007-04-23,,,1414805.42,1202380.52,
2007-04-24,,,1386742.87,1193641.57,
2007-04-25,,,1362415.73,1205132.39,
2007-04-26,,,1285413.2,1156670.37,
2007-04-27,,,1246456.65,1120916.25,
2007-04-28,,,1255158.86,1131598.53,
2007-04-29,,,1277152.04,1155508.71,
2007-04-30,,,1209761.51,1086753.78,
2007-05-01,,,1220068.5,1120433.17,
2007-05-02,,,1117457.04,1091930.01,
2007-05-03,,,1108061.2,1076484.4,
2007-05-04,,,1063893.77,1040497.98,
2007-05-05,,,1089507.19,1061411.58,
2007-05-06,,,1044171.87,1043819.23,
2007-05-07,,,996983.82,991804.81,
2007-05-08,,,964028.98,972904.41,
2007-05-09,,,932561.06,1054002.64,
2007-05-10,,,955842.06,958892.79,
2007-05-11,,,1007829.95,991294.62,
2007-05-12,,,1018644.39,980786.48,
2007-05-13,,,1049128.26,969634.34,
2007-05-14,,,1000035.18,950002.64,
2007-05-15,,,1013083.44,947550.95,
2007-05-16,,,1017895.49,922185.23,
2007-05-17,,,1024491.46,929122.64,
2007-05-18,,,1103085.77,982572.6,
2007-05-19,,,1067459.45,936144.5,
2007-05-20,,,1052560.9,933596.05,
2007-05-21,,,983342.51,895181.22,
2007-05-22,,,950509.37,910903.77,
2007-05-23,,,903414.58,888220.17,
2007-05-24,,,977551.75,912201.75,
2007-05-25,,,876591.2,868643.28,
2007-05-26,,,909698.13,898224.58,
2007-05-27,,,949436.19,897201.65,
2007-05-28,,,855368.75,887950.96,
2007-05-29,,,835204.09,861698.37,
2007-05-30,,,796938.67,832947.89,
2007-05-31,,,830179.4,863780.75,
2007-06-01,,,747521.51,819329.53,
2007-06-02,,,733681.85,817838.01,
2007-06-03,,,755279.79,807816.02,
2007-06-04,,,659813.69,746378.53,
2007-06-05,,,705195.84,737546.67,
2007-06-06,,,699343.69,758445.39,
2007-06-07,,,684543.49,715431.62,
2007-06-08,,,611515.42,636225.42,
2007-06-09,,,787502.07,788119.53,
2007-06-10,,,742509.55,709058.75,
2007-06-11,,,623970.67,661479.65,
2007-06-12,,,630005.85,654050.57,
2007-06-13,,,577720.76,601980.26,
2007-06-14,,,637166.58,644121.8,
2007-06-15,,,622658.6,622498.59,
2007-06-16,,,599438.91,634710.24,
2007-06-17,,,759247.91,658457.08,
2007-06-18,,,559409.22,655172.04,
2007-06-19,,,578862.96,615114.99,
2007-06-20,,,545551.5,643328.74,
2007-06-21,,,535309.89,683357.72,
2007-06-22,,,523963.61,623581.53,
2007-06-23,,,490277.89,654934.34,
2007-06-24,,,548438.39,653197.42,
2007-06-25,,,466329.63,562309.64,
2007-06-26,,,453390.07,535040.3,
2007-06-27,,,437918.75,570774.25,
2007-06-28,,,444111.36,517925.66,
2007-06-29,,,420214.39,506328.77,
2007-06-30,,,441300.53,539453.96,
2007-07-01,,,483153.49,565538.72,
2007-07-02,,,418779.93,505113.03,
2007-07-03,,,450779.74,593520.03,
2007-07-04,,,462230.69,673152.34,
2007-07-05,,,448301.21,605947.24,
2007-07-06,,,434161.48,661039.95,
2007-07-07,,,478455.32,679310.06,
2007-07-08,,,497397.69,691950.24,
2007-07-09,,,492869.7,650918.8,
2007-07-10,,,469911.61,670357.06,
2007-07-11,,,476058.07,612104.91,
2007-07-12,,,439467.73,595236.78,
2007-07-13,,,429930.39,574823.74,
2007-07-14,,,464731.18,577557.47,
2007-07-15,,,488104.9,624767.44,
2007-07-16,,,481370.96,528535.98,
2007-07-17,,,442796.19,503574.34,
2007-07-18,,,460314.23,525558.31,
2007-07-19,,,419850.89,439710.18,
2007-07-20,,,409322.54,427331.11,
2007-07-21,,,430846.34,483630.06,
2007-07-22,,,485199.81,484498.68,
2007-07-23,,,447951.28,437058.68,
2007-07-24,,,412367.48,437576.8,
2007-07-25,,,419256.8,437867.75,
2007-07-26,,,413660.48,426892.72,
2007-07-27,,,407292.49,430870.51,
2007-07-28,,,419079.01,472627.72,
2007-07-29,,,459363.55,500820.47,
2007-07-30,,,445886.76,444903.39,
2007-07-31,,,422272.65,437447.74,
2007-08-01,,,412459.87,476841.75,
2007-08-02,,,450733.67,476060.38,
2007-08-03,,,450580.35,484078.31,
2007-08-04,,,466471.96,561349.71,
2007-08-05,,,511420.08,505955.86,
2007-08-06,,,478466.3,500074.2,
2007-08-07,,,463756.48,498425.29,
2007-08-08,,,501942.64,533718.58,
2007-08-09,,,478612.73,505632.78,
2007-08-10,,,482341.75,500467.02,
2007-08-11,,,510801.98,547705.17,
2007-08-12,,,526865.17,567848.9,
2007-08-13,,,483061.8,518709.42,
2007-08-14,,,524950.03,510243.56,
2007-08-15,,,494312.94,488856.85,
2007-08-16,,,478195.55,503564.15,
2007-08-17,,,497926.19,518288.74,
2007-08-18,,,495649.74,554449.2,
2007-08-19,,,532306.47,550036.61,
2007-08-20,,,506680.85,603471.22,
2007-08-21,,,561872.34,702985.12,
2007-08-22,,,513270.69,691000.07,
2007-08-23,,,555450.48,692553.32,
2007-08-24,,,509806.64,711970.83,
2007-08-25,,,559992.9,720356.05,
2007-08-26,,,567942.83,738074.43,
2007-08-27,,,525232.63,745632.0,
2007-08-28,,,500245.32,750880.71,
2007-08-29,,,558407.08,763446.41,
2007-08-30,,,519552.55,775007.62,
2007-08-31,,,525953.46,734578.71,
2007-09-01,,,575301.48,593551.42,
2007-09-02,,,587421.28,750284.55,
2007-09-03,,,567846.2,740392.05,
2007-09-04,,,554538.61,738173.51,
2007-09-05,,,527460.5,741613.61,
2007-09-06,,,529767.24,726117.36,
2007-09-07,,,602698.95,738847.89,
2007-09-08,,,611736.98,745632.0,
2007-09-09,,,604980.27,776751.32,
2007-09-10,,,576741.44,801496.42,
2007-09-11,,,573881.96,772438.44,
2007-09-12,,,611215.18,779313.04,
2007-09-13,,,636485.37,795744.0,
2007-09-14,,,662374.05,801857.55,
2007-09-15,,,650964.33,808288.09,
2007-09-16,,,659570.64,795941.17,
2007-09-17,,,660411.52,810012.87,
2007-09-18,,,622628.65,840951.6,
2007-09-19,,,671916.67,862706.4,
2007-09-20,,,654751.98,863303.25,
2007-09-21,,,713932.98,874087.2,
2007-09-22,,,701427.63,878096.13,
2007-09-23,,,641166.65,869333.0,
2007-09-24,,,509745.09,855360.0,
2007-09-25,,,514390.11,855360.0,
2007-09-26,,,529205.25,855360.0,
2007-09-27,,,558749.52,855360.0,
2007-09-28,,,637158.51,855360.0,
2007-09-29,,,563969.12,855360.0,
2007-09-30,,,628262.67,855360.0,
2007-10-01,,,552010.26,855359.95,
2007-10-02,,,678672.0,852621.12,
2007-10-03,,,660528.0,847190.88,
2007-10-04,,,637632.0,841756.32,
2007-10-05,,,623376.0,836326.08,
2007-10-06,,,665280.0,830895.84,
2007-10-07,,,710640.0,825461.28,
2007-10-08,,,711936.0,865057.83,
2007-10-09,,,692928.0,848736.0,
2007-10-10,,,676080.0,699408.0,
2007-10-11,,,695088.0,678240.0,
2007-10-12,,,728352.0,657072.0,
2007-10-13,,,754704.0,635472.0,
2007-10-14,,,762480.0,613872.0,
2007-10-15,,,761184.0,592272.0,
2007-10-16,,,765936.0,570672.0,
2007-10-17,,,746928.0,549072.0,
2007-10-18,,,752544.0,527904.0,
2007-10-19,,,768960.0,506736.0,
2007-10-20,,,789696.0,485136.0,
2007-10-21,,,813024.0,576281.04,
2007-10-22,,,776736.0,506398.49,
2007-10-23,,,673920.0,513314.83,
2007-10-24,,,604368.0,486688.73,
2007-10-25,,,615600.0,529239.98,
2007-10-26,,,640656.0,574248.97,
2007-10-27,,,699840.0,573578.46,
2007-10-28,,,760505.76,532128.28,
2007-10-29,,,857138.21,555404.39,
2007-10-30,,,837975.54,545872.76,
2007-10-31,,,751974.28,528637.99,
2007-11-01,,,664092.1,501835.28,
2007-11-02,,,541752.12,487509.75,
2007-11-03,,,603363.71,550212.92,
2007-11-04,,,663518.99,493781.4,
2007-11-05,,,706184.39,528560.04,
2007-11-06,,,650852.48,506694.08,
2007-11-07,,,624238.16,519277.98,
2007-11-08,,,650021.98,484238.25,
2007-11-09,,,625218.36,502634.25,
2007-11-10,,,712805.86,500039.46,
2007-11-11,,,655121.98,510095.93,
2007-11-12,,,723648.24,517352.63,
2007-11-13,,,657323.56,490122.13,
2007-11-14,,,625934.52,507303.07,
2007-11-15,,,620566.38,498928.5,
2007-11-16,,,613994.98,495543.82,
2007-11-17,,,626221.74,521028.07,
2007-11-18,,,710883.14,483828.48,
2007-11-19,,,633460.67,514098.34,
2007-11-20,,,765815.91,546320.47,
2007-11-21,,,920835.98,603697.94,
2007-11-22,,,948462.63,570981.31,
2007-11-23,,,904749.32,615768.38,
2007-11-24,,,757566.16,564728.36,
2007-11-25,,,788378.78,578276.37,
2007-11-26,,,707837.17,603883.58,
2007-11-27,,,659174.2,647742.51,
2007-11-28,,,590618.86,570571.5,
2007-11-29,,,621347.78,600177.78,
2007-11-30,,,597687.4,611613.61,
2007-12-01,,,549408.65,574452.44,
2007-12-02,,,629800.21,601494.53,
2007-12-03,,,654198.99,593831.87,
2007-12-04,,,699965.46,591784.44,
2007-12-05,,,682151.34,623290.72,
2007-12-06,,,660036.78,579781.63,
2007-12-07,,,703880.6,615462.89,
2007-12-08,,,739067.88,621911.11,
2007-12-09,,,775966.7,685266.44,
2007-12-10,,,714416.23,608338.38,
2007-12-11,,,707403.53,585446.58,
2007-12-12,,,713044.9,606250.08,
2007-12-13,,,741195.24,636172.48,
2007-12-14,,,752723.59,632162.47,
2007-12-15,,,989602.86,874411.77,
2007-12-16,,,984814.14,870397.13,
2007-12-17,,,906100.52,796194.93,
2007-12-18,,,868263.36,763645.49,
2007-12-19,,,814985.06,735342.71,
2007-12-20,,,807433.7,729570.7,
2007-12-21,,,791957.04,712428.15,
2007-12-22,,,751598.89,675111.42,
2007-12-23,,,791113.29,714085.11,
2007-12-24,,,760079.68,669968.95,
2007-12-25,,,741961.7,662804.7,
2007-12-26,,,747578.61,672919.06,
2007-12-27,,,686214.54,617121.68,
2007-12-28,,,728052.8,677830.11,
2007-12-29,,,682990.7,624667.43,
2007-12-30,,,752719.87,685410.39,
2007-12-31,,,675730.84,592605.04,
2008-01-01,,,706509.2,641024.75,
2008-01-02,,,702933.38,638273.54,
2008-01-03,,,691388.71,608331.23,
2008-01-04,,,711925.2,622512.44,
2008-01-05,,,688606.97,586864.03,
2008-01-06,,,706462.52,663664.55,
2008-01-07,,,708609.73,631924.95,
2008-01-08,,,721209.01,636697.75,
2008-01-09,,,733719.36,652750.87,
2008-01-10,,,710386.46,658697.16,
2008-01-11,,,671700.95,597186.59,
2008-01-12,,,668259.41,632827.34,
2008-01-13,,,690633.05,651349.4,
2008-01-14,,,700510.45,643986.36,
2008-01-15,,,677845.15,638908.98,
2008-01-16,,,692053.32,642050.15,
2008-01-17,,,668903.58,656942.83,
2008-01-18,,,682428.96,619032.45,
2008-01-19,,,654775.29,583320.62,
2008-01-20,,,685066.59,636544.82,
2008-01-21,,,685514.81,609255.9,
2008-01-22,,,674968.0,623633.48,
2008-01-23,,,710727.0,612703.42,
2008-01-24,,,697147.01,605779.78,
2008-01-25,,,704739.59,604464.22,
2008-01-26,,,693891.98,599203.02,
2008-01-27,,,713481.49,640771.78,
2008-01-28,,,718052.39,629517.82,
2008-01-29,,,821965.89,674256.79,
2008-01-30,,,1444289.44,1279502.13,
2008-01-31,,,1518534.95,1251690.86,
2008-02-01,,,1167835.64,982354.76,
2008-02-02,,,953831.95,855489.45,
2008-02-03,,,987018.29,907831.18,
2008-02-04,,,980577.69,886027.17,
2008-02-05,,,949370.01,874109.9,
2008-02-06,,,967443.44,913859.25,
2008-02-07,,,957593.71,902425.56,
2008-02-08,,,961423.58,900156.07,
2008-02-09,,,932545.54,807894.38,
2008-02-10,,,938182.71,866555.28,
2008-02-11,,,906316.41,812246.05,
2008-02-12,,,933062.48,842296.86,
2008-02-13,,,1345334.63,1323054.97,
2008-02-14,,,1711625.89,1549088.54,
2008-02-15,,,1922952.18,1561772.88,
2008-02-16,,,1525848.04,1283983.6,
2008-02-17,,,1543590.07,1255892.56,
2008-02-18,,,1408770.12,1215861.19,
2008-02-19,,,1979797.36,1747689.14,
2008-02-20,,,2108712.81,1727476.83,
2008-02-21,,,1869564.46,1532045.51,
2008-02-22,,,1680519.0,1352177.0,
2008-02-23,,,1561493.47,1275190.8,
2008-02-24,,,1565269.45,1294971.73,
2008-02-25,,,1490566.94,1228798.82,
2008-02-26,,,1431264.69,1311984.0,
2008-02-27,,,1450835.17,1267056.0,
2008-02-28,,,1322172.49,1186272.0,
2008-02-29,,,1255867.53,1129680.0,
2008-03-01,,,1186487.96,1149552.0,
2008-03-02,,,1304381.67,1220832.0,
2008-03-03,,,1357952.03,1219968.0,
2008-03-04,,,1302167.79,1159488.0,
2008-03-05,,,1212519.91,1127088.0,
2008-03-06,,,1223286.66,1118448.0,
2008-03-07,,,1191293.37,1107216.0,
2008-03-08,,,1196155.18,1113480.0,
2008-03-09,,,1229216.56,1121688.0,
2008-03-10,,,1216420.74,1137888.0,
2008-03-11,,,1245570.38,1152576.0,
2008-03-12,,,1251653.13,1147824.0,
2008-03-13,,,1233795.19,1149984.0,
2008-03-14,,,1257198.59,1154736.0,
2008-03-15,,,1245152.83,1130544.0,
2008-03-16,,,1198543.83,1083456.0,
2008-03-17,,,1132268.98,1010016.0,
2008-03-18,,,1021281.87,1050192.0,
2008-03-19,,,1055883.33,972927.6,
2008-03-20,,,1008330.74,923616.0,
2008-03-21,,,936870.83,903312.0,
2008-03-22,,,952746.51,928800.0,
2008-03-23,,,998216.49,904608.0,
2008-03-24,,,900875.36,872208.0,
2008-03-25,,,920100.17,876528.0,
2008-03-26,,,911479.61,893808.0,
2008-03-27,,,962436.99,908496.0,
2008-03-28,,,946952.4,917136.0,
2008-03-29,,,982704.34,924912.0,
2008-03-30,,,965612.61,1016373.05,
2008-03-31,,,928080.24,852366.89,
2008-04-01,,,1072444.96,1079471.95,
2008-04-02,,,972182.56,896171.47,
2008-04-03,,,972425.01,886675.23,
2008-04-04,,,925381.98,869003.92,
2008-04-05,,,914655.26,837630.45,
2008-04-06,,,963954.66,862227.71,
2008-04-07,,,898170.41,837547.28,
2008-04-08,,,868342.56,808899.75,
2008-04-09,,,849750.86,800456.92,
2008-04-10,,,837590.39,798908.33,
2008-04-11,,,829281.31,789028.32,
2008-04-12,,,782578.84,771554.29,
2008-04-13,,,814057.67,777589.21,
2008-04-14,,,740463.37,748474.55,
2008-04-15,,,707365.12,678602.18,
2008-04-16,,,689692.14,734468.15,
2008-04-17,,,701696.39,693716.01,
2008-04-18,,,653167.26,728162.45,
2008-04-19,,,655857.8,724531.63,
2008-04-20,,,723461.49,729022.3,
2008-04-21,,,700855.77,728075.75,
2008-04-22,,,638810.49,631273.82,
2008-04-23,,,543740.83,602331.04,
2008-04-24,,,567191.19,635487.42,
2008-04-25,,,646559.45,722268.51,
2008-04-26,,,625752.3,703307.2,
2008-04-27,,,644716.06,594941.38,
2008-04-28,,,644881.03,699288.67,
2008-04-29,,,606590.21,635733.75,
2008-04-30,,,618463.36,670523.44,
2008-05-01,,,581019.62,641328.45,
2008-05-02,,,618224.27,691747.53,
2008-05-03,,,551981.55,661026.58,
2008-05-04,,,565400.04,566329.67,
2008-05-05,,,494255.7,598997.17,
2008-05-06,,,495065.45,510340.65,
2008-05-07,,,556916.33,717527.64,
2008-05-08,,,571505.9,625909.11,
2008-05-09,,,678532.05,721407.43,
2008-05-10,,,602268.06,655849.85,
2008-05-11,,,650040.86,609709.69,
2008-05-12,,,558941.73,566574.95,
2008-05-13,,,505736.69,501364.15,
2008-05-14,,,475640.0,531342.58,
2008-05-15,,,528446.67,533514.33,
2008-05-16,,,532493.7,482852.09,
2008-05-17,,,534743.63,599759.43,
2008-05-18,,,581255.45,513877.7,
2008-05-19,,,526368.67,529344.35,
2008-05-20,,,514501.47,501312.29,
2008-05-21,,,519702.24,523774.11,
2008-05-22,,,551388.67,556728.16,
2008-05-23,,,505092.23,479963.27,
2008-05-24,,,535636.62,535851.64,
2008-05-25,,,549189.88,491818.83,
2008-05-26,,,523596.05,461489.56,
2008-05-27,,,455107.98,470873.91,
2008-05-28,,,468599.14,425236.61,
2008-05-29,,,427796.15,454880.9,
2008-05-30,,,438541.57,403987.49,
2008-05-31,,,417807.95,514100.9,
2008-06-01,,,456580.36,440258.27,
2008-06-02,,,391156.39,385786.64,
2008-06-03,,,321086.33,423442.22,
2008-06-04,,,360496.34,408273.69,
2008-06-05,,,310596.72,434065.05,
2008-06-06,,,310906.08,407245.63,
2008-06-07,,,313511.04,498480.81,
2008-06-08,,,316116.0,449155.69,
2008-06-09,,,318716.64,452456.13,
2008-06-10,,,321317.28,454887.14,
2008-06-11,,,323922.24,411140.08,
2008-06-12,,,326527.2,410203.19,
2008-06-13,,,329127.84,391311.78,
2008-06-14,,,331728.48,482387.96,
2008-06-15,,,332252.88,413090.85,
2008-06-16,,,325684.8,362355.89,
2008-06-17,,,318530.88,347070.51,
2008-06-18,,,311372.64,351639.24,
2008-06-19,,,304214.4,403405.37,
2008-06-20,,,297056.16,350423.26,
2008-06-21,,,289897.92,348053.07,
2008-06-22,,,282744.0,412856.12,
2008-06-23,,,275585.76,335096.4,
2008-06-24,,,268427.52,330014.79,
2008-06-25,,,261273.6,294469.04,
2008-06-26,,,254115.36,328303.57,
2008-06-27,,,246957.12,320829.81,
2008-06-28,,,239798.88,331299.19,
2008-06-29,,,232640.64,377435.75,
2008-06-30,,,226746.14,330385.38,
2008-07-01,,,225421.92,327961.9,
2008-07-02,,,224514.72,346578.13,
2008-07-03,,,223607.52,320625.11,
2008-07-04,,,222700.32,354223.18,
2008-07-05,,,221793.12,359941.94,
2008-07-06,,,220881.6,329371.63,
2008-07-07,,,219970.08,312231.54,
2008-07-08,,,219062.88,299251.78,
2008-07-09,,,218155.68,282093.27,
2008-07-10,,,217248.48,272495.54,
2008-07-11,,,216341.28,270092.0,
2008-07-12,,,215434.08,277261.05,
2008-07-13,,,214522.56,250235.82,
2008-07-14,,,213611.04,280297.27,
2008-07-15,,,212703.84,247618.68,
2008-07-16,,,211867.92,226195.58,
2008-07-17,,,211269.6,263494.88,
2008-07-18,,,210690.72,324511.66,
2008-07-19,,,210111.84,368186.07,
2008-07-20,,,209528.64,395496.66,
2008-07-21,,,208945.44,361361.36,
2008-07-22,,,208366.56,360668.18,
2008-07-23,,,207787.68,356198.42,
2008-07-24,,,207208.8,331817.69,
2008-07-25,,,206629.92,318493.29,
2008-07-26,,,206046.72,339569.98,
2008-07-27,,,205463.52,427314.02,
2008-07-28,,,204884.64,366891.7,
2008-07-29,,,204305.76,354291.41,
2008-07-30,,,203726.88,329807.98,
2008-07-31,,,203148.0,339867.92,
2008-08-01,,,202569.12,327190.71,
2008-08-02,,,201985.92,363031.22,
2008-08-03,,,201629.66,388588.56,
2008-08-04,,,202093.92,348364.38,
2008-08-05,,,202633.92,299306.54,
2008-08-06,,,203169.6,319588.74,
2008-08-07,,,203705.28,314853.31,
2008-08-08,,,204240.96,325726.82,
2008-08-09,,,204776.64,349488.89,
2008-08-10,,,205312.32,361937.45,
2008-08-11,,,205852.32,346172.76,
2008-08-12,,,206392.32,355046.18,
2008-08-13,,,206928.0,356770.77,
2008-08-14,,,207463.68,341818.99,
2008-08-15,,,207999.36,309466.66,
2008-08-16,,,208535.04,351825.51,
2008-08-17,,,208743.03,365869.28,
2008-08-18,,,207748.8,342275.98,
2008-08-19,,,206647.2,377761.32,
2008-08-20,,,205545.6,356085.45,
2008-08-21,,,204444.0,348303.1,
2008-08-22,,,203342.4,354799.82,
2008-08-23,,,202236.48,369581.94,
2008-08-24,,,201134.88,356150.29,
2008-08-25,,,200033.28,363436.4,
2008-08-26,,,198931.68,374189.76,
2008-08-27,,,197830.08,350717.1,
2008-08-28,,,196728.48,363393.98,
2008-08-29,,,195626.88,362281.68,
2008-08-30,,,194520.96,367463.02,
2008-08-31,,,193419.36,351851.57,
2008-09-01,,,192317.76,354976.49,
2008-09-02,,,191732.22,333285.13,
2008-09-03,,,192952.8,338384.58,
2008-09-04,,,194326.56,336361.11,
2008-09-05,,,195700.32,378621.88,
2008-09-06,,,197074.08,361019.01,
2008-09-07,,,198452.16,347182.89,
2008-09-08,,,199830.24,320854.73,
2008-09-09,,,201204.0,316580.64,
2008-09-10,,,202577.76,336479.03,
2008-09-11,,,203951.52,320693.61,
2008-09-12,,,205325.28,360011.7,
2008-09-13,,,206699.04,342268.21,
2008-09-14,,,208077.12,319815.46,
2008-09-15,,,209155.32,328449.32,
2008-09-16,,,209165.76,342184.83,
2008-09-17,,,209079.36,366516.94,
2008-09-18,,,208992.96,331671.92,
2008-09-19,,,208906.56,339042.3,
2008-09-20,,,208820.16,336401.64,
2008-09-21,,,208733.76,317337.48,
2008-09-22,,,208647.36,328440.96,
2008-09-23,,,208560.96,317482.2,
2008-09-24,,,208474.56,349061.4,
2008-09-25,,,208388.16,330315.77,
2008-09-26,,,208301.76,375405.38,
2008-09-27,,,208215.36,351219.9,
2008-09-28,,,208128.96,348151.52,
2008-09-29,,,208042.56,358317.0,
2008-09-30,,,207956.16,376605.69,
2008-10-01,,,207869.76,372566.0,
2008-10-02,,,208247.31,368295.39,
2008-10-03,,,210263.04,344518.54,
2008-10-04,,,212423.04,365536.88,
2008-10-05,,,214583.04,337160.79,
2008-10-06,,,216738.72,325486.53,
2008-10-07,,,218533.05,347199.36,
2008-10-08,,,218319.84,293249.66,
2008-10-09,,,217797.12,352558.44,
2008-10-10,,,217278.72,363304.44,
2008-10-11,,,216756.0,355476.86,
2008-10-12,,,216233.28,372550.01,
2008-10-13,,,215714.88,308473.39,
2008-10-14,,,215192.16,370055.28,
2008-10-15,,,214669.44,371167.78,
2008-10-16,,,214151.04,358737.04,
2008-10-17,,,213632.64,318399.61,
2008-10-18,,,213109.92,355206.93,
2008-10-19,,,212587.2,340664.16,
2008-10-20,,,212068.8,380723.76,
2008-10-21,,,211546.08,355145.75,
2008-10-22,,,211023.36,396228.31,
2008-10-23,,,210504.96,247866.91,
2008-10-24,,,209982.24,315068.26,
2008-10-25,,,209459.52,324636.63,
2008-10-26,,,208941.12,318601.71,
2008-10-27,,,208418.4,326065.25,
2008-10-28,,,207895.68,353016.4,
2008-10-29,,,207377.28,350510.64,
2008-10-30,,,206858.88,347756.38,
2008-10-31,,,206336.16,339023.37,
2008-11-01,,,205813.44,324594.0,
2008-11-02,,,205531.2,314402.35,
2008-11-03,,,206064.0,390044.38,
2008-11-04,,,206668.8,357264.0,
2008-11-05,,,207269.28,362448.0,
2008-11-06,,,207869.76,367632.0,
2008-11-07,,,208474.56,372816.0,
2008-11-08,,,209075.04,378000.0,
2008-11-09,,,209675.52,391176.0,
2008-11-10,,,210276.0,396360.0,
2008-11-11,,,210876.48,393552.0,
2008-11-12,,,211481.28,398736.0,
2008-11-13,,,212081.76,403704.0,
2008-11-14,,,212682.24,408888.0,
2008-11-15,,,213282.72,414331.2,
2008-11-16,,,213883.2,419515.2,
2008-11-17,,,214488.0,424656.0,
2008-11-18,,,215088.48,429624.0,
2008-11-19,,,215688.96,434808.0,
2008-11-20,,,216289.44,440208.0,
2008-11-21,,,216889.92,445392.0,
2008-11-22,,,217494.72,450576.0,
2008-11-23,,,218095.2,455544.0,
2008-11-24,,,218695.68,460728.0,
2008-11-25,,,219300.48,466128.0,
2008-11-26,,,219900.96,471312.0,
2008-11-27,,,220501.44,476496.0,
2008-11-28,,,221101.92,481464.0,
2008-11-29,,,221702.4,486648.0,
2008-11-30,,,222307.2,492048.0,
2008-12-01,,,224210.88,497232.0,
2008-12-02,,,230834.88,502416.0,
2008-12-03,,,237885.12,486560.14,
2008-12-04,,,244935.36,468483.49,
2008-12-05,,,251985.6,488761.51,
2008-12-06,,,259035.84,486744.3,
2008-12-07,,,266090.4,470069.58,
2008-12-08,,,273144.96,493213.8,
2008-12-09,,,280195.2,493880.89,
2008-12-10,,,287245.44,486532.24,
2008-12-11,,,294295.68,480860.86,
2008-12-12,,,301350.24,469692.93,
2008-12-13,,,308404.8,465718.78,
2008-12-14,,,315455.04,475886.76,
2008-12-15,,,322505.28,463722.76,
2008-12-16,,,329555.52,466162.96,
2008-12-17,,,336605.76,466066.44,
2008-12-18,,,343660.32,456471.67,
2008-12-19,,,350714.88,468371.13,
2008-12-20,,,357765.12,473122.15,
2008-12-21,,,364815.36,483212.37,
2008-12-22,,,371865.6,488804.22,
2008-12-23,,,378920.16,492714.15,
2008-12-24,,,385974.72,509908.59,
2008-12-25,,,393024.96,518028.05,
2008-12-26,,,400075.2,539340.71,
2008-12-27,,,407125.44,517538.44,
2008-12-28,,,414175.68,499199.65,
2008-12-29,,,421230.24,529878.62,
2008-12-30,,,428284.8,517680.86,
2008-12-31,,,435335.04,537504.14,
2009-01-01,,,440217.18,534328.26,
2009-01-02,,,436950.72,499883.38,
2009-01-03,,,432907.2,533030.18,
2009-01-04,,,428859.36,512073.19,
2009-01-05,,,424811.52,519010.81,
2009-01-06,,,420768.0,502308.0,
2009-01-07,,,514589.24,524186.83,
2009-01-08,,,533260.49,482857.36,
2009-01-09,,,515619.23,500685.04,
2009-01-10,,,527347.8,496478.51,
2009-01-11,,,600050.88,519078.0,
2009-01-12,,,564552.99,515354.15,
2009-01-13,,,548335.34,544027.33,
2009-01-14,,,500254.56,544772.91,
2009-01-15,,,491258.52,514509.74,
2009-01-16,,,471909.0,513092.84,
2009-01-17,,,475392.08,515935.77,
2009-01-18,,,482878.76,517170.0,
2009-01-19,,,444221.74,500667.1,
2009-01-20,,,472943.78,506156.06,
2009-01-21,,,446105.05,485414.73,
2009-01-22,,,431697.44,503941.55,
2009-01-23,,,463291.2,503841.27,
2009-01-24,,,399940.13,495911.04,
2009-01-25,,,402086.77,491748.06,
2009-01-26,,,367470.78,479185.49,
2009-01-27,,,295862.99,475803.45,
2009-01-28,,,293256.01,496990.81,
2009-01-29,,,374107.29,515724.39,
2009-01-30,,,421521.84,535028.85,
2009-01-31,,,382949.62,526114.82,
2009-02-01,,,565258.95,549051.96,
2009-02-02,,,571576.98,576573.07,
2009-02-03,,,603613.64,575198.36,
2009-02-04,,,585806.15,611839.35,
2009-02-05,,,598252.43,623849.44,
2009-02-06,,,586998.27,628925.18,
2009-02-07,,,565341.45,606182.24,
2009-02-08,,,566804.71,589366.75,
2009-02-09,,,588346.09,603464.41,
2009-02-10,,,589229.81,621371.27,
2009-02-11,,,1646813.93,1792552.51,
2009-02-12,,,1293457.04,1214958.67,
2009-02-13,,,994641.0,998883.88,
2009-02-14,,,928623.81,976713.46,
2009-02-15,,,934814.31,941229.3,
2009-02-16,,,876120.99,822994.18,
2009-02-17,,,893159.69,850793.25,
2009-02-18,,,908572.57,844310.0,
2009-02-19,,,824570.83,773640.15,
2009-02-20,,,882080.07,834759.9,
2009-02-21,,,1631270.7,1823480.31,
2009-02-22,,,2211326.33,2024410.33,
2009-02-23,,,1960999.67,1733269.46,
2009-02-24,,,1669268.36,1487712.39,
2009-02-25,,,1436662.42,1348068.75,
2009-02-26,,,1356505.31,1281546.41,
2009-02-27,,,1354136.42,1236945.63,
2009-02-28,,,3165447.01,3932214.97,
2009-03-01,,,3354860.6849999996,5775762.06,
2009-03-02,,,3544274.36,2956810.51,
2009-03-03,,,2986320.82,2858603.04,
2009-03-04,,,3987657.61,3819214.77,
2009-03-05,,,3099715.24,2852653.59,
2009-03-06,,,2567193.04,2296415.61,
2009-03-07,,,2317769.7,2115921.85,
2009-03-08,,,2220751.23,2029963.86,
2009-03-09,,,2166126.91,1975297.57,
2009-03-10,,,2091273.66,1898926.54,
2009-03-11,,,1977697.49,1840593.58,
2009-03-12,,,1815401.39,1721085.02,
2009-03-13,,,1734384.55,1637906.47,
2009-03-14,,,1752787.54,1669319.02,
2009-03-15,,,1719614.45,1640427.1,
2009-03-16,,,1660832.55,1557351.12,
2009-03-17,,,1591197.6,1540244.16,
2009-03-18,,,1541738.48,1518716.5,
2009-03-19,,,1516992.39,1498639.78,
2009-03-20,,,1588065.35,1505149.18,
2009-03-21,,,1565914.39,1457346.04,
2009-03-22,,,1464774.12,1436502.68,
2009-03-23,,,1457768.66,1396502.24,
2009-03-24,,,1529609.77,1485990.46,
2009-03-25,,,1607029.41,1547588.0,
2009-03-26,,,1532827.45,1475276.81,
2009-03-27,,,1499926.26,1464353.1,
2009-03-28,,,1899721.01,1955294.58,
2009-03-29,,,1912159.26,1787743.4,
2009-03-30,,,1761807.47,1701647.77,
2009-03-31,,,1638473.18,1593763.61,
2009-04-01,,,1487903.37,1480355.49,
2009-04-02,,,1554294.99,1500770.27,
2009-04-03,,,1438214.99,1403304.75,
2009-04-04,,,1468942.14,1413455.18,
2009-04-05,,,1463784.3,1424541.62,
2009-04-06,,,1395069.75,1382623.33,
2009-04-07,,,1382694.44,1369677.05,
2009-04-08,,,1304494.18,1334117.71,
2009-04-09,,,1339927.3,1306619.77,
2009-04-10,,,1306233.77,1302618.29,
2009-04-11,,,1428295.68,1291479.92,
2009-04-12,,,1325128.32,1249297.13,
2009-04-13,,,1231938.0,1231766.63,
2009-04-14,,,1248570.0,1234323.97,
2009-04-15,,,1263888.0,1208049.83,
2009-04-16,,,1375776.0,1329292.93,
2009-04-17,,,1669518.0,1632762.69,
2009-04-18,,,1529442.0,1462548.43,
2009-04-19,,,1478898.0,1467607.46,
2009-04-20,,,1391706.0,1407479.78,
2009-04-21,,,1279263.21,1344274.57,
2009-04-22,,,1257015.54,1289437.05,
2009-04-23,,,1211363.82,1293616.79,
2009-04-24,,,1197105.86,1287073.13,
2009-04-25,,,1195705.85,1263835.87,
2009-04-26,,,1241327.37,1286657.23,
2009-04-27,,,1073279.79,1120412.88,
2009-04-28,,,1170480.45,1248616.49,
2009-04-29,,,1167024.52,1235228.67,
2009-04-30,,,1179421.09,1285038.1,
2009-05-01,,,1164740.75,1254369.85,
2009-05-02,,,1146261.34,1232893.5,
2009-05-03,,,1135993.59,1219032.9,
2009-05-04,,,1090244.79,1165717.38,
2009-05-05,,,1041651.28,1147794.39,
2009-05-06,,,1013944.29,1195685.37,
2009-05-07,,,1031386.24,1179009.9,
2009-05-08,,,945471.96,1110798.45,
2009-05-09,,,1051682.89,1135141.45,
2009-05-10,,,1098195.11,1132925.98,
2009-05-11,,,1041954.24,1107699.04,
2009-05-12,,,965934.21,1074449.36,
2009-05-13,,,993718.38,1070247.68,
2009-05-14,,,954589.46,1028595.63,
2009-05-15,,,909072.8,993134.33,
2009-05-16,,,938239.32,926837.06,
2009-05-17,,,939183.58,919435.61,
2009-05-18,,,861151.76,956344.77,
2009-05-19,,,836777.6,866803.99,
2009-05-20,,,843961.21,899264.44,
2009-05-21,,,859804.58,921500.39,
2009-05-22,,,831622.44,908775.51,
2009-05-23,,,863911.23,923680.09,
2009-05-24,,,841683.04,817870.59,
2009-05-25,,,796693.69,863527.44,
2009-05-26,,,792384.17,839468.35,
2009-05-27,,,812179.61,899505.25,
2009-05-28,,,767857.48,844163.26,
2009-05-29,,,839957.65,916446.15,
2009-05-30,,,813366.7,779714.91,
2009-05-31,,,831941.9,951849.73,
2009-06-01,,,601297.55,853761.71,
2009-06-02,,,633052.56,798481.12,
2009-06-03,,,631427.32,874603.35,
2009-06-04,,,659107.16,824384.61,
2009-06-05,,,616143.97,857123.95,
2009-06-06,,,575021.98,841960.14,
2009-06-07,,,721433.85,814500.21,
2009-06-08,,,598799.76,798886.55,
2009-06-09,,,556013.3,801717.97,
2009-06-10,,,573592.34,830420.24,
2009-06-11,,,564369.39,827346.63,
2009-06-12,,,556896.58,827416.85,
2009-06-13,,,513950.49,845347.85,
2009-06-14,,,636351.46,784572.3,
2009-06-15,,,549705.81,797925.44,
2009-06-16,,,525484.78,796593.42,
2009-06-17,,,506120.94,787570.1,
2009-06-18,,,562781.2,787149.25,
2009-06-19,,,480222.17,749633.06,
2009-06-20,,,507651.35,763379.67,
2009-06-21,,,554696.64,773117.98,
2009-06-22,,,557224.28,725023.71,
2009-06-23,,,564045.67,737700.51,
2009-06-24,,,612118.95,735516.45,
2009-06-25,,,586719.41,711060.11,
2009-06-26,,,600053.88,703881.05,
2009-06-27,,,603826.2,685199.54,
2009-06-28,,,768098.31,724037.11,
2009-06-29,,,713387.24,717546.0,
2009-06-30,,,654354.6,698630.6,
2009-07-01,,,704312.12,656249.18,
2009-07-02,,,623983.47,672180.08,
2009-07-03,,,647559.2,662607.56,
2009-07-04,,,598460.47,634042.38,
2009-07-05,,,662898.81,670936.07,
2009-07-06,,,637808.82,608389.94,
2009-07-07,,,583855.84,603956.27,
2009-07-08,,,597805.42,620744.19,
2009-07-09,,,494849.89,639086.75,
2009-07-10,,,416454.4,655080.48,
2009-07-11,,,412952.81,616470.43,
2009-07-12,,,410520.3,640337.39,
2009-07-13,,,412484.37,635476.3,
2009-07-14,,,406970.68,631046.29,
2009-07-15,,,410173.95,631428.19,
2009-07-16,,,414321.03,612814.58,
2009-07-17,,,410953.49,627415.44,
2009-07-18,,,411742.69,644480.01,
2009-07-19,,,413224.2,658193.21,
2009-07-20,,,406772.54,642825.44,
2009-07-21,,,412865.94,628080.14,
2009-07-22,,,405889.27,619401.18,
2009-07-23,,,400439.03,551446.91,
2009-07-24,,,399353.07,548135.84,
2009-07-25,,,405058.8,554382.24,
2009-07-26,,,412349.9,570762.48,
2009-07-27,,,405632.51,558798.25,
2009-07-28,,,383141.98,445199.46,
2009-07-29,,,408977.09,584702.3,
2009-07-30,,,412596.16,614113.02,
2009-07-31,,,414235.49,616616.01,
2009-08-01,,,418019.49,605422.92,
2009-08-02,,,418933.74,614788.41,
2009-08-03,,,410534.6,616238.2,
2009-08-04,,,425507.47,565612.87,
2009-08-05,,,380822.24,546300.87,
2009-08-06,,,400641.18,593946.45,
2009-08-07,,,417845.63,593625.76,
2009-08-08,,,405102.13,584919.24,
2009-08-09,,,427816.53,588110.91,
2009-08-10,,,410164.14,574374.18,
2009-08-11,,,409829.06,532185.17,
2009-08-12,,,379356.42,543347.27,
2009-08-13,,,401186.22,551399.27,
2009-08-14,,,399950.08,557181.68,
2009-08-15,,,403965.2,558116.05,
2009-08-16,,,443389.32,548994.14,
2009-08-17,,,447786.51,559076.74,
2009-08-18,,,419139.12,554208.03,
2009-08-19,,,422403.56,540965.85,
2009-08-20,,,424289.15,553661.71,
2009-08-21,,,402650.52,565112.68,
2009-08-22,,,403549.76,571875.72,
2009-08-23,,,425960.97,577906.45,
2009-08-24,,,423933.3,567507.01,
2009-08-25,,,420869.55,558135.38,
2009-08-26,,,434328.8,577185.54,
2009-08-27,,,431788.11,576978.11,
2009-08-28,,,418149.56,569153.37,
2009-08-29,,,417353.91,573174.2,
2009-08-30,,,441312.57,596710.53,
2009-08-31,,,455611.98,597302.86,
2009-09-01,,,455430.07,605004.94,
2009-09-02,,,456192.47,588090.36,
2009-09-03,,,442718.39,591028.55,
2009-09-04,,,431139.28,580018.89,
2009-09-05,,,463943.85,588369.21,
2009-09-06,,,467762.7,585346.71,
2009-09-07,,,454166.62,590194.14,
2009-09-08,,,445273.67,578711.13,
2009-09-09,,,432297.81,552561.86,
2009-09-10,,,448966.77,555141.41,
2009-09-11,,,441684.72,544289.15,
2009-09-12,,,462232.97,563106.21,
2009-09-13,,,436119.39,528591.04,
2009-09-14,,,449307.91,559486.68,
2009-09-15,,,462381.72,534796.93,
2009-09-16,,,446446.87,521485.89,
2009-09-17,,,426876.8,485367.76,
2009-09-18,,,402944.29,473876.09,
2009-09-19,,,430915.49,476312.84,
2009-09-20,,,493234.91,584437.69,
2009-09-21,,,511788.35,571509.6,
2009-09-22,,,522111.34,588117.74,
2009-09-23,,,536994.05,594960.22,
2009-09-24,,,514435.8,560955.56,
2009-09-25,,,505322.54,543378.24,
2009-09-26,,,501239.16,556849.75,
2009-09-27,,,491208.37,554886.94,
2009-09-28,,,497880.05,554299.1,
2009-09-29,,,501317.11,559854.64,
2009-09-30,,,477979.45,527680.58,
2009-10-01,,,482707.92,507803.95,
2009-10-02,,,473843.62,488248.83,
2009-10-03,,,472484.48,497554.41,
2009-10-04,,,490488.7,531462.29,
2009-10-05,,,484155.52,511656.96,
2009-10-06,,,480540.96,510008.13,
2009-10-07,,,481379.35,492709.59,
2009-10-08,,,477708.33,492423.12,
2009-10-09,,,483700.86,499116.91,
2009-10-10,,,498838.29,475795.25,
2009-10-11,,,500928.76,521164.48,
2009-10-12,,,486865.18,501221.38,
2009-10-13,,,486292.08,503816.96,
2009-10-14,,,487184.18,507089.12,
2009-10-15,,,484083.4,499789.36,
2009-10-16,,,471622.21,493319.03,
2009-10-17,,,473594.16,468361.99,
2009-10-18,,,481246.02,491809.02,
2009-10-19,,,470665.46,484382.82,
2009-10-20,,,498716.3,481853.28,
2009-10-21,,,495675.6,482988.01,
2009-10-22,,,490588.62,492950.73,
2009-10-23,,,501653.73,507872.34,
2009-10-24,,,470003.01,439474.51,
2009-10-25,,,508091.12,520996.72,
2009-10-26,,,499977.6,495404.95,
2009-10-27,,,497595.05,509412.82,
2009-10-28,,,485495.38,481666.21,
2009-10-29,,,474095.39,488326.87,
2009-10-30,,,528397.57,475961.42,
2009-10-31,,,557581.33,423926.02,
2009-11-01,,,879770.18,674293.12,
2009-11-02,,,1061527.99,800392.15,
2009-11-03,,,2060113.32,976148.2150000001,
2009-11-04,,,1445164.01,1151904.28,
2009-11-05,,,1200054.85,950826.52,
2009-11-06,,,1092888.65,878884.06,
2009-11-07,,,1039509.73,836223.14,
2009-11-08,,,1019816.72,826039.69,
2009-11-09,,,989589.01,779049.93,
2009-11-10,,,934501.66,732216.47,
2009-11-11,,,830280.35,645741.05,
2009-11-12,,,817244.98,654127.29,
2009-11-13,,,848388.75,706455.23,
2009-11-14,,,881721.5,699411.18,
2009-11-15,,,873696.82,700395.43,
2009-11-16,,,851748.98,697805.56,
2009-11-17,,,822713.87,641360.53,
2009-11-18,,,794670.01,691592.07,
2009-11-19,,,716759.65,723135.74,
2009-11-20,,,768748.72,714120.58,
2009-11-21,,,745744.74,711600.58,
2009-11-22,,,715592.85,697106.54,
2009-11-23,,,754866.74,770166.15,
2009-11-24,,,768691.85,692477.48,
2009-11-25,,,767534.06,675092.97,
2009-11-26,,,755961.59,692777.43,
2009-11-27,,,754078.12,685207.46,
2009-11-28,,,761278.62,693975.02,
2009-11-29,,,738565.05,701709.87,
2009-11-30,,,733357.78,693219.54,
2009-12-01,,,713300.26,674832.17,
2009-12-02,,,738126.0,691722.94,
2009-12-03,,,744372.0,681138.66,
2009-12-04,,,748836.0,689985.3,
2009-12-05,,,760284.0,710308.31,
2009-12-06,,,740268.0,706644.1,
2009-12-07,,,755640.0,723795.59,
2009-12-08,,,767556.0,683636.55,
2009-12-09,,,802008.0,685373.51,
2009-12-10,,,777852.0,861977.64,
2009-12-11,,,722556.0,1162681.04,
2009-12-12,,,754002.0,1289049.84,
2009-12-13,,,1164744.0,1171217.33,
2009-12-14,,,1370736.0,1080900.76,
2009-12-15,,,1326888.0,1253717.112,
2009-12-16,,,1224936.0,1426533.4640000002,
2009-12-17,,,1446174.0,1599349.816,
2009-12-18,,,1651743.0,,
2009-12-19,,,1857312.0,1944982.52,
2009-12-20,,,2062881.0,1783141.97,
2009-12-21,,,2268450.0,1589296.19,
2009-12-22,,,2072430.0,1541533.97,
2009-12-23,,,1831482.0,1398885.8,
2009-12-24,,,1736658.0,1416617.32,
2009-12-25,,,1614132.0,1328660.5,
2009-12-26,,,1602648.0,1290883.81,
2009-12-27,,,1519560.0,1295656.03,
2009-12-28,,,1480680.0,1275312.97,
2009-12-29,,,1464894.0,1257612.95,
2009-12-30,,,1451844.0,1175902.91,
2009-12-31,,,1414062.0,1186302.11,
2010-01-01,,,1313946.0,1225133.46,
2010-01-02,,,1398078.0,1138374.83,
2010-01-03,,,1341090.0,1227521.37,
2010-01-04,,,1065456.0,1127434.45,
2010-01-05,,,1053216.0,1200842.58,
2010-01-06,,,1245870.0,1142483.55,
2010-01-07,,,1273338.0,1070690.95,
2010-01-08,,,1193436.0,1143781.82,
2010-01-09,,,1255680.0,1123090.57,
2010-01-10,,,1231200.0,1071995.32,
2010-01-11,,,1206576.0,1083998.86,
2010-01-12,,,1210428.0,1078664.87,
2010-01-13,,,1202688.0,1056418.8,
2010-01-14,,,1177128.0,1004867.19,
2010-01-15,,,1124388.0,1044197.55,
2010-01-16,,,1169748.0,1074348.58,
2010-01-17,,,1175904.0,1045259.37,
2010-01-18,,,1160064.0,2425646.48,
2010-01-19,,,2950848.0,2645805.75,
2010-01-20,,,3526194.0,2865965.02,
2010-01-21,,,4101540.0,3086124.29,
2010-01-22,,,4676886.0,3306283.56,
2010-01-23,,,3423960.0,2837114.08,
2010-01-24,,,3064626.0,3237204.94,
2010-01-25,,,3339570.0,3637295.8,
2010-01-26,,,3614514.0,4037386.66,
2010-01-27,,,3889458.0,3275149.73,
2010-01-28,,,3288924.0,2906583.0,
2010-01-29,,,2992410.0,2678067.07,
2010-01-30,,,2849418.0,2528124.95,
2010-01-31,,,2668878.0,2383502.75,
2010-02-01,,,2526133.88,2310311.45,
2010-02-02,,,2441789.82,2214500.1,
2010-02-03,,,2412811.14,2142178.57,
2010-02-04,,,2638304.53,2369086.7,
2010-02-05,,,2621814.96,2188515.34,
2010-02-06,,,2369383.09,2068816.58,
2010-02-07,,,2271982.64,1989429.66,
2010-02-08,,,2225996.12,1880638.74,
2010-02-09,,,2178505.14,1839672.0,
2010-02-10,,,2155415.16,1812503.52,
2010-02-11,,,2092775.58,1789476.48,
2010-02-12,,,2048192.62,1754126.75,
2010-02-13,,,2028286.39,1739397.81,
2010-02-14,,,1985810.25,1718254.08,
2010-02-15,,,1912399.2,1708130.22,
2010-02-16,,,1904256.0,1708128.0,
2010-02-17,,,1904256.0,1708128.0,
2010-02-18,,,1904256.0,1708128.0,
2010-02-19,,,1876254.84,1682064.0,
2010-02-20,,,1882571.15,1700792.64,
2010-02-21,,,1898944.16,1621915.33,
2010-02-22,,,1855497.34,1601277.23,
2010-02-23,,,1842930.2,1619418.76,
2010-02-24,,,1830816.0,1592352.0,
2010-02-25,,,1809751.03,1569055.74,
2010-02-26,,,1833055.6,1629102.34,
2010-02-27,,,4173677.02,4758281.14,
2010-02-28,,,4097611.03,4383031.51,
2010-03-01,,,5857154.69,4937090.31,
2010-03-02,,,3620979.37,3280345.82,
2010-03-03,,,3137574.46,2873963.42,
2010-03-04,,,2902905.16,2626935.16,
2010-03-05,,,2715444.86,2413714.54,
2010-03-06,,,2623352.56,2315950.4,
2010-03-07,,,2570696.34,2221624.8,
2010-03-08,,,2433414.27,2115782.36,
2010-03-09,,,2251653.5,2038622.85,
2010-03-10,,,2139255.01,1973126.32,
2010-03-11,,,2080762.97,1894182.48,
2010-03-12,,,2021204.35,1853271.84,
2010-03-13,,,2062569.52,1888636.5,
2010-03-14,,,1960331.84,1757161.07,
2010-03-15,,,1944245.1,1768169.25,
2010-03-16,,,1932986.9,1746426.97,
2010-03-17,,,1940170.16,1736941.2,
2010-03-18,,,1876603.91,1698228.37,
2010-03-19,,,1840452.13,1615729.09,
2010-03-20,,,1838078.73,1611509.12,
2010-03-21,,,1758011.65,1602047.94,
2010-03-22,,,1694489.52,1592352.0,
2010-03-23,,,1688225.84,1506347.92,
2010-03-24,,,1670435.75,1411790.84,
2010-03-25,,,1654370.37,1548103.05,
2010-03-26,,,1629894.48,1461756.7,
2010-03-27,,,1652784.15,1449171.34,
2010-03-28,,,1604026.92,1454605.5,
2010-03-29,,,1565395.53,1421023.29,
2010-03-30,,,1536494.03,1417805.59,
2010-03-31,,,1480830.04,1352809.82,
2010-04-01,,,1466638.66,1369732.88,
2010-04-02,,,1447282.04,1347811.4,
2010-04-03,,,1475268.59,1363613.01,
2010-04-04,,,1455584.12,1322266.14,
2010-04-05,,,1449832.42,1356158.64,
2010-04-06,,,1461786.02,1382201.59,
2010-04-07,,,1358092.22,1322654.4,
2010-04-08,,,1353085.98,1313290.98,
2010-04-09,,,1333536.05,1293556.51,
2010-04-10,,,1316138.19,1275237.27,
2010-04-11,,,1346093.74,1300350.31,
2010-04-12,,,1310634.65,1288629.59,
2010-04-13,,,1318301.75,1319254.74,
2010-04-14,,,1327947.82,1299148.18,
2010-04-15,,,1298646.42,1263202.8,
2010-04-16,,,1295985.25,1235628.78,
2010-04-17,,,1294247.52,1173509.47,
2010-04-18,,,1344056.59,1234515.24,
2010-04-19,,,1279863.82,1153358.7,
2010-04-20,,,1224256.36,1109832.38,
2010-04-21,,,1321441.4,1196675.69,
2010-04-22,,,1228107.05,1105656.58,
2010-04-23,,,1197410.53,1080605.71,
2010-04-24,,,1090211.55,993467.32,
2010-04-25,,,1195124.5,1121406.3,
2010-04-26,,,1151711.37,1091172.01,
2010-04-27,,,1164252.39,1056315.73,
2010-04-28,,,1137494.99,1063225.29,
2010-04-29,,,1179213.65,1107313.21,
2010-04-30,,,1123283.33,1061614.98,
2010-05-01,,,1155572.42,1054849.86,
2010-05-02,,,1213403.76,1083556.08,
2010-05-03,,,1112870.44,1021099.79,
2010-05-04,,,1020489.8,1035342.82,
2010-05-05,,,1058741.23,1045618.68,
2010-05-06,,,1000671.75,1024940.82,
2010-05-07,,,995863.62,1059007.34,
2010-05-08,,,999070.72,1032474.59,
2010-05-09,,,1084917.37,1072382.24,
2010-05-10,,,932687.57,1020793.48,
2010-05-11,,,835530.5,1013753.11,
2010-05-12,,,911491.32,959620.33,
2010-05-13,,,849115.76,973822.01,
2010-05-14,,,844534.39,975763.82,
2010-05-15,,,815809.69,969394.94,
2010-05-16,,,878971.82,976425.99,
2010-05-17,,,700050.94,873605.52,
2010-05-18,,,800702.01,1009602.87,
2010-05-19,,,824399.0,949475.84,
2010-05-20,,,897460.32,973402.13,
2010-05-21,,,787760.88,900841.67,
2010-05-22,,,807293.39,957465.69,
2010-05-23,,,877957.23,979671.83,
2010-05-24,,,753735.73,922964.31,
2010-05-25,,,714845.31,841867.47,
2010-05-26,,,696381.28,904471.64,
2010-05-27,,,738607.75,838990.08,
2010-05-28,,,741367.26,821715.76,
2010-05-29,,,772090.06,859404.4,
2010-05-30,,,837515.31,908546.81,
2010-05-31,,,720002.04,785501.75,
2010-06-01,,,668090.5,764603.95,
2010-06-02,,,569843.29,760610.22,
2010-06-03,,,607702.76,806868.41,
2010-06-04,,,684005.28,819854.56,
2010-06-05,,,662528.35,765989.09,
2010-06-06,,,699059.7,833125.49,
2010-06-07,,,729170.24,867873.86,
2010-06-08,,,643686.48,816893.32,
2010-06-09,,,590750.35,792948.36,
2010-06-10,,,679499.3,820426.34,
2010-06-11,,,625375.62,827487.0,
2010-06-12,,,632366.51,758469.0,
2010-06-13,,,705353.9,823030.17,
2010-06-14,,,580367.77,719047.74,
2010-06-15,,,523149.13,717619.5,
2010-06-16,,,520094.93,765493.5,
2010-06-17,,,511591.38,720441.96,
2010-06-18,,,525738.94,729948.68,
2010-06-19,,,566814.97,752736.59,
2010-06-20,,,620363.05,732846.77,
2010-06-21,,,367480.11,661100.34,
2010-06-22,,,363553.8,685846.82,
2010-06-23,,,369983.04,693465.11,
2010-06-24,,,368593.73,703215.81,
2010-06-25,,,372832.93,711279.0,
2010-06-26,,,386211.82,738121.5,
2010-06-27,,,390920.98,700674.83,
2010-06-28,,,375209.47,714549.44,
2010-06-29,,,377668.76,666232.7,
2010-06-30,,,364280.06,713920.05,
2010-07-01,,,369038.38,645059.03,
2010-07-02,,,364703.43,714494.76,
2010-07-03,,,378753.97,718138.5,
2010-07-04,,,381928.88,733837.5,
2010-07-05,,,379279.06,958521.0,
2010-07-06,,,373481.17,1003235.81,
2010-07-07,,,368804.88,708007.91,
2010-07-08,,,379440.31,616403.04,
2010-07-09,,,375844.13,646731.68,
2010-07-10,,,388074.53,667983.66,
2010-07-11,,,395836.56,603062.56,
2010-07-12,,,378880.92,580013.01,
2010-07-13,,,376899.87,579637.17,
2010-07-14,,,369053.11,605840.6,
2010-07-15,,,366360.21,585958.64,
2010-07-16,,,367611.63,589305.41,
2010-07-17,,,384483.51,596602.98,
2010-07-18,,,397676.86,659376.96,
2010-07-19,,,382852.13,585873.53,
2010-07-20,,,380916.51,574867.75,
2010-07-21,,,395494.88,615310.83,
2010-07-22,,,386149.25,600961.83,
2010-07-23,,,377961.03,607979.51,
2010-07-24,,,401458.08,645523.24,
2010-07-25,,,412790.25,628106.24,
2010-07-26,,,396051.16,580161.8,
2010-07-27,,,381716.92,587787.74,
2010-07-28,,,394769.69,597169.23,
2010-07-29,,,400631.38,620475.14,
2010-07-30,,,396033.34,600072.47,
2010-07-31,,,412135.25,611742.15,
2010-08-01,,,415930.13,598910.1,
2010-08-02,,,398571.11,592944.37,
2010-08-03,,,398045.89,600155.55,
2010-08-04,,,416204.89,612634.95,
2010-08-05,,,409705.18,589418.73,
2010-08-06,,,393386.07,555258.52,
2010-08-07,,,419785.76,575315.0,
2010-08-08,,,419716.77,587429.46,
2010-08-09,,,411665.89,569190.01,
2010-08-10,,,445142.29,631845.02,
2010-08-11,,,431753.03,602895.06,
2010-08-12,,,413249.25,596800.8,
2010-08-13,,,406480.68,567927.37,
2010-08-14,,,421519.82,570514.59,
2010-08-15,,,430784.09,593987.66,
2010-08-16,,,414185.33,557884.07,
2010-08-17,,,415418.36,544859.41,
2010-08-18,,,432944.11,542909.87,
2010-08-19,,,430766.61,541851.93,
2010-08-20,,,426291.64,561086.73,
2010-08-21,,,424887.85,579592.08,
2010-08-22,,,426719.4,588309.21,
2010-08-23,,,420609.72,579807.83,
2010-08-24,,,419961.56,571690.01,
2010-08-25,,,414732.49,578298.69,
2010-08-26,,,406397.9,551598.57,
2010-08-27,,,423846.88,575604.64,
2010-08-28,,,431416.06,602823.65,
2010-08-29,,,429811.81,607631.85,
2010-08-30,,,423329.69,588598.66,
2010-08-31,,,430056.14,592938.1,
2010-09-01,,,431825.42,559468.54,
2010-09-02,,,422223.35,535780.89,
2010-09-03,,,419174.46,524555.6,
2010-09-04,,,429222.96,572666.35,
2010-09-05,,,434459.76,571952.13,
2010-09-06,,,437986.88,548835.15,
2010-09-07,,,441116.57,570413.22,
2010-09-08,,,429776.39,551397.7,
2010-09-09,,,450741.85,557978.49,
2010-09-10,,,469929.7,614209.84,
2010-09-11,,,471293.1,558711.42,
2010-09-12,,,474736.08,604000.23,
2010-09-13,,,463164.93,591041.77,
2010-09-14,,,463598.42,560933.55,
2010-09-15,,,459249.19,548566.61,
2010-09-16,,,435073.85,541554.06,
2010-09-17,,,440245.03,538173.05,
2010-09-18,,,467003.05,541102.16,
2010-09-19,,,463823.52,531325.18,
2010-09-20,,,460271.87,520015.93,
2010-09-21,,,473350.66,500582.58,
2010-09-22,,,457136.62,500619.19,
2010-09-23,,,469874.17,546846.23,
2010-09-24,,,517982.09,532913.25,
2010-09-25,,,476738.01,506083.68,
2010-09-26,,,483869.74,505885.95,
2010-09-27,,,502006.06,581864.69,
2010-09-28,,,503681.67,495241.95,
2010-09-29,,,471341.03,543633.65,
2010-09-30,,,484942.83,521964.16,
2010-10-01,,,455511.3,503935.79,
2010-10-02,,,489005.8,497358.38,
2010-10-03,,,500809.96,500454.65,
2010-10-04,,,485616.42,523542.45,
2010-10-05,,,494200.82,534644.12,
2010-10-06,,,511535.9,521173.03,
2010-10-07,,,510756.36,517405.24,
2010-10-08,,,517884.34,536445.88,
2010-10-09,,,547911.37,529536.61,
2010-10-10,,,549283.45,551561.52,
2010-10-11,,,531426.0,580791.35,
2010-10-12,,,556417.71,549286.74,
2010-10-13,,,534100.27,532138.74,
2010-10-14,,,528487.28,524944.34,
2010-10-15,,,526652.48,523294.73,
2010-10-16,,,537917.48,514026.81,
2010-10-17,,,522118.42,513249.4,
2010-10-18,,,532084.5,530466.99,
2010-10-19,,,528193.55,526417.26,
2010-10-20,,,533049.3,500394.49,
2010-10-21,,,508905.69,511573.16,
2010-10-22,,,556373.7,523399.79,
2010-10-23,,,570197.2,527700.54,
2010-10-24,,,563162.81,531759.43,
2010-10-25,,,572002.3,537165.13,
2010-10-26,,,579467.52,497974.04,
2010-10-27,,,560461.2,532431.93,
2010-10-28,,,597528.68,529546.11,
2010-10-29,,,509906.49,526421.31,
2010-10-30,,,409358.3,548341.59,
2010-10-31,,,416167.0,545036.76,
2010-11-01,,,402366.54,527239.92,
2010-11-02,,,391772.11,537928.67,
2010-11-03,,,400264.36,540866.58,
2010-11-04,,,396536.09,522041.77,
2010-11-05,,,389228.19,533498.31,
2010-11-06,,,396699.04,520505.02,
2010-11-07,,,391594.41,524578.36,
2010-11-08,,,389389.6,534870.04,
2010-11-09,,,389310.76,537548.92,
2010-11-10,,,385392.5,530480.87,
2010-11-11,,,389823.81,516276.71,
2010-11-12,,,381878.47,545106.44,
2010-11-13,,,389597.73,511625.19,
2010-11-14,,,396753.52,539185.64,
2010-11-15,,,388008.95,529895.88,
2010-11-16,,,389383.33,519377.58,
2010-11-17,,,379128.51,507106.62,
2010-11-18,,,376802.96,507821.85,
2010-11-19,,,375444.26,524262.1,
2010-11-20,,,390454.86,520303.65,
2010-11-21,,,394452.9,505765.71,
2010-11-22,,,383908.65,468529.92,
2010-11-23,,,684821.83,602164.71,
2010-11-24,,,821178.54,690639.56,
2010-11-25,,,953262.98,641725.14,
2010-11-26,,,860900.8,655613.53,
2010-11-27,,,828658.26,671927.9,
2010-11-28,,,927669.69,651091.05,
2010-11-29,,,806252.79,618414.65,
2010-11-30,,,740505.38,604475.42,
2010-12-01,,,559047.66,579912.27,
2010-12-02,,,732348.27,579847.79,
2010-12-03,,,709832.71,577750.88,
2010-12-04,,,781048.32,613675.21,
2010-12-05,,,898155.49,622140.05,
2010-12-06,,,1004562.85,646900.57,
2010-12-07,,,775388.68,687983.64,
2010-12-08,,,368977.92,666086.18,
2010-12-09,,,379189.91,669578.9,
2010-12-10,,,426400.12,689981.66,
2010-12-11,,,458181.53,738798.53,
2010-12-12,,,1123598.27,1031246.32,
2010-12-13,,,1304807.605,1867377.92,
2010-12-14,,,1486016.94,1139346.67,
2010-12-15,,,1068925.94,916192.18,
2010-12-16,,,900643.29,871958.36,
2010-12-17,,,724218.9,857630.92,
2010-12-18,,,795858.4,876305.47,
2010-12-19,,,579895.77,846148.17,
2010-12-20,,,753197.94,917933.83,
2010-12-21,,,711732.55,874989.33,
2010-12-22,,,659661.85,874087.93,
2010-12-23,,,690204.55,872623.22,
2010-12-24,,,759228.23,879230.79,
2010-12-25,,,620944.26,910444.06,
2010-12-26,,,651832.25,853907.46,
2010-12-27,,,663851.29,870165.84,
2010-12-28,,,643216.05,856005.05,
2010-12-29,,,616227.98,841907.35,
2010-12-30,,,592941.81,822224.35,
2010-12-31,,,644125.09,827531.57,
2011-01-01,,,611327.28,827887.24,
2011-01-02,,,546114.58,816203.43,
2011-01-03,,,668749.62,823779.3,
2011-01-04,,,642358.73,829908.25,
2011-01-05,,,662028.3,833788.66,
2011-01-06,,,624857.9,835368.51,
2011-01-07,,,741319.18,849971.76,
2011-01-08,,,654620.71,848507.06,
2011-01-09,,,830470.14,903214.29,
2011-01-10,,,777468.71,864072.36,
2011-01-11,,,696394.97,852838.06,
2011-01-12,,,662893.29,884589.63,
2011-01-13,,,633265.52,884721.28,
2011-01-14,,,581258.91,885629.13,
2011-01-15,,,592010.97,878407.72,
2011-01-16,,,586835.86,857751.94,
2011-01-17,,,643432.19,915333.87,
2011-01-18,,,655263.8,879784.88,
2011-01-19,,,619551.75,881812.23,
2011-01-20,,,606153.32,837096.03,
2011-01-21,,,539642.4,825688.8,
2011-01-22,,,563485.17,833969.75,
2011-01-23,,,552890.17,832612.86,
2011-01-24,,,560434.45,837250.02,
2011-01-25,,,560579.5,813898.89,
2011-01-26,,,608201.7,833017.85,
2011-01-27,,,638504.3,841456.65,
2011-01-28,,,666008.69,792989.55,
2011-01-29,,,618927.83,795059.07,
2011-01-30,,,1357736.89,1664849.98,
2011-01-31,,,2577459.85,2364667.39,
2011-02-01,,,2200015.39,1833377.37,
2011-02-02,,,1711821.9,1541611.55,
2011-02-03,,,1507343.54,1435889.79,
2011-02-04,,,3057871.54,3747076.0,
2011-02-05,,,3892170.77,2672929.52,
2011-02-06,,,2451991.41,2076930.7,
2011-02-07,,,2167637.61,1949882.42,
2011-02-08,,,2228484.59,1874737.12,
2011-02-09,,,2033058.26,1735131.51,
2011-02-10,,,1873448.14,1630705.98,
2011-02-11,,,1787849.68,1635632.98,
2011-02-12,,,1746318.12,1599264.0,
2011-02-13,,,1671453.85,1469232.0,
2011-02-14,,,1440685.27,1394928.0,
2011-02-15,,,1496360.2,1691280.0,
2011-02-16,,,2138631.23,2630016.0,
2011-02-17,,,3707409.5,2758320.0,
2011-02-18,,,2441036.2,2098224.0,
2011-02-19,,,2152518.42,2009664.0,
2011-02-20,,,2232197.33,3215808.0,
2011-02-21,,,4994342.09,3653424.0,
2011-02-22,,,3262949.47,2726352.0,
2011-02-23,,,2810310.52,2410128.0,
2011-02-24,,,2518040.84,2203200.0,
2011-02-25,,,2322530.93,2050704.0,
2011-02-26,,,2663854.94,2491559.13,
2011-02-27,,,6391458.97,4326947.1,
2011-02-28,,,3739806.75,3312520.99,
2011-03-01,,,3280888.49,2945638.36,
2011-03-02,,,2935023.75,2612278.66,
2011-03-03,,,2725535.73,2361612.65,
2011-03-04,,,2487740.17,2220411.95,
2011-03-05,,,2427217.13,2110170.0,
2011-03-06,,,2298851.58,2029131.9,
2011-03-07,,,2164697.68,1988234.43,
2011-03-08,,,2380237.37,2070726.99,
2011-03-09,,,3878271.31,3669272.4,
2011-03-10,,,5320625.735,4758477.45,
2011-03-11,,,6762980.16,5847682.5,
2011-03-12,,,4612295.1,4050541.5,
2011-03-13,,,3772005.0,3442513.5,
2011-03-14,,,3477160.06,3157635.78,
2011-03-15,,,3271976.24,2984170.94,
2011-03-16,,,3124229.9,2848894.5,
2011-03-17,,,2972266.54,2670722.78,
2011-03-18,,,2856912.77,2596011.66,
2011-03-19,,,2781112.42,2561575.08,
2011-03-20,,,2780513.49,2513788.44,
2011-03-21,,,2726931.21,2463245.52,
2011-03-22,,,2606421.77,2432926.04,
2011-03-23,,,2701647.4,2527088.82,
2011-03-24,,,2989228.26,2830975.56,
2011-03-25,,,3017979.0,2673402.48,
2011-03-26,,,2761756.32,2509852.14,
2011-03-27,,,2656454.61,2406782.22,
2011-03-28,,,2606453.46,2328695.01,
2011-03-29,,,2477278.07,2227919.88,
2011-03-30,,,2438906.17,2191127.94,
2011-03-31,,,2328004.63,2086800.15,
2011-04-01,,,2310544.16,2029943.0,
2011-04-02,,,2227763.82,1974884.45,
2011-04-03,,,2251439.53,2027081.82,
2011-04-04,,,2349816.24,2114305.83,
2011-04-05,,,2350115.23,2107282.5,
2011-04-06,,,2619941.33,2264728.5,
2011-04-07,,,2399246.91,2055059.76,
2011-04-08,,,2321739.37,2008041.33,
2011-04-09,,,2184411.58,1932286.4,
2011-04-10,,,2209816.1,1976790.87,
2011-04-11,,,2227875.92,1991769.47,
2011-04-12,,,2160127.93,1921448.94,
2011-04-13,,,2135409.9,1887565.7,
2011-04-14,,,1992745.54,1778650.17,
2011-04-15,,,1923321.48,1732611.02,
2011-04-16,,,1895789.46,1709190.99,
2011-04-17,,,1911067.72,1745439.0,
2011-04-18,,,1739699.03,1633767.36,
2011-04-19,,,1786322.63,1637590.2,
2011-04-20,,,1770458.99,1647122.36,
2011-04-21,,,1715668.84,1626126.5,
2011-04-22,,,1830379.99,1663189.68,
2011-04-23,,,1823394.83,1618425.8,
2011-04-24,,,1774877.92,1605505.26,
2011-04-25,,,1743922.91,1581287.94,
2011-04-26,,,1726906.97,1565065.53,
2011-04-27,,,1555678.03,1499878.92,
2011-04-28,,,1603207.2,1562207.67,
2011-04-29,,,1799614.88,1622491.31,
2011-04-30,,,1886987.61,1657923.93,
2011-05-01,,,1875737.52,1621572.66,
2011-05-02,,,1783630.02,1523314.31,
2011-05-03,,,1724604.98,1563926.04,
2011-05-04,,,1712477.55,1587291.48,
2011-05-05,,,1679712.02,1563971.58,
2011-05-06,,,1626610.26,1521483.81,
2011-05-07,,,1636870.38,1526389.02,
2011-05-08,,,1608902.85,1519627.28,
2011-05-09,,,1537418.9,1493882.54,
2011-05-10,,,1498215.62,1456518.96,
2011-05-11,,,1510901.45,1462126.88,
2011-05-12,,,1536195.52,1464591.81,
2011-05-13,,,1547638.62,1492515.81,
2011-05-14,,,1768817.87,1548009.18,
2011-05-15,,,1670386.61,1487248.14,
2011-05-16,,,1639709.27,1480400.25,
2011-05-17,,,1653761.15,1478859.2,
2011-05-18,,,1454587.47,1427142.3,
2011-05-19,,,1306398.33,1381616.18,
2011-05-20,,,1335325.69,1377996.6,
2011-05-21,,,1353599.46,1381135.74,
2011-05-22,,,1383167.99,1338857.1,
2011-05-23,,,1250562.14,1270200.51,
2011-05-24,,,1140528.22,1283306.85,
2011-05-25,,,1161431.71,1275902.9,
2011-05-26,,,1111074.54,1293737.9,
2011-05-27,,,1094058.38,1272817.02,
2011-05-28,,,1102050.85,1288618.86,
2011-05-29,,,1106004.66,1284780.21,
2011-05-30,,,882523.78,1229992.62,
2011-05-31,,,860758.21,1204102.02,
2011-06-01,,,823656.71,1204452.96,
2011-06-02,,,853912.39,1205876.67,
2011-06-03,,,810684.76,1215518.16,
2011-06-04,,,835213.36,1191750.47,
2011-06-05,,,846274.52,1157644.02,
2011-06-06,,,783171.84,1155639.0,
2011-06-07,,,767889.28,1127304.9,
2011-06-08,,,760389.3,1147712.7,
2011-06-09,,,799888.41,1143731.46,
2011-06-10,,,721744.87,1073418.0,
2011-06-11,,,719826.17,1119390.33,
2011-06-12,,,766825.76,1150878.57,
2011-06-13,,,733287.98,1076769.54,
2011-06-14,,,751594.31,1118480.82,
2011-06-15,,,719771.19,1117555.74,
2011-06-16,,,702914.58,1082029.67,
2011-06-17,,,664147.09,1103470.05,
2011-06-18,,,697304.91,1116174.24,
2011-06-19,,,717358.94,1042300.62,
2011-06-20,,,621107.75,989927.69,
2011-06-21,,,619868.51,1033710.35,
2011-06-22,,,602732.92,1051372.02,
2011-06-23,,,613438.84,1038223.74,
2011-06-24,,,631484.43,1064576.4,
2011-06-25,,,666883.02,1079384.58,
2011-06-26,,,659787.02,1063319.76,
2011-06-27,,,549325.48,1176517.5,
2011-06-28,,,618812.2,1005067.5,
2011-06-29,,,637238.49,1027173.0,
2011-06-30,,,605888.8,995951.48,
2011-07-01,,,523605.26,1002635.88,
2011-07-02,,,569632.65,1032548.12,
2011-07-03,,,600379.52,999444.0,
2011-07-04,,,569925.3,982901.42,
2011-07-05,,,563989.65,1012290.8,
2011-07-06,,,568262.67,1011823.5,
2011-07-07,,,581942.73,1011112.5,
2011-07-08,,,546198.21,1024463.63,
2011-07-09,,,588640.23,1030882.88,
2011-07-10,,,585472.84,967147.86,
2011-07-11,,,535639.77,975854.25,
2011-07-12,,,548582.28,969399.08,
2011-07-13,,,556142.47,947530.08,
2011-07-14,,,501393.92,935890.5,
2011-07-15,,,493163.19,953994.3,
2011-07-16,,,547119.64,1015137.96,
2011-07-17,,,592296.49,991995.2,
2011-07-18,,,527227.37,967165.83,
2011-07-19,,,526166.7,952320.0,
2011-07-20,,,524941.21,967399.5,
2011-07-21,,,511848.69,967488.0,
2011-07-22,,,534752.75,987827.58,
2011-07-23,,,587322.72,997621.98,
2011-07-24,,,565295.45,977620.5,
2011-07-25,,,524918.56,939414.59,
2011-07-26,,,504454.85,959641.44,
2011-07-27,,,500621.54,948061.5,
2011-07-28,,,499717.92,944851.5,
2011-07-29,,,517516.44,936831.0,
2011-07-30,,,540613.06,996872.34,
2011-07-31,,,544898.89,988142.79,
2011-08-01,,,538135.31,944315.13,
2011-08-02,,,496891.75,946939.5,
2011-08-03,,,523394.73,954079.5,
2011-08-04,,,523766.1,953377.5,
2011-08-05,,,519163.28,990635.1,
2011-08-06,,,537118.53,973426.05,
2011-08-07,,,576796.49,984540.0,
2011-08-08,,,515487.79,954660.86,
2011-08-09,,,514200.26,959147.33,
2011-08-10,,,421250.27,985738.25,
2011-08-11,,,442553.59,976171.5,
2011-08-12,,,411312.78,957922.44,
2011-08-13,,,434561.91,968512.73,
2011-08-14,,,460000.92,985893.0,
2011-08-15,,,500168.23,984814.5,
2011-08-16,,,505917.71,926714.1,
2011-08-17,,,489277.33,912203.7,
2011-08-18,,,540364.3,983587.32,
2011-08-19,,,545350.45,868775.04,
2011-08-20,,,555709.72,875623.82,
2011-08-21,,,571807.88,949375.05,
2011-08-22,,,576419.46,865324.8,
2011-08-23,,,542859.13,876110.4,
2011-08-24,,,546313.13,882544.71,
2011-08-25,,,590872.23,890946.9,
2011-08-26,,,606707.62,899327.96,
2011-08-27,,,611200.74,910160.7,
2011-08-28,,,653579.04,901652.13,
2011-08-29,,,662835.58,867606.98,
2011-08-30,,,645467.21,892728.03,
2011-08-31,,,613308.76,879102.93,
2011-09-01,,,643564.13,906393.03,
2011-09-02,,,625313.82,903343.65,
2011-09-03,,,582748.98,849415.49,
2011-09-04,,,640046.71,913994.7,
2011-09-05,,,513331.35,886470.0,
2011-09-06,,,482542.3,882963.0,
2011-09-07,,,481792.98,877010.25,
2011-09-08,,,483082.58,893553.56,
2011-09-09,,,499820.73,902257.08,
2011-09-10,,,504013.33,863313.15,
2011-09-11,,,559399.29,873560.16,
2011-09-12,,,503086.06,871888.07,
2011-09-13,,,509900.77,856670.58,
2011-09-14,,,515028.74,847422.89,
2011-09-15,,,518937.85,895538.46,
2011-09-16,,,506645.6,873317.4,
2011-09-17,,,605534.09,878034.0,
2011-09-18,,,583608.73,832683.0,
2011-09-19,,,554583.93,851862.0,
2011-09-20,,,561695.07,873718.5,
2011-09-21,,,570771.3,874471.5,
2011-09-22,,,573861.47,873905.55,
2011-09-23,,,625884.71,853895.52,
2011-09-24,,,638940.49,657683.21,
2011-09-25,,,741400.31,706460.82,
2011-09-26,,,751884.81,693883.56,
2011-09-27,,,732746.49,686337.47,
2011-09-28,,,704109.4,668485.92,
2011-09-29,,,661287.01,665056.5,
2011-09-30,,,609648.62,668683.2,
2011-10-01,,,634576.6,664372.82,
2011-10-02,,,701809.14,678935.66,
2011-10-03,,,700216.45,673717.2,
2011-10-04,,,683030.71,667486.95,
2011-10-05,,,670813.71,654673.5,
2011-10-06,,,650292.72,660213.75,
2011-10-07,,,669788.8,658963.65,
2011-10-08,,,684147.91,656488.95,
2011-10-09,,,725799.34,669202.91,
2011-10-10,,,706310.03,656049.09,
2011-10-11,,,648055.72,639339.36,
2011-10-12,,,459275.66,671839.02,
2011-10-13,,,423908.84,663908.99,
2011-10-14,,,401995.45,658564.8,
2011-10-15,,,398094.24,645483.54,
2011-10-16,,,415200.24,657606.02,
2011-10-17,,,417717.2,648726.44,
2011-10-18,,,425048.82,645453.0,
2011-10-19,,,439441.15,647558.01,
2011-10-20,,,422989.13,641276.4,
2011-10-21,,,473988.81,659769.45,
2011-10-22,,,435383.62,633207.54,
2011-10-23,,,477500.75,658503.5,
2011-10-24,,,512456.89,654942.42,
2011-10-25,,,480310.45,649242.18,
2011-10-26,,,476537.9,650911.68,
2011-10-27,,,493807.95,646237.5,
2011-10-28,,,480353.2,644868.44,
2011-10-29,,,452442.9,654759.95,
2011-10-30,,,487803.41,640209.62,
2011-10-31,,,437688.47,636785.9,
2011-11-01,,,485671.28,641284.11,
2011-11-02,,,491190.01,642755.24,
2011-11-03,,,467679.17,651288.02,
2011-11-04,,,540391.83,682824.0,
2011-11-05,,,476436.79,664707.32,
2011-11-06,,,491119.17,670083.92,
2011-11-07,,,487098.26,664703.94,
2011-11-08,,,484660.49,656522.7,
2011-11-09,,,451938.25,659180.04,
2011-11-10,,,459023.74,658672.82,
2011-11-11,,,434080.45,656256.45,
2011-11-12,,,428880.09,650693.28,
2011-11-13,,,425937.39,647298.09,
2011-11-14,,,432225.19,659265.75,
2011-11-15,,,477304.11,673304.43,
2011-11-16,,,503598.13,665002.59,
2011-11-17,,,500810.7,668856.68,
2011-11-18,,,513743.14,679613.97,
2011-11-19,,,513830.15,677911.68,
2011-11-20,,,539751.89,681685.61,
2011-11-21,,,513188.93,677337.68,
2011-11-22,,,465075.42,671848.5,
2011-11-23,,,446560.74,683155.97,
2011-11-24,,,462123.21,683161.94,
2011-11-25,,,452557.35,671135.69,
2011-11-26,,,437492.25,657763.37,
2011-11-27,,,437685.21,655873.98,
2011-11-28,,,431471.44,663597.24,
2011-11-29,,,435038.69,653071.95,
2011-11-30,,,441179.68,652043.88,
2011-12-01,,,393811.67,646691.58,
2011-12-02,,,428561.17,654816.75,
2011-12-03,,,424654.68,658576.08,
2011-12-04,,,471900.99,658708.4,
2011-12-05,,,471115.14,654049.23,
2011-12-06,,,474096.48,650222.88,
2011-12-07,,,507186.82,667864.56,
2011-12-08,,,468451.36,655487.25,
2011-12-09,,,487445.69,654567.15,
2011-12-10,,,507400.35,662291.43,
2011-12-11,,,503646.26,661571.4,
2011-12-12,,,500663.98,669689.04,
2011-12-13,,,687831.76,657858.03,
2011-12-14,,,735256.89,656644.23,
2011-12-15,,,778419.67,665793.78,
2011-12-16,,,772335.65,651280.26,
2011-12-17,,,734527.11,654448.65,
2011-12-18,,,719066.36,653770.95,
2011-12-19,,,720394.06,649379.91,
2011-12-20,,,711412.75,645969.99,
2011-12-21,,,713549.95,650743.77,
2011-12-22,,,711830.67,641953.53,
2011-12-23,,,702835.73,623198.33,
2011-12-24,,,782615.91,647110.61,
2011-12-25,,,909807.87,656694.02,
2011-12-26,,,827282.18,663971.25,
2011-12-27,,,792334.06,690099.65,
2011-12-28,,,773124.09,687204.74,
2011-12-29,,,797446.84,670736.25,
2011-12-30,,,705859.09,658111.7,
2011-12-31,,,751837.05,660297.66,
2012-01-01,,,792033.73,666335.78,
2012-01-02,,,1090542.42,725054.4,
2012-01-03,,,984469.3,709405.68,
2012-01-04,,,869288.25,698061.9,
2012-01-05,,,854493.19,700049.09,
2012-01-06,,,1089267.51,783549.65,
2012-01-07,,,1164234.08,768619.5,
2012-01-08,,,1093600.22,757266.32,
2012-01-09,,,1110478.0,751224.09,
2012-01-10,,,1168425.2,774595.25,
2012-01-11,,,1157896.0,780902.31,
2012-01-12,,,1732900.47,1574645.7,
2012-01-13,,,4673763.93,3657660.87,
2012-01-14,,,3261643.61,2347860.78,
2012-01-15,,,2942714.27,2304662.46,
2012-01-16,,,2480385.9,1760373.33,
2012-01-17,,,2624729.96,2199699.65,
2012-01-18,,,2511213.13,1885539.41,
2012-01-19,,,2356456.69,1737413.84,
2012-01-20,,,2125412.35,1472984.19,
2012-01-21,,,1919237.79,1303594.29,
2012-01-22,,,1904399.23,1357173.77,
2012-01-23,,,2261402.63,1679944.4,
2012-01-24,,,2546159.76,2067059.25,
2012-01-25,,,2449255.36,1854603.74,
2012-01-26,,,2314851.53,1671825.32,
2012-01-27,,,2640151.54,2197958.94,
2012-01-28,,,3569636.53,2967963.9,
2012-01-29,,,2954283.19,2325609.12,
2012-01-30,,,2730225.45,2107594.46,
2012-01-31,,,3186257.69,2316282.56,
2012-02-01,,,3966218.28,3351043.08,
2012-02-02,,,4160622.14,2759719.35,
2012-02-03,,,3036566.41,2241990.03,
2012-02-04,,,2752715.1,2040823.68,
2012-02-05,,,2567252.4,1902265.17,
2012-02-06,,,2424857.75,1792431.15,
2012-02-07,,,2356854.26,1707746.25,
2012-02-08,,,2292566.46,1802839.11,
2012-02-09,,,2182182.99,1678519.05,
2012-02-10,,,2338322.38,1950978.27,
2012-02-11,,,2564376.06,2106632.22,
2012-02-12,,,2395703.15,1910698.65,
2012-02-13,,,2426825.14,1883298.63,
2012-02-14,,,2396075.24,1818509.93,
2012-02-15,,,2364520.35,1677984.05,
2012-02-16,,,2523862.93,1899114.32,
2012-02-17,,,4686908.89,4492427.37,
2012-02-18,,,5499191.1,4541077.29,
2012-02-19,,,6311473.31,4449976.47,
2012-02-20,,,4857289.79,3290752.64,
2012-02-21,,,3800778.13,2884947.63,
2012-02-22,,,3578992.43,2683750.23,
2012-02-23,,,3451416.57,2602152.54,
2012-02-24,,,3299954.36,2447953.23,
2012-02-25,,,3142722.47,2412531.98,
2012-02-26,,,2888931.76,2206009.41,
2012-02-27,,,2826443.41,2261876.75,
2012-02-28,,,2663818.87,2118055.28,
2012-02-29,,,3358055.94,3195360.9,
2012-03-01,,,4081191.2133333334,5244952.28,
2012-03-02,,,4804326.486666666,4630358.0,
2012-03-03,,,5527461.76,3389470.79,
2012-03-04,,,5251061.48,4368989.12,
2012-03-05,,,5764817.71,3808421.87,
2012-03-06,,,4598706.57,3421824.9,
2012-03-07,,,4291936.94,3300646.29,
2012-03-08,,,3988956.26,3141469.44,
2012-03-09,,,3744853.64,3014216.3,
2012-03-10,,,3563714.2,2926117.74,
2012-03-11,,,3472334.29,2861004.6,
2012-03-12,,,3232808.94,2600883.45,
2012-03-13,,,3253445.66,2685658.52,
2012-03-14,,,3143673.13,2632825.56,
2012-03-15,,,4328386.23,4142379.3,
2012-03-16,,,5425741.02,5633206.92,
2012-03-17,,,6523095.81,4369815.35,
2012-03-18,,,4799131.33,3765584.31,
2012-03-19,,,4229182.17,3488254.22,
2012-03-20,,,3850315.94,3295419.5,
2012-03-21,,,3589770.8,3091305.17,
2012-03-22,,,3436736.53,2954107.85,
2012-03-23,,,3244780.68,2797596.39,
2012-03-24,,,3160862.47,2719185.09,
2012-03-25,,,3084095.75,2677978.98,
2012-03-26,,,3065794.45,2591788.56,
2012-03-27,,,3006753.35,2551685.82,
2012-03-28,,,2953011.35,2518760.3,
2012-03-29,,,2903012.12,2481179.18,
2012-03-30,,,2800489.47,2429094.96,
2012-03-31,,,2718055.17,2338499.57,
2012-04-01,,,2730314.0,2325064.05,
2012-04-02,,,2646389.76,2236457.94,
2012-04-03,,,2620311.41,2243799.77,
2012-04-04,,,2594035.78,2188034.0,
2012-04-05,,,2468862.87,2120024.52,
2012-04-06,,,2427202.72,2116841.0,
2012-04-07,,,2479393.91,2173246.05,
2012-04-08,,,2387058.52,2038515.3,
2012-04-09,,,2315150.98,2005879.8,
2012-04-10,,,2307756.25,1990296.39,
2012-04-11,,,2313444.36,2028299.52,
2012-04-12,,,2270899.75,1979314.17,
2012-04-13,,,2258275.75,1960360.65,
2012-04-14,,,2203444.46,1941771.24,
2012-04-15,,,2177158.55,1922279.31,
2012-04-16,,,2076461.36,1817453.64,
2012-04-17,,,2039107.74,1808381.66,
2012-04-18,,,2003412.0,1745276.48,
2012-04-19,,,1981815.16,1829468.78,
2012-04-20,,,1868217.87,1711744.08,
2012-04-21,,,1863757.26,1693905.66,
2012-04-22,,,1839458.03,1641385.35,
2012-04-23,,,1811122.64,1640852.46,
2012-04-24,,,1804105.56,1638080.72,
2012-04-25,,,1753113.36,1600930.59,
2012-04-26,,,1697139.96,1579373.82,
2012-04-27,,,1720251.93,1526134.65,
2012-04-28,,,1710661.73,1531297.94,
2012-04-29,,,1699491.12,1506861.08,
2012-04-30,,,1468504.47,1720378.26,
2012-05-01,,,1517444.2,1936138.44,
2012-05-02,,,1483745.23,1956928.35,
2012-05-03,,,1438214.74,1870306.49,
2012-05-04,,,1441265.45,1862386.77,
2012-05-05,,,1447378.25,1933698.23,
2012-05-06,,,1400472.98,1932884.49,
2012-05-07,,,1312177.5,1799704.95,
2012-05-08,,,1350404.61,1840807.86,
2012-05-09,,,1332452.67,1839475.65,
2012-05-10,,,1328038.28,1780518.74,
2012-05-11,,,1235102.83,1726596.8,
2012-05-12,,,1228729.19,1779487.55,
2012-05-13,,,1241663.52,1752199.29,
2012-05-14,,,1212978.04,1689809.09,
2012-05-15,,,1207905.19,1736122.38,
2012-05-16,,,1163189.83,1648678.73,
2012-05-17,,,1125345.19,1634656.1,
2012-05-18,,,1072089.97,1634456.33,
2012-05-19,,,1066048.94,1642293.2,
2012-05-20,,,1080972.91,1622300.36,
2012-05-21,,,1068820.43,1619899.82,
2012-05-22,,,1025315.27,1573145.33,
2012-05-23,,,1001452.26,1564932.15,
2012-05-24,,,1005545.68,1549212.3,
2012-05-25,,,967813.56,1513126.13,
2012-05-26,,,973237.11,1541988.02,
2012-05-27,,,986395.98,1521218.76,
2012-05-28,,,963815.71,1453919.67,
2012-05-29,,,923316.77,1419037.41,
2012-05-30,,,947701.19,1483411.8,
2012-05-31,,,904259.82,1462435.73,
2012-06-01,,,858261.15,1398006.98,
2012-06-02,,,894660.04,1447744.19,
2012-06-03,,,886827.48,1378917.23,
2012-06-04,,,805117.5,1376019.98,
2012-06-05,,,807803.73,1370828.45,
2012-06-06,,,808663.17,1134998.52,
2012-06-07,,,809780.29,1130877.14,
2012-06-08,,,771371.91,1252538.67,
2012-06-09,,,782402.29,1245310.83,
2012-06-10,,,809623.6,1226481.57,
2012-06-11,,,789745.95,1241479.92,
2012-06-12,,,765298.65,1118106.18,
2012-06-13,,,761957.26,1129671.81,
2012-06-14,,,618786.0,1131729.84,
2012-06-15,,,682018.67,1160424.57,
2012-06-16,,,746205.99,1159462.28,
2012-06-17,,,786658.85,1096592.33,
2012-06-18,,,743411.93,984815.55,
2012-06-19,,,658610.44,1074973.88,
2012-06-20,,,732718.78,1145647.56,
2012-06-21,,,649649.32,1034521.49,
2012-06-22,,,607416.78,1095108.03,
2012-06-23,,,634086.24,1119601.32,
2012-06-24,,,642020.46,879161.82,
2012-06-25,,,629815.53,758254.53,
2012-06-26,,,623795.81,747549.44,
2012-06-27,,,597663.67,748627.32,
2012-06-28,,,554646.29,741974.12,
2012-06-29,,,558150.95,740396.76,
2012-06-30,,,570330.25,755029.37,
2012-07-01,,,577212.45,739408.02,
2012-07-02,,,562398.93,734925.41,
2012-07-03,,,563865.83,739476.86,
2012-07-04,,,566469.44,726519.12,
2012-07-05,,,564006.91,737852.16,
2012-07-06,,,570257.31,733879.71,
2012-07-07,,,572204.07,734655.6,
2012-07-08,,,567280.3,742527.0,
2012-07-09,,,566311.75,740981.55,
2012-07-10,,,563475.88,725368.14,
2012-07-11,,,560554.51,730358.78,
2012-07-12,,,571030.01,722941.13,
2012-07-13,,,559888.72,716367.21,
2012-07-14,,,560159.5,732784.2,
2012-07-15,,,570390.96,733208.55,
2012-07-16,,,561896.54,728387.37,
2012-07-17,,,558349.86,710064.0,
2012-07-18,,,558033.45,714105.0,
2012-07-19,,,558213.47,709353.0,
2012-07-20,,,559993.5,712826.04,
2012-07-21,,,566891.63,733155.0,
2012-07-22,,,535514.67,718756.35,
2012-07-23,,,524827.65,711540.84,
2012-07-24,,,570985.48,710630.52,
2012-07-25,,,578291.56,705589.88,
2012-07-26,,,567703.67,721251.51,
2012-07-27,159789.6,,555899.22,723974.7,
2012-07-28,163116.24,,567212.3,719052.0,
2012-07-29,161074.35,,568685.88,729009.51,
2012-07-30,161063.25,,560199.16,722946.06,
2012-07-31,163808.25,,556187.36,701445.0,
2012-08-01,162831.47,,544942.8,709208.19,
2012-08-02,159826.68,,564664.79,726140.27,
2012-08-03,158112.02,,578164.45,714654.75,
2012-08-04,158112.0,,583923.43,710536.95,
2012-08-05,159983.25,,582582.14,717319.8,
2012-08-06,160272.0,,568298.56,720789.0,
2012-08-07,159323.25,,578976.89,708997.5,
2012-08-08,156780.75,,598063.83,707394.0,
2012-08-09,154945.23,,595727.97,711958.91,
2012-08-10,155788.32,,599094.08,709977.17,
2012-08-11,157262.67,,624333.41,717310.73,
2012-08-12,158112.0,,615542.61,715081.77,
2012-08-13,160578.26,,592038.27,704446.88,
2012-08-14,161104.41,,607392.74,715279.5,
2012-08-15,157992.0,,621536.18,715490.34,
2012-08-16,155952.0,,630413.76,724541.73,
2012-08-17,155573.25,,624250.5,714624.9,
2012-08-18,157257.0,,631820.1,706468.14,
2012-08-19,158201.7,,640337.76,711687.36,
2012-08-20,157895.31,,629085.59,708273.99,
2012-08-21,155577.0,,649312.67,708182.16,
2012-08-22,152742.0,,611108.64,698062.13,
2012-08-23,152180.43,,614296.46,706093.08,
2012-08-24,155287.16,,621750.6,717632.58,
2012-08-25,156675.75,,644580.41,709573.68,
2012-08-26,158734.5,,627275.58,704758.8,
2012-08-27,161052.45,,611238.99,706607.43,
2012-08-28,161440.41,,624506.34,706026.0,
2012-08-29,160999.5,,620394.42,696901.55,
2012-08-30,159554.97,,640128.27,715049.43,
2012-08-31,158223.84,,647349.05,722877.57,
2012-09-01,158999.79,,644704.73,720182.16,
2012-09-02,161842.79,,636081.39,695954.3,
2012-09-03,162996.24,,618227.48,694290.17,
2012-09-04,161684.76,,614961.74,700871.79,
2012-09-05,162012.78,,624832.92,706477.32,
2012-09-06,159404.64,,622495.01,710024.4,
2012-09-07,161220.75,,647859.95,717114.02,
2012-09-08,164597.43,,654155.82,703028.18,
2012-09-09,165838.92,,658917.59,710803.5,
2012-09-10,164595.48,,651498.65,710725.08,
2012-09-11,166514.63,,652711.04,706052.64,
2012-09-12,165120.12,,662583.93,710379.72,
2012-09-13,163922.1,,647559.0,708542.76,
2012-09-14,160558.5,,652860.78,709091.12,
2012-09-15,162798.27,,645928.74,698945.7,
2012-09-16,167137.2,,660421.38,707355.83,
2012-09-17,171392.7,,657929.31,703449.84,
2012-09-18,171878.25,,656555.34,716630.72,
2012-09-19,168360.36,,663561.96,696258.06,
2012-09-20,162651.84,,657734.91,691690.32,
2012-09-21,160922.45,,654736.49,699885.42,
2012-09-22,160272.0,,661958.36,698430.06,
2012-09-23,160707.84,,660677.12,702356.43,
2012-09-24,163575.02,,666574.97,708101.07,
2012-09-25,165159.0,,656716.5,697392.15,
2012-09-26,165788.25,,654653.33,700589.1,
2012-09-27,168781.5,,673467.23,704699.1,
2012-09-28,171126.3,,647679.0,698127.95,
2012-09-29,171186.12,,665278.73,682274.64,
2012-09-30,171951.9,,655940.19,679714.62,
2012-10-01,171072.0,,666453.45,687903.2,
2012-10-02,172290.75,,682146.09,690157.74,
2012-10-03,173232.0,,677375.37,692121.98,
2012-10-04,174285.63,,661838.55,699659.87,
2012-10-05,178243.68,,658490.19,689936.58,
2012-10-06,184464.99,,693050.34,698172.05,
2012-10-07,191558.12,,687963.33,701622.54,
2012-10-08,193233.6,,685510.77,706954.5,
2012-10-09,193755.75,,681369.0,706086.66,
2012-10-10,195782.4,,714805.5,689250.69,
2012-10-11,197444.55,,712935.17,698071.29,
2012-10-12,200673.15,,706856.61,693137.84,
2012-10-13,202262.85,,709510.43,699430.56,
2012-10-14,200196.65,,701350.56,695429.4,
2012-10-15,198879.9,,697654.44,687868.56,
2012-10-16,202275.75,,699179.22,690292.92,
2012-10-17,207343.07,,696476.48,692751.92,
2012-10-18,208964.48,,690987.0,687115.55,
2012-10-19,208810.76,,688217.15,689816.13,
2012-10-20,211034.88,,679158.75,682234.49,
2012-10-21,214835.33,,685355.04,685800.57,
2012-10-22,218080.35,,696336.3,692548.05,
2012-10-23,219477.36,,686090.55,689426.49,
2012-10-24,221334.26,,679126.17,686619.95,
2012-10-25,223905.77,,693890.16,694667.48,
2012-10-26,228945.89,,696694.53,696417.5,
2012-10-27,232391.85,,711645.9,701123.21,
2012-10-28,237262.74,,706959.77,700179.57,
2012-10-29,246404.37,,710426.73,705088.02,
2012-10-30,256819.38,,700155.6,687055.62,
2012-10-31,265101.3,,688573.2,681224.58,
2012-11-01,270974.28,,678702.54,677178.12,
2012-11-02,277546.79,,670698.45,691888.17,
2012-11-03,285206.33,,672659.46,682753.53,
2012-11-04,290587.08,,663012.51,688871.78,
2012-11-05,295203.56,,661779.26,681348.62,
2012-11-06,298465.92,,692165.25,679481.43,
2012-11-07,301394.4,,692975.25,670583.93,
2012-11-08,302330.01,,696168.0,687603.03,
2012-11-09,306404.75,,728160.12,704187.69,
2012-11-10,310321.58,,760864.2,717119.01,
2012-11-11,306555.83,,804738.9,768294.9,
2012-11-12,307791.71,,832710.66,813048.75,
2012-11-13,316151.13,,799357.67,756390.23,
2012-11-14,326031.87,,786499.16,733664.09,
2012-11-15,326073.6,,771048.84,727279.74,
2012-11-16,327273.3,,773850.3,717513.96,
2012-11-17,332656.74,,765601.25,714102.78,
2012-11-18,342369.65,,768727.7,714126.3,
2012-11-19,356580.72,,767346.08,710854.8,
2012-11-20,353835.14,,769371.12,703187.34,
2012-11-21,395419.43,,754637.76,698030.87,
2012-11-22,418472.55,,749925.42,701196.84,
2012-11-23,426974.76,,761848.71,699628.5,
2012-11-24,428639.85,,752223.72,694781.82,
2012-11-25,424756.58,,765358.28,710968.98,
2012-11-26,427723.43,,754028.63,701071.26,
2012-11-27,424317.15,,740167.65,704180.51,
2012-11-28,424968.66,,745939.55,694102.05,
2012-11-29,436197.29,,743335.55,689684.63,
2012-11-30,449493.48,,737315.39,686169.9,
2012-12-01,461653.2,,736398.0,694715.1,
2012-12-02,470143.58,,741577.65,689034.0,
2012-12-03,474120.0,,737195.63,686733.75,
2012-12-04,470619.59,,765994.5,711183.6,
2012-12-05,468045.32,,786276.0,730819.5,
2012-12-06,483056.6,,1823251.68,799403.48,
2012-12-07,474942.87,,1837305.72,1448045.06,
2012-12-08,446338.67,,1851359.76,1501620.65,
2012-12-09,423546.57,,1865413.8,1555196.24,
2012-12-10,415160.64,,1879467.84,1226738.55,
2012-12-11,416531.84,,2303772.6,2049689.24,
2012-12-12,404343.63,,2036283.15,1473816.47,
2012-12-13,393073.43,,1769148.12,1243417.22,
2012-12-14,406232.55,,1663474.41,1141569.36,
2012-12-15,423557.33,,1573429.5,1012556.16,
2012-12-16,434676.42,,1506891.0,972546.87,
2012-12-17,439431.75,,1474036.43,956592.9,
2012-12-18,434340.63,,1485063.75,945235.11,
2012-12-19,418392.27,,1370809.44,877240.86,
2012-12-20,399985.7,,1985458.53,1081837.5999999999,
2012-12-21,392325.98,,2050625.45,1286434.3399999999,
2012-12-22,402615.09,,2115792.37,1491031.08,
2012-12-23,387333.81,,2180959.29,,
2012-12-24,387259.38,,,,
2012-12-25,393216.89,,,2104821.3,
2012-12-26,401556.6,,2376460.05,1892766.12,
2012-12-27,401733.36,,2225835.0,1728542.07,
2012-12-28,405694.94,,2124851.18,1648501.59,
2012-12-29,400703.22,,2031750.03,1537875.42,
2012-12-30,389478.42,,1958124.39,1404705.39,
2012-12-31,382894.7,,1875934.92,1340191.32,
2013-01-01,376073.55,,1822396.01,1263953.01,
2013-01-02,373799.34,,1805292.72,1256138.48,
2013-01-03,371995.74,,1742229.06,1184550.39,
2013-01-04,368290.94,,1713467.25,1158882.48,
2013-01-05,367298.33,,1793746.35,1272449.12,
2013-01-06,379095.21,,3109302.15,2969402.42,
2013-01-07,482466.51,,3357687.081428571,3152187.302,
2013-01-08,1082480.72,,3606072.012857143,3334972.184,
2013-01-09,1122261.95,,3854456.944285714,3517757.066,
2013-01-10,1162043.18,,,,
2013-01-11,1201824.41,,,3883326.83,
2013-01-12,1138739.81,,,3463438.01,
2013-01-13,1172875.6344444444,,4847996.67,3177705.84,
2013-01-14,1207011.4588888888,,4013114.25,2957828.72,
2013-01-15,1241147.2833333334,,3458766.15,2754235.95,
2013-01-16,,,3180274.95,2599446.21,
2013-01-17,,,3007267.43,2505890.25,
2013-01-18,,,2842534.56,2424887.63,
2013-01-19,,,2743834.53,2353314.44,
2013-01-20,,,2605779.42,2261341.95,
2013-01-21,1445962.23,,2526117.39,2204347.2,
2013-01-22,1198905.84,,2460248.51,2147084.69,
2013-01-23,992894.9,,2412912.45,2116353.9,
2013-01-24,857432.43,,2362613.01,2083748.46,
2013-01-25,777898.8,,2336845.83,2041887.9,
2013-01-26,719551.13,,2277430.1,1999812.6,
2013-01-27,684135.9,,2249530.37,1963292.34,
2013-01-28,652699.44,,2207626.73,1942080.62,
2013-01-29,623149.74,,2214406.4,1958951.04,
2013-01-30,606599.96,,2268941.07,2020617.66,
2013-01-31,858841.97,,2815539.74,2354556.56,
2013-02-01,1367548.47,,2982677.7,2558825.85,
2013-02-02,1077251.54,,3171403.35,2472769.32,
2013-02-03,920125.76,,2697012.36,2271920.04,
2013-02-04,813936.2,,2540234.82,2160484.77,
2013-02-05,845816.63,,2441141.25,2116815.3,
2013-02-06,957147.17,169487.85,2418663.42,2212201.35,
2013-02-07,1021854.51,168200.85,2675168.58,2386368.66,
2013-02-08,909182.03,167860.2,2480772.0,2254882.5,
2013-02-09,816164.87,175970.27,2410772.25,2210496.03,
2013-02-10,710756.01,167540.03,2389347.0,2176988.73,
2013-02-11,644978.7,166990.83,2328968.7,2135425.5,
2013-02-12,601518.83,172527.84,2296846.86,2093349.24,
2013-02-13,580544.06,173191.11,2245285.47,1995641.85,
2013-02-14,569727.0,163546.32,2215285.71,1995674.04,
2013-02-15,553847.18,159795.6,2193136.8,1964997.33,
2013-02-16,537036.3,157716.72,2436668.93,2435420.94,
2013-02-17,523105.65,159721.73,2848857.08,2738796.42,
2013-02-18,511221.38,158597.85,2695862.22,2558608.44,
2013-02-19,501550.2,159127.67,2590213.68,2384999.31,
2013-02-20,492463.8,156969.76,2571893.14,2488456.31,
2013-02-21,485265.6,157615.85,2471677.56,2334898.28,
2013-02-22,484248.15,156989.1,2378034.53,2274782.7,
2013-02-23,466603.88,158418.0,2333752.13,2244974.7,
2013-02-24,451831.46,159118.54,2504315.6,2478290.7,
2013-02-25,437428.76,162407.14,2343018.33,2277941.91,
2013-02-26,430553.48,160761.5,2307382.5,2223372.03,
2013-02-27,428183.42,161717.7,2261021.25,2174622.66,
2013-02-28,418858.25,162180.0,2197924.37,2112382.95,
2013-03-01,407732.22,161567.85,2188968.56,2112432.93,
2013-03-02,400609.4,159636.11,2136061.41,2047150.2,
2013-03-03,393213.78,159723.83,2100933.72,1976470.67,
2013-03-04,391572.99,159408.0,1978943.36,1775096.54,
2013-03-05,391219.74,159666.86,1990718.7,1846324.76,
2013-03-06,390528.0,155860.81,1976095.5,1815300.06,
2013-03-07,390399.3,154347.39,1929502.95,1765425.96,
2013-03-08,387904.37,153820.72,1880304.54,1748954.6,
2013-03-09,383796.77,156898.34,1894879.76,1700299.65,
2013-03-10,381847.95,155343.27,1873901.79,1670970.83,
2013-03-11,382457.88,155098.64,1843887.42,1663532.64,
2013-03-12,378234.45,149421.17,1818563.82,1581243.12,
2013-03-13,376427.66,149030.06,1794884.39,1495335.81,
2013-03-14,372198.2,148171.5,1771574.81,1460741.31,
2013-03-15,369845.96,149179.65,1765023.0,1457151.3,
2013-03-16,368501.9,148955.48,1755110.1,1461331.38,
2013-03-17,364699.26,147005.18,1794532.26,1491571.5,
2013-03-18,360780.48,147051.2,1794239.25,1500885.47,
2013-03-19,357981.3,147491.28,1731847.53,1425397.86,
2013-03-20,358895.61,147346.89,1682926.86,1360235.16,
2013-03-21,358932.24,145155.62,1630320.38,1308665.64,
2013-03-22,356789.3,145231.62,1623171.45,1288536.3,
2013-03-23,355736.7,146655.15,1653335.55,1336121.76,
2013-03-24,353499.3,145843.79,1644381.75,1296202.8,
2013-03-25,345732.44,144333.74,1595018.78,1209329.4,
2013-03-26,343141.2,144171.48,1595475.39,1187654.4,
2013-03-27,344540.97,145240.64,1567014.21,1133293.5,
2013-03-28,341415.99,146754.65,1539080.4,1108584.0,
2013-03-29,336188.61,146862.8,1551346.56,1110706.92,
2013-03-30,333427.73,146766.11,1533794.54,1103948.78,
2013-03-31,332899.2,146065.23,1507236.72,1098866.85,
2013-04-01,332611.65,147159.46,1471907.3,1095045.17,
2013-04-02,327638.93,144459.86,1468699.2,1098632.49,
2013-04-03,330872.0,145300.17,1459116.0,1062473.75,
2013-04-04,327943.4,145152.86,1480118.16,1085377.02,
2013-04-05,325633.82,146223.59,1659345.54,1430177.87,
2013-04-06,321089.09,146923.27,1650292.86,1294912.92,
2013-04-07,318324.42,145652.75,1578771.9,1163551.8,
2013-04-08,314199.9,145249.79,1455128.18,1049240.25,
2013-04-09,310956.08,143869.3,1478686.41,1118062.47,
2013-04-10,313465.28,145033.18,1489125.42,1105822.28,
2013-04-11,313286.22,145789.02,1457637.14,1080797.76,
2013-04-12,307449.27,146314.79,1405276.68,1040240.4,
2013-04-13,305021.88,143721.85,1435159.26,1041026.78,
2013-04-14,306027.0,144721.3,1387716.93,999947.66,
2013-04-15,305244.68,143500.71,1371322.8,1004313.3,
2013-04-16,302501.25,143451.05,1424141.4,1064493.9,
2013-04-17,304303.5,146165.51,1516635.93,1152991.17,
2013-04-18,302137.2,149836.35,1527372.54,1116907.2,
2013-04-19,300559.86,148536.2,1555755.6,1139709.3,
2013-04-20,303677.1,155313.78,1675337.58,1332685.98,
2013-04-21,306894.38,167433.91,1875019.49,1530623.25,
2013-04-22,313190.78,156714.02,1916139.15,1627317.66,
2013-04-23,322267.28,156033.32,1969182.3,1633645.73,
2013-04-24,330815.7,154760.8,1948593.87,1618216.05,
2013-04-25,334467.36,155132.84,1869734.84,1515298.58,
2013-04-26,332814.06,153053.35,1726700.66,1405549.19,
2013-04-27,318369.69,152413.43,1660546.94,1334646.12,
2013-04-28,310067.24,150974.66,1562639.04,1230894.99,
2013-04-29,302868.86,151027.95,1440925.16,1158901.35,
2013-04-30,296016.26,151261.49,1424322.03,1102286.82,
2013-05-01,292239.36,151506.21,1407913.2,1059753.99,
2013-05-02,288610.2,154794.76,1361952.45,1034178.72,
2013-05-03,285641.01,153656.28,1326350.25,1032243.42,
2013-05-04,282473.64,155730.31,1339728.45,981088.62,
2013-05-05,277970.22,152477.96,1348444.47,974670.24,
2013-05-06,275763.6,152673.25,1239694.65,869646.6,
2013-05-07,272077.65,153241.78,1230522.35,869689.2,
2013-05-08,272038.5,155720.98,1248466.82,872760.0,
2013-05-09,275219.15,155600.24,1231385.45,887499.0,
2013-05-10,273219.44,156110.09,1236752.16,899581.38,
2013-05-11,268518.6,154567.03,1273045.62,885367.02,
2013-05-12,269609.45,153052.58,1257298.95,864563.66,
2013-05-13,272636.24,151233.88,1221717.57,829551.36,
2013-05-14,268102.53,151874.08,1208452.23,828509.76,
2013-05-15,273591.86,152189.82,1289619.72,871330.26,
2013-05-16,273902.31,149470.48,1310567.27,859775.34,
2013-05-17,281167.25,142115.04,1213209.59,823852.8,
2013-05-18,275344.52,142065.4,1240006.55,829622.73,
2013-05-19,300551.4,142958.23,1169459.61,810370.5,
2013-05-20,308486.88,141228.23,1137443.76,819141.38,
2013-05-21,303027.17,140633.89,1117668.71,803913.78,
2013-05-22,300939.57,146336.47,1102714.16,793913.16,
2013-05-23,297031.55,152798.1,1050819.77,789718.44,
2013-05-24,293775.98,148395.9,989802.68,785947.1,
2013-05-25,288584.15,143974.86,1028145.96,793842.03,
2013-05-26,290861.33,140605.88,1017280.13,788344.17,
2013-05-27,291807.36,149091.1,1019878.68,786575.37,
2013-05-28,287162.37,136056.36,911721.57,762170.97,
2013-05-29,290229.75,145641.95,924825.83,765891.0,
2013-05-30,294315.3,153326.11,907465.43,765871.5,
2013-05-31,290259.09,148505.72,941952.98,775872.6,
2013-06-01,291945.6,148659.64,1017841.37,778966.35,
2013-06-02,291945.6,150422.02,946609.35,771819.78,
2013-06-03,286011.27,150791.69,865617.38,761494.92,
2013-06-04,273857.27,149719.17,820584.9,759456.0,
2013-06-05,271532.07,139952.83,822189.0,758715.0,
2013-06-06,269784.9,140348.85,762912.0,747856.35,
2013-06-07,269231.85,141688.11,712092.0,743892.75,
2013-06-08,269353.35,144367.46,756894.0,755517.0,
2013-06-09,292700.93,147864.58,752100.38,757408.5,
2013-06-10,282006.09,144327.83,723971.43,747540.9,
2013-06-11,273937.68,140090.62,709771.35,731729.7,
2013-06-12,275177.34,140232.52,692024.99,737919.75,
2013-06-13,278554.28,140526.09,672138.51,738512.64,
2013-06-14,279441.5,144061.47,648487.68,741035.52,
2013-06-15,281121.66,145673.93,682450.61,743554.08,
2013-06-16,276982.34,141783.28,703969.97,746072.64,
2013-06-17,279205.38,140921.06,667906.05,748211.1,
2013-06-18,276624.0,151677.63,650926.2,750805.35,
2013-06-19,278346.78,159673.12,602244.9,714963.56,
2013-06-20,284542.88,164216.16,633039.45,719595.93,
2013-06-21,284550.35,168233.76,578071.28,744750.45,
2013-06-22,281309.0,172255.68,606582.23,753922.08,
2013-06-23,278721.54,176277.6,649611.48,758814.84,
2013-06-24,274117.77,180295.2,593940.96,759456.0,
2013-06-25,270430.02,184317.12,556068.9,759456.0,
2013-06-26,266379.39,188339.04,538148.94,759003.83,
2013-06-27,268833.38,192360.96,573604.91,756401.76,
2013-06-28,271548.09,196382.88,538331.31,753520.32,
2013-06-29,268839.27,200400.48,562281.02,750638.88,
2013-06-30,268795.35,204422.4,573210.74,745238.48,
2013-07-01,264258.45,208444.32,610567.65,731514.24,
2013-07-02,256297.19,212461.92,599000.4,718520.02,
2013-07-03,262003.59,216483.84,574613.7,716256.0,
2013-07-04,266222.3,220505.76,588969.06,715874.89,
2013-07-05,268640.06,224527.68,575478.3,712959.84,
2013-07-06,265103.19,228549.6,634556.55,709581.6,
2013-07-07,261309.96,232567.2,628274.25,689313.92,
2013-07-08,258442.11,236589.12,560723.85,675895.87,
2013-07-09,252130.91,240611.04,574887.84,674485.28,
2013-07-10,251613.41,244133.91,581150.94,676684.13,
2013-07-11,255271.59,244507.68,592689.93,684187.88,
2013-07-12,251066.84,244330.56,569566.68,665090.51,
2013-07-13,249868.8,244153.44,589243.5,670364.23,
2013-07-14,251714.52,243972.0,627739.2,661554.99,
2013-07-15,260063.64,243794.88,568713.3,645596.11,
2013-07-16,261175.05,243617.76,569039.07,628098.69,
2013-07-17,257965.25,243436.32,585967.82,683702.59,
2013-07-18,260225.37,243259.2,577705.08,679005.83,
2013-07-19,257748.3,243082.08,585355.37,675299.91,
2013-07-20,254514.15,242900.64,609245.04,673780.86,
2013-07-21,237811.58,242723.52,639345.42,686627.18,
2013-07-22,229966.56,242546.4,563860.8,670475.25,
2013-07-23,225780.48,242364.96,552391.2,669345.0,
2013-07-24,221598.72,242187.84,565884.42,683289.15,
2013-07-25,217416.96,242010.72,577088.3,681743.55,
2013-07-26,213235.2,245030.4,546312.45,674184.41,
2013-07-27,209053.44,245453.04,570942.38,677777.0,
2013-07-28,204871.68,243974.52,593492.94,669360.66,
2013-07-29,200685.6,243273.6,521249.43,649973.52,
2013-07-30,196499.52,243907.02,535346.72,668932.32,
2013-07-31,192317.76,247218.84,549264.38,667138.92,
2013-08-01,188395.2,249177.6,586155.84,676789.32,
2013-08-02,186023.52,243356.4,572491.13,673915.68,
2013-08-03,183911.04,243390.78,599889.18,682332.0,
2013-08-04,181802.88,241807.5,597655.08,670646.63,
2013-08-05,179690.4,237340.8,574239.09,666944.18,
2013-08-06,177577.92,238855.68,618979.5,662149.2,
2013-08-07,175469.76,241230.78,626130.42,670815.0,
2013-08-08,173357.28,243139.5,592598.76,668638.02,
2013-08-09,171244.8,243926.46,585420.3,675293.99,
2013-08-10,169136.64,245717.1,614793.66,670855.41,
2013-08-11,167024.16,243328.32,615370.35,681414.6,
2013-08-12,164911.68,244016.64,598668.99,677408.64,
2013-08-13,162803.52,243098.46,589851.57,662331.48,
2013-08-14,160691.04,243126.72,540148.13,662917.65,
2013-08-15,158578.56,241920.0,566482.83,667053.47,
2013-08-16,156470.4,244569.6,550658.09,663979.14,
2013-08-17,154357.92,244684.8,674666.66,672547.5,
2013-08-18,152245.44,243411.12,688573.35,661613.28,
2013-08-19,150132.96,240716.16,608399.61,652973.43,
2013-08-20,148020.48,239040.0,638832.57,661861.74,
2013-08-21,145912.32,244339.2,671874.98,650862.66,
2013-08-22,143799.84,246378.24,638114.78,649467.56,
2013-08-23,141687.36,241806.24,648589.83,664176.54,
2013-08-24,139579.2,244583.1,705082.28,668084.61,
2013-08-25,137466.72,247641.48,695429.69,663397.95,
2013-08-26,135354.24,248175.36,662763.86,661932.17,
2013-08-27,133246.08,247578.3,663545.43,670228.41,
2013-08-28,131133.6,248899.5,676398.0,663742.74,
2013-08-29,129021.12,251558.28,660188.15,659780.99,
2013-08-30,126912.96,251761.86,672094.2,668328.36,
2013-08-31,124800.48,250682.76,702381.5,675916.22,
2013-09-01,122871.6,253190.16,583851.75,667603.37,
2013-09-02,122052.96,255536.64,551333.43,655774.41,
2013-09-03,121422.24,254275.2,563940.8,654178.74,
2013-09-04,120787.2,251372.16,546831.0,663476.94,
2013-09-05,120152.16,252689.76,591684.0,680781.0,
2013-09-06,119521.44,252115.2,614154.0,683765.45,
2013-09-07,118886.4,251540.64,622386.0,669447.42,
2013-09-08,118251.36,250966.08,575317.08,657199.2,
2013-09-09,117620.64,250391.52,546145.08,659779.64,
2013-09-10,116985.6,249816.96,562346.58,663567.66,
2013-09-11,116350.56,249242.4,568228.08,672436.58,
2013-09-12,115719.84,248663.52,547723.7,665579.67,
2013-09-13,115084.8,248088.96,523172.37,659930.43,
2013-09-14,114449.76,247514.4,549919.55,667710.05,
2013-09-15,113819.04,246939.84,580656.68,668175.0,
2013-09-16,113184.0,246365.28,549976.64,655554.96,
2013-09-17,112548.96,245790.72,547274.03,676469.67,
2013-09-18,111918.24,245216.16,548441.75,662133.06,
2013-09-19,111283.2,244641.6,569785.32,686202.84,
2013-09-20,110648.16,244067.04,537656.31,646083.0,
2013-09-21,110017.44,243488.16,550063.62,670894.5,
2013-09-22,109382.4,242913.6,584598.74,674530.5,
2013-09-23,108747.36,242339.04,591823.31,668904.0,
2013-09-24,108116.64,241764.48,595982.18,667185.0,
2013-09-25,107481.6,241189.92,568113.53,664693.5,
2013-09-26,106846.56,240615.36,571681.26,667378.94,
2013-09-27,106215.84,240040.8,581811.96,662345.55,
2013-09-28,105580.8,239461.92,573594.0,663807.0,
2013-09-29,104945.76,238887.36,587666.88,664516.02,
2013-09-30,104315.04,238312.8,589215.02,647567.24,
2013-10-01,104112.0,237738.24,550521.6,648409.5,
2013-10-02,106492.32,237163.68,579335.48,657297.5,
2013-10-03,109300.32,236589.12,586849.13,657510.14,
2013-10-04,112108.32,236014.56,603529.77,665933.73,
2013-10-05,114916.32,235435.68,603436.88,665159.24,
2013-10-06,117724.32,234861.12,617174.76,684607.5,
2013-10-07,120532.32,234286.56,617444.28,665089.5,
2013-10-08,123340.32,233712.0,639363.41,672692.06,
2013-10-09,126148.32,233137.44,586379.1,657174.08,
2013-10-10,128956.32,232562.88,591527.85,650830.52,
2013-10-11,131764.32,231988.32,606724.71,657115.38,
2013-10-12,134572.32,231413.76,592383.14,650036.31,
2013-10-13,137380.32,230943.24,593673.86,662479.86,
2013-10-14,140188.32,231016.32,559699.68,656674.5,
2013-10-15,142935.84,231167.52,573680.54,646086.0,
2013-10-16,145346.4,231314.4,577573.61,642199.92,
2013-10-17,147705.12,231461.28,615796.83,648890.33,
2013-10-18,150063.84,231608.16,629951.34,651456.99,
2013-10-19,152418.24,231759.36,652872.41,662146.92,
2013-10-20,154772.64,231910.56,646004.24,652241.48,
2013-10-21,157131.36,232057.44,607149.26,651392.04,
2013-10-22,159485.76,232204.32,570435.36,641843.33,
2013-10-23,161840.16,232355.52,570320.55,648854.22,
2013-10-24,164198.88,232506.72,560693.1,634882.77,
2013-10-25,166557.6,232653.6,583925.4,644451.29,
2013-10-26,168912.0,232800.48,572019.72,651272.63,
2013-10-27,171266.4,232947.36,611504.46,655609.32,
2013-10-28,161393.54,233098.56,615628.38,659493.0,
2013-10-29,178212.96,233249.76,577145.39,653715.75,
2013-10-30,182766.24,233396.64,568527.0,639667.35,
2013-10-31,187319.52,233543.52,550293.63,640798.82,
2013-11-01,191872.8,233694.72,596476.68,663091.58,
2013-11-02,196426.08,233845.92,609769.5,664728.48,
2013-11-03,200979.36,233992.8,653111.87,656821.98,
2013-11-04,205532.64,234139.68,679181.84,649383.6,
2013-11-05,210085.92,234286.56,628541.75,641373.03,
2013-11-06,214639.2,234437.76,613043.58,644850.18,
2013-11-07,220060.76,234588.96,601343.45,646063.02,
2013-11-08,229033.44,234735.84,598602.12,644752.05,
2013-11-09,238386.24,234882.72,578043.08,643933.64,
2013-11-10,249628.08,235029.6,608704.17,644116.35,
2013-11-11,296059.28,235180.8,605903.91,449223.0,
2013-11-12,321757.92,235332.0,576972.63,494112.55,
2013-11-13,325792.8,235478.88,563193.27,539002.1,
2013-11-14,329827.68,235625.76,541798.5,583891.65,
2013-11-15,333862.56,235776.96,573455.34,,
2013-11-16,337897.44,235928.16,570820.11,,
2013-11-17,341573.76,236075.04,599565.62,,
2013-11-18,333508.32,236221.92,559510.11,,
2013-11-19,319749.12,236425.5,577412.97,,
2013-11-20,305994.24,237198.24,587735.43,,
2013-11-21,292235.04,238118.4,561951.69,,
2013-11-22,280333.3,239038.56,574878.09,,
2013-11-23,291414.24,239963.04,616599.18,987897.6,
2013-11-24,309342.24,240883.2,598408.25,987897.6,
2013-11-25,327274.56,241599.78,568641.0,966149.18,
2013-11-26,343158.93,240192.0,592114.2,834922.08,
2013-11-27,351073.44,238217.76,589628.18,686945.25,
2013-11-28,358188.48,236239.2,561945.83,626267.34,
2013-11-29,365349.48,234264.96,526084.7,627783.0,
2013-11-30,378980.64,232290.72,545859.65,651851.85,
2013-12-01,397254.24,230312.16,561755.54,622377.41,
2013-12-02,415523.52,228337.92,530945.51,628943.58,
2013-12-03,432971.21,226363.68,535377.0,609099.3,
2013-12-04,443746.08,218524.5,620742.71,638711.03,
2013-12-05,453051.36,226677.6,656170.62,662105.37,
2013-12-06,462352.32,234880.56,662016.96,667184.96,
2013-12-07,471653.28,226745.1,659197.5,661279.25,
2013-12-08,480958.56,231132.24,753166.26,680802.0,
2013-12-09,490263.84,234252.0,689631.9,621284.94,
2013-12-10,496291.31,227509.02,771925.89,693347.57,
2013-12-11,496411.2,240129.99,785887.46,685698.45,
2013-12-12,496411.2,253701.0,783219.89,687043.5,
2013-12-13,496411.2,249773.4,798093.06,632649.0,
2013-12-14,498489.22,294750.18,958768.07,705923.01,
2013-12-15,521687.52,254015.82,778630.74,684996.48,
2013-12-16,550393.92,236987.01,744643.56,677511.69,
2013-12-17,587950.02,231358.77,728654.46,671607.6,
2013-12-18,693219.6,232408.8,721729.89,662626.08,
2013-12-19,748860.3,234723.6,730092.09,671877.02,
2013-12-20,676760.22,235410.03,710783.27,663534.12,
2013-12-21,468760.1,237254.58,654054.84,656324.52,
2013-12-22,357522.93,236560.95,641664.77,665134.31,
2013-12-23,314232.35,235922.4,640495.19,664839.23,
2013-12-24,282403.62,233164.8,676345.92,648472.89,
2013-12-25,265972.23,229384.35,664967.55,643162.5,
2013-12-26,260805.24,230227.74,662143.53,652082.61,
2013-12-27,255901.68,229745.07,641254.89,637124.99,
2013-12-28,248116.23,236210.4,634486.13,644749.8,
2013-12-29,241097.94,237988.8,651157.28,657850.86,
2013-12-30,236073.56,235130.4,666177.83,658124.15,
2013-12-31,224994.6,232250.49,641518.98,637777.56,
2014-01-01,222252.75,229039.2,639253.8,653715.99,
2014-01-02,219609.18,223414.11,643143.36,673126.44,
2014-01-03,215188.7,223362.9,633138.51,640040.94,
2014-01-04,211981.68,233288.37,616377.68,644050.71,
2014-01-05,209468.93,233507.25,601544.16,623927.7,
2014-01-06,207897.12,231299.19,590675.43,629531.33,
2014-01-07,202171.77,238834.8,616745.52,639255.09,
2014-01-08,199671.98,243180.0,620741.93,644479.83,
2014-01-09,199347.53,239678.55,609626.51,646900.68,
2014-01-10,200945.21,238236.03,605450.18,629546.82,
2014-01-11,205255.85,241924.32,620531.6,624384.06,
2014-01-12,206853.35,240799.68,603232.5,635422.26,
2014-01-13,207357.66,242096.76,590296.5,616312.28,
2014-01-14,204504.08,240533.55,575890.61,618116.31,
2014-01-15,203674.19,241255.53,539905.23,646056.56,
2014-01-16,209187.36,239241.6,555073.97,625752.3,
2014-01-17,209697.66,239173.2,532747.08,623894.4,
2014-01-18,213452.73,240544.8,520003.74,619011.6,
2014-01-19,213056.33,240019.2,563330.84,625963.2,
2014-01-20,210582.18,239266.8,547908.11,606208.77,
2014-01-21,210282.71,232236.0,509601.12,591794.25,
2014-01-22,210570.75,235456.2,517679.93,585283.5,
2014-01-23,208526.4,231949.8,527436.75,594403.5,
2014-01-24,208526.4,233258.4,583118.51,613760.13,
2014-01-25,206118.41,232130.07,589403.19,613374.9,
2014-01-26,200049.44,234026.37,600037.89,613903.65,
2014-01-27,199557.36,236098.8,568963.61,599536.7,
2014-01-28,200332.67,241994.16,636651.29,632699.3,
2014-01-29,198129.42,239749.92,641130.23,620061.72,
2014-01-30,195782.4,234852.3,633648.36,615818.43,
2014-01-31,194109.3,238185.54,628972.17,601081.02,
2014-02-01,189850.1,236275.2,653617.26,630087.06,
2014-02-02,188163.36,226428.3,570691.5,620415.21,
2014-02-03,189635.09,219931.2,541824.3,581164.92,
2014-02-04,188406.72,219931.2,541640.97,610384.01,
2014-02-05,189552.96,225611.1,531855.78,644593.1,
2014-02-06,190441.64,225122.4,520262.55,600876.96,
2014-02-07,189038.01,232598.61,542195.33,626535.72,
2014-02-08,185463.3,232528.95,559194.2,668910.78,
2014-02-09,182283.63,231858.09,459008.7,663192.0,
2014-02-10,180744.63,232339.77,474801.27,590394.0,
2014-02-11,180489.6,228348.0,485898.0,586505.04,
2014-02-12,180489.6,222652.8,486680.1,590208.98,
2014-02-13,180489.6,222652.8,534063.86,599081.0,
2014-02-14,179015.92,224071.47,498459.21,577892.04,
2014-02-15,179229.02,227130.66,598626.8,615142.1,
2014-02-16,180528.56,227194.74,652419.18,624441.0,
2014-02-17,184528.83,225716.22,604410.98,628329.48,
2014-02-18,175539.2,226856.16,584410.82,607289.37,
2014-02-19,172579.21,227966.13,545278.65,598072.28,
2014-02-20,172974.86,225175.32,585727.86,626711.61,
2014-02-21,173005.58,223691.76,552586.14,605892.09,
2014-02-22,171806.4,226687.23,544184.84,608341.47,
2014-02-23,170893.99,223870.95,550595.19,614978.63,
2014-02-24,169080.71,222598.35,502148.55,579991.05,
2014-02-25,165621.52,223389.9,496635.47,583763.94,
2014-02-26,160928.52,222432.84,478000.19,589975.85,
2014-02-27,162438.62,226870.65,458635.7,579650.93,
2014-02-28,163539.01,226335.06,463768.47,573892.14,
2014-03-01,160705.46,222795.36,461619.23,558924.9,
2014-03-02,158406.4,222652.8,483631.58,577480.5,
2014-03-03,159758.97,222311.61,451421.4,559447.5,
2014-03-04,155783.45,221463.36,461584.38,566444.45,
2014-03-05,128729.81,222311.25,450514.98,562064.37,
2014-03-06,116630.51,221009.58,464555.99,568581.0,
2014-03-07,135418.03,225374.4,463074.83,560159.64,
2014-03-08,145275.72,224566.56,468605.72,564825.12,
2014-03-09,156459.51,227159.01,511877.28,566688.66,
2014-03-10,268912.37,238996.8,635353.52,610821.0,
2014-03-11,268405.66,236026.8,593538.66,609216.81,
2014-03-12,274918.12,240188.4,599021.25,617664.23,
2014-03-13,280623.71,245318.4,1012204.82,1064244.83,
2014-03-14,354070.45,244483.2,1105513.18,903508.26,
2014-03-15,397617.2,233092.8,894545.4,731829.0,
2014-03-16,326353.48,228050.55,848002.37,732066.48,
2014-03-17,260379.95,226710.36,815846.58,710325.41,
2014-03-18,234014.61,226415.79,776909.48,709667.42,
2014-03-19,222122.36,227604.96,749965.34,701229.18,
2014-03-20,214458.01,227237.67,685334.81,665075.03,
2014-03-21,210762.47,226704.33,644699.55,664120.5,
2014-03-22,206028.93,228051.9,659820.29,660966.6,
2014-03-23,202657.97,226439.73,655872.03,660860.15,
2014-03-24,197997.56,227938.5,720602.82,647777.55,
2014-03-25,193768.82,230562.27,590814.8,637759.65,
2014-03-26,190956.16,228125.61,584972.21,638971.23,
2014-03-27,191008.14,224779.95,495488.34,616609.41,
2014-03-28,191751.36,222172.74,490154.13,623959.28,
2014-03-29,190628.43,221575.5,527265.03,612086.49,
2014-03-30,183548.74,219824.28,629040.05,660553.62,
2014-03-31,184788.91,219982.05,577290.66,620887.31,
2014-04-01,184170.44,219137.4,590841.0,612071.34,
2014-04-02,187975.12,217291.05,515543.24,580085.0,
2014-04-03,191333.51,214406.46,462629.4,578728.5,
2014-04-04,184468.84,213977.7,436223.67,578861.19,
2014-04-05,176405.35,212900.4,455085.59,569273.63,
2014-04-06,173232.0,209271.6,446783.61,566535.0,
2014-04-07,173084.56,206365.86,380773.64,548111.93,
2014-04-08,168662.6,205376.67,360427.35,544857.3,
2014-04-09,167040.2,208532.34,348478.22,484416.6,
2014-04-10,168409.99,209187.36,386191.08,420804.78,
2014-04-11,167497.69,209459.52,383827.17,422902.52,
2014-04-12,168098.26,209731.68,378858.68,426410.19,
2014-04-13,166752.0,210003.84,395722.95,418608.12,
2014-04-14,167944.5,210276.0,341414.94,375931.95,
2014-04-15,165771.75,210548.16,349854.12,389754.66,
2014-04-16,164210.25,210820.32,367527.69,385054.8,
2014-04-17,165470.25,211088.16,341144.85,381208.98,
2014-04-18,166865.31,211360.32,327440.1,384406.89,
2014-04-19,168721.14,211632.48,349586.58,399602.01,
2014-04-20,172648.42,211904.64,338639.4,380210.19,
2014-04-21,171624.42,212176.8,320647.34,385884.53,
2014-04-22,169103.28,212448.96,300961.9,370788.81,
2014-04-23,170113.18,212721.12,325200.66,355439.25,
2014-04-24,161995.63,212993.28,294256.57,329021.07,
2014-04-25,161571.75,213265.44,283902.62,337429.08,
2014-04-26,166752.0,213537.6,291896.08,364966.02,
2014-04-27,166236.29,213809.76,313517.99,359146.58,
2014-04-28,164137.06,214081.92,278124.46,291073.38,
2014-04-29,163332.0,214354.08,268883.9,335540.84,
2014-04-30,161273.41,214626.24,304930.71,336884.75,
2014-05-01,161958.02,214898.4,256733.48,317714.69,
2014-05-02,160248.0,215170.56,186074.3,320049.06,
2014-05-03,158013.05,215442.72,173024.06,324074.03,
2014-05-04,156695.09,215714.88,182840.07,307975.4,
2014-05-05,155948.47,215987.04,170845.85,260571.24,
2014-05-06,153792.0,216259.2,161849.69,299266.74,
2014-05-07,157411.0,216531.36,181934.88,299323.86,
2014-05-08,246853.01,216803.52,447655.31,381252.33,
2014-05-09,291288.69,217075.68,508333.5,361913.09,
2014-05-10,297535.73,217209.6,489171.47,415678.22,
2014-05-11,255997.59,217209.6,460153.43,328124.55,
2014-05-12,287975.21,217209.6,386929.44,367368.42,
2014-05-13,284048.34,217209.6,391494.81,317427.66,
2014-05-14,253155.47,217209.6,320210.97,328437.9,
2014-05-15,248457.19,217209.6,275919.12,305187.3,
2014-05-16,238028.67,217209.6,249860.82,322284.48,
2014-05-17,229866.47,217209.6,310112.31,347098.89,
2014-05-18,224154.6,217209.6,291741.02,337117.8,
2014-05-19,220829.23,217209.6,230291.58,288604.11,
2014-05-20,218730.91,217209.6,202611.98,301627.11,
2014-05-21,218721.6,217209.6,201877.38,303439.32,
2014-05-22,216928.59,217209.6,194730.12,293586.57,
2014-05-23,215096.04,217209.6,163118.01,267559.8,
2014-05-24,215550.26,217209.6,158416.53,272082.6,
2014-05-25,216171.43,217209.6,165958.28,302908.67,
2014-05-26,214368.57,217209.6,165691.44,291113.4,
2014-05-27,211711.52,217209.6,156792.69,337113.0,
2014-05-28,211079.18,217209.6,155018.93,330726.57,
2014-05-29,212414.4,217209.6,150546.47,310700.6,
2014-05-30,213633.09,217209.6,142400.82,263656.55,
2014-05-31,213783.29,217209.6,133107.3,259554.11,
2014-06-01,212585.55,217209.6,125820.0,313754.21,
2014-06-02,213322.42,217209.6,129848.55,339313.81,
2014-06-03,209571.26,217209.6,120410.85,314695.01,
2014-06-04,208536.36,217209.6,117205.65,313560.54,
2014-06-05,209353.11,217209.6,124071.57,370660.62,
2014-06-06,209372.91,217209.6,124543.29,344024.66,
2014-06-07,207932.13,217209.6,124498.82,334747.55,
2014-06-08,208390.61,217209.6,130716.36,354163.23,
2014-06-09,206776.3,217209.6,127010.84,342351.81,
2014-06-10,204700.52,217209.6,114476.85,336227.76,
2014-06-11,205811.63,217209.6,104675.31,361889.94,
2014-06-12,207153.93,217209.6,106042.65,331638.45,
2014-06-13,205977.6,217581.12,102355.98,352042.86,
2014-06-14,205977.6,218319.84,102094.41,320653.8,
2014-06-15,205751.04,219058.56,105106.05,338796.63,
2014-06-16,204477.53,219801.6,104738.4,318938.85,
2014-06-17,202100.42,220540.32,104900.4,301257.45,
2014-06-18,201769.7,221279.04,104390.58,298305.63,
2014-06-19,202882.78,222022.08,101700.39,301866.21,
2014-06-20,202939.3,222765.12,100496.7,274842.48,
2014-06-21,199841.9,223503.84,98736.57,297102.35,
2014-06-22,195292.04,224242.56,99998.04,337740.03,
2014-06-23,193848.14,224985.6,97876.19,296076.6,
2014-06-24,195554.17,225724.32,97095.21,298453.46,
2014-06-25,194989.94,226463.04,97202.31,279071.82,
2014-06-26,195067.76,227206.08,96893.52,284519.85,
2014-06-27,194817.08,227944.8,101036.13,277660.35,
2014-06-28,192840.03,228683.52,101844.02,282536.16,
2014-06-29,189616.3,229426.56,85314.96,276373.67,
2014-06-30,188122.17,230165.28,81259.2,258670.08,
2014-07-01,185763.24,230904.0,74029.13,245114.52,
2014-07-02,186965.29,231647.04,68186.67,287994.62,
2014-07-03,185587.24,232390.08,64272.0,265873.01,
2014-07-04,184307.71,233128.8,60450.54,270188.69,
2014-07-05,181509.53,233867.52,70349.76,264895.56,
2014-07-06,182393.79,234610.56,79919.61,265813.79,
2014-07-07,182927.48,235349.28,71406.48,265243.23,
2014-07-08,181647.98,236088.0,64361.07,274098.09,
2014-07-09,180490.46,236831.04,71263.92,282955.02,
2014-07-10,179957.08,237569.76,71176.56,297017.94,
2014-07-11,178010.16,238308.48,65273.67,286348.89,
2014-07-12,180118.32,239051.52,63630.29,288997.7,
2014-07-13,178094.27,239790.24,73636.16,290111.19,
2014-07-14,177494.2,240528.96,67838.4,304214.79,
2014-07-15,177940.8,241272.0,53317.14,292754.55,
2014-07-16,179322.29,241495.56,45956.19,313296.03,
2014-07-17,179484.33,239772.96,46534.05,305957.04,
2014-07-18,180255.3,237863.52,55087.14,307241.28,
2014-07-19,179509.96,235954.08,66359.88,294657.03,
2014-07-20,177225.37,234044.64,71463.12,289732.47,
2014-07-21,179242.64,232139.52,70210.71,296260.53,
2014-07-22,180489.6,230234.4,60225.14,304831.8,
2014-07-23,178882.44,228324.96,63561.6,309484.8,
2014-07-24,177127.22,226415.52,69905.0,304958.7,
2014-07-25,175460.9,224506.08,63446.61,304346.21,
2014-07-26,175392.0,222596.64,63309.96,299607.44,
2014-07-27,175392.0,220687.2,81100.74,368017.65,
2014-07-28,175392.0,218777.76,77565.66,318405.8,
2014-07-29,176682.31,216872.64,71414.34,332871.75,
2014-07-30,175931.59,214967.52,64190.4,327270.96,
2014-07-31,175593.08,213058.08,72163.2,313601.7,
2014-08-01,178423.91,211148.64,76729.13,286383.93,
2014-08-02,178982.32,209239.2,93051.75,281044.94,
2014-08-03,175047.92,207329.76,101307.39,319302.48,
2014-08-04,174347.79,205420.32,89135.64,316929.6,
2014-08-05,173261.93,203510.88,86184.78,335722.8,
2014-08-06,172072.5,201605.76,90816.3,332510.99,
2014-08-07,169845.0,199700.64,84643.2,327267.54,
2014-08-08,169090.46,197791.2,73723.25,346220.1,
2014-08-09,170580.51,195881.76,86447.9,331523.1,
2014-08-10,169184.57,193972.32,92397.15,338333.4,
2014-08-11,171513.82,192062.88,88827.38,326764.8,
2014-08-12,172687.15,190153.44,85298.4,319680.0,
2014-08-13,173232.0,188248.32,87956.93,319680.0,
2014-08-14,173232.0,186343.2,88126.14,318241.44,
2014-08-15,173232.0,184784.76,79034.4,315360.0,
2014-08-16,173045.95,184900.32,82399.41,312478.56,
2014-08-17,171906.77,185232.96,89800.38,309601.44,
2014-08-18,173188.71,185561.28,84630.24,306720.0,
2014-08-19,172335.17,185889.6,85046.4,303838.56,
2014-08-20,171923.92,186217.92,87088.41,300961.44,
2014-08-21,171072.0,186546.24,102296.3,298080.0,
2014-08-22,169777.5,186878.88,106808.46,295198.56,
2014-08-23,168912.0,187211.52,117308.82,293760.0,
2014-08-24,168304.93,187539.84,133089.78,293760.0,
2014-08-25,167877.44,187868.16,107332.5,293142.24,
2014-08-26,166965.2,188196.48,100987.2,291906.72,
2014-08-27,166816.92,188524.8,99590.4,290671.2,
2014-08-28,168430.53,188857.44,104544.0,289440.0,
2014-08-29,169711.5,189190.08,98326.98,288208.8,
2014-08-30,170406.45,189518.4,109974.44,286973.28,
2014-08-31,170781.96,189846.72,131447.97,285737.76,
2014-09-01,172119.0,190175.04,109090.37,285120.0,
2014-09-02,173232.0,190503.36,104392.22,285120.0,
2014-09-03,173232.0,190831.68,110353.86,295004.04,
2014-09-04,173232.0,191164.32,106537.16,306861.65,
2014-09-05,173232.0,191496.96,111900.47,310795.25,
2014-09-06,172865.91,191825.28,136530.09,344860.98,
2014-09-07,172877.29,192153.6,144924.63,371285.33,
2014-09-08,173312.59,192481.92,128913.12,333550.95,
2014-09-09,175564.22,192810.24,130485.6,328928.55,
2014-09-10,180540.93,193142.88,125332.92,291805.01,
2014-09-11,184126.95,193475.52,120550.38,275876.81,
2014-09-12,183396.83,193803.84,118526.85,317237.78,
2014-09-13,183038.4,194132.16,132816.3,326810.07,
2014-09-14,183038.4,194460.48,146078.67,323716.59,
2014-09-15,183847.29,194788.8,140290.04,312679.62,
2014-09-16,186632.02,195121.44,128041.16,295992.87,
2014-09-17,186757.92,195447.6,123248.52,313578.38,
2014-09-18,187061.0,195752.16,119451.3,292537.8,
2014-09-19,185587.2,196054.56,118496.22,294218.94,
2014-09-20,185587.2,196356.96,126592.53,308415.06,
2014-09-21,185587.2,196659.36,141489.03,322636.28,
2014-09-22,185587.2,196961.76,137063.07,304165.79,
2014-09-23,185587.2,197264.16,126474.89,298267.76,
2014-09-24,185587.2,197570.88,122729.88,307138.26,
2014-09-25,185524.56,197877.6,122226.12,309497.25,
2014-09-26,185081.76,198180.0,126707.49,315652.02,
2014-09-27,184572.0,198482.4,146991.66,292282.76,
2014-09-28,184062.24,198784.8,158124.32,319999.02,
2014-09-29,183556.8,199087.2,152729.57,354364.88,
2014-09-30,181912.4,199389.6,168362.9,345849.92,
2014-10-01,181776.96,199692.0,146746.92,314833.02,
2014-10-02,182104.86,199994.4,145959.3,352860.99,
2014-10-03,180489.6,200296.8,143768.4,304156.77,
2014-10-04,180489.6,200599.2,154011.6,308695.05,
2014-10-05,183052.03,200963.88,153610.26,333514.8,
2014-10-06,188648.47,201579.84,146737.34,314545.61,
2014-10-07,187579.59,202223.52,148365.6,322412.82,
2014-10-08,188265.24,202871.52,140523.66,342850.68,
2014-10-09,192487.25,203519.52,163165.5,360780.26,
2014-10-10,191296.0,204167.52,157161.68,362723.7,
2014-10-11,190684.8,204811.2,169631.16,359157.24,
2014-10-12,191215.05,205454.88,166770.36,322082.4,
2014-10-13,195843.94,206102.88,150957.63,321665.85,
2014-10-14,201246.62,206750.88,157599.53,340957.4,
2014-10-15,208337.92,207394.56,166732.8,332057.76,
2014-10-16,207532.55,208038.24,193182.84,366445.86,
2014-10-17,207635.21,208686.24,288455.4,369347.25,
2014-10-18,210108.07,209334.24,270773.16,380198.18,
2014-10-19,212994.35,209982.24,232145.9,394184.64,
2014-10-20,233787.87,210625.92,246916.64,378422.15,
2014-10-21,230267.9,211269.6,211319.27,345429.21,
2014-10-22,263169.19,211917.6,192159.66,356520.3,
2014-10-23,245109.27,212565.6,166402.02,360869.31,
2014-10-24,230572.25,213209.28,172158.21,380437.38,
2014-10-25,229939.1,213852.96,182000.13,364200.38,
2014-10-26,234217.73,212769.18,180708.8,353277.78,
2014-10-27,239493.91,209781.9,170229.05,332073.0,
2014-10-28,243119.46,203490.81,168223.2,342309.6,
2014-10-29,245983.78,205810.56,169670.09,339706.13,
2014-10-30,253625.98,199128.6,185299.2,327965.93,
2014-10-31,264609.4,195344.64,199547.34,335405.4,
2014-11-01,281331.09,204556.14,312798.0,447653.75,
2014-11-02,325013.26,212087.7,479846.6,464032.11,
2014-11-03,341965.93,205727.94,562582.47,485785.47,
2014-11-04,339482.82,215893.44,570237.51,461305.34,
2014-11-05,330182.93,205651.08,519248.84,458622.57,
2014-11-06,353136.01,201552.84,478565.67,456682.98,
2014-11-07,381689.07,198102.06,473090.63,457835.48,
2014-11-08,416469.56,191241.18,361502.6,423041.18,
2014-11-09,391515.59,189369.9,369982.44,474979.68,
2014-11-10,350734.82,191192.4,345914.21,411545.94,
2014-11-11,345336.9,190042.2,256875.21,430063.56,
2014-11-12,346232.12,189355.86,244224.0,505888.44,
2014-11-13,338809.7,192351.96,317742.3,496145.04,
2014-11-14,336312.0,194256.72,287356.59,484291.08,
2014-11-15,341368.52,195118.92,251440.53,483804.9,
2014-11-16,365224.14,208435.5,361748.97,518741.33,
2014-11-17,389744.03,230137.38,494316.44,502252.23,
2014-11-18,384896.27,210135.96,377289.78,498292.98,
2014-11-19,425063.65,201390.3,408261.63,493499.66,
2014-11-20,465416.32,197126.46,392424.12,495778.88,
2014-11-21,467070.63,201231.9,391787.25,494561.7,
2014-11-22,465935.02,211710.06,364223.96,493684.28,
2014-11-23,468926.81,206266.5,460186.43,511293.53,
2014-11-24,509727.2,201076.2,431870.93,488767.14,
2014-11-25,524959.77,200023.2,486393.32,514762.86,
2014-11-26,509980.88,258598.8,653756.34,522965.0,
2014-11-27,682776.16,245129.76,930586.2,580103.21,
2014-11-28,632321.71,215510.4,710372.1,521583.48,
2014-11-29,618948.72,209686.5,705420.96,539031.0,
2014-11-30,673832.69,203443.56,701644.38,521696.01,
2014-12-01,686654.24,198323.64,542862.45,534650.94,
2014-12-02,687908.54,199008.9,589049.91,515087.07,
2014-12-03,643945.73,198782.1,589098.72,518585.22,
2014-12-04,549904.51,195380.64,578934.78,511662.45,
2014-12-05,453225.98,194947.56,551448.21,506436.74,
2014-12-06,396650.19,193986.9,487343.87,507948.15,
2014-12-07,378830.24,192329.64,528900.83,511224.15,
2014-12-08,368916.75,192816.0,579778.95,514637.33,
2014-12-09,359350.16,193861.8,561716.7,503689.28,
2014-12-10,351730.55,192790.8,550381.32,509099.52,
2014-12-11,345562.88,192526.2,581589.03,511252.67,
2014-12-12,340400.55,188995.68,543687.44,496435.88,
2014-12-13,337896.35,191464.02,508351.88,503138.93,
2014-12-14,336312.0,202387.5,508470.15,507164.27,
2014-12-15,335212.32,199354.32,540449.67,521013.69,
2014-12-16,344263.63,195947.1,517346.52,507808.2,
2014-12-17,369618.7,194770.62,469516.46,507589.97,
2014-12-18,351410.73,194511.06,531336.78,501601.86,
2014-12-19,341255.82,194306.94,492959.04,498997.35,
2014-12-20,335387.99,196173.9,421757.88,498727.2,
2014-12-21,326276.2,196259.04,513259.07,505368.5,
2014-12-22,316695.68,199150.92,551876.46,507388.71,
2014-12-23,310861.78,214317.9,651406.5,511887.0,
2014-12-24,316399.25,202467.6,571270.76,509720.33,
2014-12-25,315899.95,197137.8,513766.77,513456.75,
2014-12-26,315397.3,196337.7,528038.7,513996.95,
2014-12-27,317616.67,192891.6,489806.34,521879.87,
2014-12-28,312583.85,194019.3,542816.0,514663.88,
2014-12-29,314851.32,194586.3,539988.89,520156.14,
2014-12-30,310794.42,193869.72,523703.49,512649.53,
2014-12-31,305340.78,194338.44,475107.53,506864.25,
2015-01-01,292063.68,192771.9,704109.81,509787.57,
2015-01-02,285220.65,192964.68,528137.1,507784.8,
2015-01-03,284488.03,195924.42,560732.52,538806.78,
2015-01-04,282489.16,201002.94,600732.69,567445.52,
2015-01-05,288138.4,200885.04,487448.07,580078.91,
2015-01-06,290565.09,197747.28,498659.73,564913.95,
2015-01-07,293873.21,206111.7,2084455.32,2168747.1,
2015-01-08,399989.27,250656.12,2387079.54,1280196.0,
2015-01-09,446693.09,218327.04,1250320.26,730040.3,
2015-01-10,523443.98,201957.48,927405.0,620633.07,
2015-01-11,863425.14,281759.58,2184505.1,1212863.34,
2015-01-12,887328.92,254571.3,1375159.83,758091.12,
2015-01-13,667076.74,199540.8,940443.83,652352.52,
2015-01-14,595063.79,196776.0,845897.61,622371.42,
2015-01-15,663323.2,200970.72,901667.37,690552.23,
2015-01-16,709934.84,204634.62,1066780.02,753991.19,
2015-01-17,629376.09,201797.64,1116987.91,872132.52,
2015-01-18,516247.73,202104.72,1138773.37,904791.72,
2015-01-19,413204.91,199853.82,1119852.57,781334.87,
2015-01-20,381484.86,199264.32,991845.86,774628.01,
2015-01-21,373766.39,198963.54,979698.74,751708.47,
2015-01-22,366772.86,197694.41,959562.2,781917.72,
2015-01-23,361514.05,197136.93,1023032.73,754050.54,
2015-01-24,357831.05,197477.26,954127.61,729939.77,
2015-01-25,354394.45,196126.88,965515.74,805741.89,
2015-01-26,347438.6,196679.66,926246.43,723574.77,
2015-01-27,331999.97,196509.5,928139.94,730127.94,
2015-01-28,323284.27,195436.8,908179.5,729315.3,
2015-01-29,318711.18,196780.85,859653.53,704764.29,
2015-01-30,311392.11,196758.75,869002.53,686723.34,
2015-01-31,305549.39,197181.64,863240.69,684744.27,
2015-02-01,301316.43,195277.3,833779.91,656735.48,
2015-02-02,298617.06,194961.94,731792.25,654677.78,
2015-02-03,293001.48,196537.1,705912.48,645294.21,
2015-02-04,291423.11,191436.68,743717.39,664368.83,
2015-02-05,286074.83,188204.75,724730.39,657819.44,
2015-02-06,277294.15,183727.26,780798.08,654986.96,
2015-02-07,275712.54,179301.28,765546.42,658252.2,
2015-02-08,272698.44,182987.82,806112.33,629311.44,
2015-02-09,269087.64,188498.46,833076.68,725103.69,
2015-02-10,266580.48,180065.49,753478.38,666636.8,
2015-02-11,264625.66,179398.27,769035.78,617471.27,
2015-02-12,267131.24,220772.07,1567580.03,1303945.58,
2015-02-13,268976.57,234710.53,2916171.56,2309470.02,
2015-02-14,268094.64,263152.33,2923274.7,1969568.55,
2015-02-15,269670.74,235812.41,1906179.57,1298947.73,
2015-02-16,301156.83,204629.42,1732431.68,1252511.0,
2015-02-17,340864.37,199250.29,1480632.65,1082491.26,
2015-02-18,374930.96,203210.37,1675670.43,1406800.67,
2015-02-19,381362.52,205760.27,2234794.17,1981029.96,
2015-02-20,541306.34,252561.8,3096323.03,2506029.2,
2015-02-21,909478.55,332576.69,3197154.64,2169877.35,
2015-02-22,1010541.5,250907.15,2304342.92,1518577.04,
2015-02-23,777773.94,206382.31,1941927.5,1394921.04,
2015-02-24,790202.04,192361.66,1863140.82,1371850.05,
2015-02-25,811330.68,196688.01,1954662.48,1764067.5,
2015-02-26,834759.77,196342.25,2289043.68,1500451.14,
2015-02-27,834121.0,193677.27,1729789.56,1392745.58,
2015-02-28,711143.08,191067.12,1640152.05,1295601.6,
2015-03-01,569885.23,197289.99,1578329.3,1307942.22,
2015-03-02,478925.05,194371.81,1529930.15,1267014.78,
2015-03-03,411442.21,195332.65,1489899.18,1233602.96,
2015-03-04,387178.91,194754.7,1449823.77,1116572.67,
2015-03-05,384761.75,196285.09,1442252.96,1153726.76,
2015-03-06,380014.65,190677.78,1411622.69,1099246.91,
2015-03-07,369460.95,189372.92,1317170.48,1053754.89,
2015-03-08,375589.84,189703.97,1323353.76,1115068.35,
2015-03-09,383460.59,187815.87,1315010.58,1091363.09,
2015-03-10,376187.24,173764.67,1277695.29,959821.26,
2015-03-11,373204.59,184700.86,1240307.79,1022674.73,
2015-03-12,372345.11,193042.56,1301565.9,1062816.05,
2015-03-13,373737.81,197184.59,1273747.92,998753.64,
2015-03-14,371108.8,194697.81,1259938.55,1013796.18,
2015-03-15,367631.79,194228.64,1191195.48,949396.95,
2015-03-16,365167.89,194719.37,1157468.46,927512.66,
2015-03-17,361545.02,196299.7,1135774.32,903191.88,
2015-03-18,357001.16,198001.26,1149615.95,941653.89,
2015-03-19,349913.88,192474.02,1087065.9,862342.13,
2015-03-20,346550.4,197355.11,1061185.62,823140.53,
2015-03-21,360154.8,195581.14,1090417.14,848964.83,
2015-03-22,376853.13,195439.24,1158997.94,930143.81,
2015-03-23,373000.56,194560.64,1115240.7,898387.26,
2015-03-24,371668.82,193306.57,1088231.1,896219.73,
2015-03-25,369664.64,193929.8,1033155.6,833003.06,
2015-03-26,365340.3,194273.3,942348.9,829340.64,
2015-03-27,364521.6,187191.06,955876.35,830388.05,
2015-03-28,363137.43,182040.85,928386.48,770525.97,
2015-03-29,362678.32,184096.81,994050.75,820900.88,
2015-03-30,359045.01,186710.8,934640.76,811069.32,
2015-03-31,352326.88,185043.24,875080.98,800330.51,
2015-04-01,350468.38,191020.42,927774.59,786274.44,
2015-04-02,353199.16,191308.67,877167.3,816079.11,
2015-04-03,354813.06,186365.82,866380.59,796007.88,
2015-04-04,353719.14,184204.7,849691.58,738245.58,
2015-04-05,352041.69,187153.63,886712.34,831148.4,
2015-04-06,346283.45,185605.43,800315.34,727817.13,
2015-04-07,341083.11,186451.24,683039.07,708937.02,
2015-04-08,335947.02,188377.24,717910.62,735414.6,
2015-04-09,330525.65,189824.78,773030.24,743759.78,
2015-04-10,329581.32,188944.75,859925.52,793000.38,
2015-04-11,330831.55,193687.8,1022714.57,859834.74,
2015-04-12,342536.65,206842.23,1147110.21,908560.64,
2015-04-13,337899.87,209473.46,1136132.1,881687.09,
2015-04-14,296667.13,198849.07,1152915.29,880540.1,
2015-04-15,308605.28,193835.6,1179952.77,891015.47,
2015-04-16,325921.97,191710.14,1170674.67,846083.46,
2015-04-17,323813.91,187689.97,1059845.04,841987.2,
2015-04-18,336464.14,182706.74,1080278.54,848757.96,
2015-04-19,353172.45,185578.56,1006408.76,808569.63,
2015-04-20,357267.4,189629.23,919606.43,746175.23,
2015-04-21,361092.53,186664.51,888088.94,781164.0,
2015-04-22,367344.01,186705.0,956457.92,788454.45,
2015-04-23,372105.95,182284.29,977131.95,772241.91,
2015-04-24,374602.3,184380.07,1011371.25,826647.98,
2015-04-25,372843.72,186878.88,937809.2,772710.06,
2015-04-26,377022.17,188971.11,922475.45,746396.72,
2015-04-27,378371.42,187272.0,848212.94,692368.98,
2015-04-28,362646.72,184827.43,763328.1,675659.87,
2015-04-29,345072.96,179161.23,738765.71,644788.05,
2015-04-30,327503.52,179487.08,686986.85,654990.11,
2015-05-01,309934.08,173521.91,678001.86,651067.13,
2015-05-02,292364.64,177009.3,701813.16,688038.05,
2015-05-03,274795.2,182001.65,741331.16,662648.96,
2015-05-04,257221.44,182347.63,665696.54,667303.02,
2015-05-05,239652.0,180912.93,681895.95,672775.8,
2015-05-06,222082.56,182479.98,664909.29,643781.4,
2015-05-07,207502.2,180361.95,615371.67,635623.5,
2015-05-08,204603.08,174646.13,605006.84,630786.75,
2015-05-09,196599.51,173117.86,621024.09,639876.45,
2015-05-10,195404.27,176615.97,644227.73,629033.16,
2015-05-11,197318.84,177539.52,462985.76,615526.14,
2015-05-12,194454.86,174188.17,586271.79,623132.09,
2015-05-13,194717.07,176692.37,538867.83,615395.7,
2015-05-14,192025.58,179360.04,584077.79,620997.3,
2015-05-15,190684.8,173184.35,550504.01,635868.45,
2015-05-16,193982.63,173724.5,551960.46,633771.17,
2015-05-17,199241.1,176202.99,538134.26,585514.2,
2015-05-18,194242.5,170779.82,407766.69,561547.2,
2015-05-19,189383.85,167423.45,347386.2,544041.66,
2015-05-20,188996.72,165991.46,344717.42,544635.32,
2015-05-21,182589.75,166473.77,367248.27,552116.87,
2015-05-22,179984.88,164830.58,353591.64,548870.28,
2015-05-23,181447.07,168838.87,379672.26,558210.9,
2015-05-24,180493.74,168217.78,396596.18,558171.0,
2015-05-25,181120.32,165692.85,388932.17,560165.4,
2015-05-26,175180.46,167642.02,352118.82,538102.14,
2015-05-27,171537.35,165819.31,330565.19,542701.47,
2015-05-28,170082.81,166140.32,330142.62,546174.06,
2015-05-29,164895.66,163424.55,337035.42,540333.8,
2015-05-30,161963.1,166388.13,353428.68,544243.13,
2015-05-31,168929.87,166512.68,355016.61,534316.5,
2015-06-01,169531.65,169087.37,336918.6,532944.3,
2015-06-02,170077.28,171631.2,329681.52,531853.2,
2015-06-03,168321.42,169505.79,345465.63,543402.0,
2015-06-04,166718.25,168963.32,342587.51,533954.61,
2015-06-05,164243.25,168820.92,318454.32,528937.17,
2015-06-06,162432.99,168608.46,336412.95,539731.04,
2015-06-07,163207.53,169115.98,349675.44,567329.54,
2015-06-08,164706.03,166434.89,323052.86,579869.31,
2015-06-09,162354.83,164252.98,320952.98,597899.06,
2015-06-10,164013.75,165497.33,312727.89,587551.38,
2015-06-11,161896.32,166290.15,313122.48,608707.86,
2015-06-12,159668.64,166633.35,302149.79,587516.27,
2015-06-13,156288.92,167229.0,304340.54,577470.53,
2015-06-14,155402.46,165892.5,313733.6,584194.58,
2015-06-15,155987.64,165942.83,271038.6,561032.25,
2015-06-16,157072.46,166911.14,272957.31,553204.25,
2015-06-17,158023.35,166086.77,270482.66,547488.3,
2015-06-18,155187.0,166559.9,271269.02,551893.94,
2015-06-19,156296.7,166097.47,257724.17,542102.01,
2015-06-20,154234.08,166925.46,269606.1,575713.97,
2015-06-21,153385.52,167577.15,283737.54,564195.15,
2015-06-22,154588.59,167278.5,256504.38,536576.61,
2015-06-23,151064.33,168070.5,257727.15,536591.28,
2015-06-24,153564.66,168313.25,259022.75,542041.8,
2015-06-25,153139.5,168520.68,262692.14,566048.16,
2015-06-26,154882.71,168678.45,264297.42,556949.07,
2015-06-27,156145.14,168782.12,282582.5,561919.92,
2015-06-28,153117.0,168807.21,308475.51,536839.41,
2015-06-29,153141.84,168391.27,260860.38,562056.09,
2015-06-30,147850.38,168890.24,256941.03,560569.73,
2015-07-01,150180.75,169328.0,256226.61,540077.22,
2015-07-02,153218.25,168912.0,255753.45,551152.53,
2015-07-03,151742.75,169107.99,254075.67,542129.67,
2015-07-04,147330.23,169856.09,257515.14,565383.89,
2015-07-05,142898.04,169007.7,271780.55,560877.39,
2015-07-06,143108.55,167263.13,258292.14,541527.24,
2015-07-07,146015.55,167145.47,254299.55,540345.9,
2015-07-08,145216.08,167288.19,254883.02,545653.5,
2015-07-09,145784.39,167970.86,254547.23,539519.4,
2015-07-10,142519.5,168607.76,253582.2,536587.2,
2015-07-11,139515.75,168912.0,252984.35,538575.6,
2015-07-12,140348.25,169871.19,254802.2,543577.76,
2015-07-13,141837.93,169278.11,254310.12,542583.9,
2015-07-14,139099.5,170713.32,253920.6,539092.8,
2015-07-15,139378.14,169995.19,252982.77,537210.3,
2015-07-16,141156.72,170793.0,250740.3,534869.58,
2015-07-17,143163.0,170172.01,248096.4,532149.96,
2015-07-18,144811.44,172815.91,256430.78,567549.75,
2015-07-19,145422.45,169976.03,257750.69,550439.66,
2015-07-20,148458.42,173876.16,253064.22,541808.82,
2015-07-21,146143.08,170493.01,252239.28,534343.32,
2015-07-22,147654.72,166536.0,252074.1,536847.75,
2015-07-23,149916.87,166685.45,253465.98,551361.35,
2015-07-24,144947.66,167871.8,254330.4,559208.45,
2015-07-25,146581.47,166660.61,256110.54,547294.17,
2015-07-26,151198.38,167153.97,257582.81,544429.11,
2015-07-27,151538.13,167973.04,251485.53,551721.24,
2015-07-28,146429.55,168919.32,251629.08,532963.68,
2015-07-29,143869.5,170193.41,252631.44,531146.64,
2015-07-30,142696.71,171486.07,251530.44,522448.2,
2015-07-31,141870.15,172340.31,246942.12,513274.5,
2015-08-01,140157.0,174120.92,247004.09,515817.99,
2015-08-02,138672.0,172114.57,251527.8,522484.89,
2015-08-03,138672.0,169528.35,254722.29,518356.65,
2015-08-04,139358.25,170408.43,254150.4,518202.42,
2015-08-05,140460.75,171638.59,255044.28,518304.6,
2015-08-06,136512.0,181055.93,255239.12,520902.0,
2015-08-07,139549.5,177217.38,253416.74,516240.17,
2015-08-08,140179.5,175476.82,258321.75,529210.97,
2015-08-09,138912.57,172394.78,261977.87,523684.65,
2015-08-10,142288.02,178129.45,255415.92,535422.83,
2015-08-11,146008.62,173766.9,257844.78,526230.62,
2015-08-12,144801.45,173991.88,262851.75,527386.1,
2015-08-13,143908.56,174029.08,258590.27,516327.3,
2015-08-14,145688.85,176363.47,254964.42,528671.49,
2015-08-15,145019.7,176513.64,260156.6,529047.41,
2015-08-16,144236.25,179674.55,266660.12,520811.39,
2015-08-17,141058.71,180850.49,259365.83,521053.35,
2015-08-18,141642.0,175595.5,274417.73,517717.8,
2015-08-19,137831.67,173927.25,285878.42,524616.95,
2015-08-20,134805.24,171813.93,282091.46,514542.24,
2015-08-21,132390.54,176358.17,273948.29,515074.95,
2015-08-22,131466.02,176045.4,273446.73,515942.24,
2015-08-23,135368.55,177406.2,285465.6,522470.31,
2015-08-24,131907.15,180755.28,264483.2,527639.04,
2015-08-25,129142.8,182565.9,275691.21,524624.22,
2015-08-26,130291.2,181463.94,296994.96,518930.49,
2015-08-27,129667.5,181797.03,304775.64,548636.82,
2015-08-28,128206.13,180864.68,299550.35,522736.5,
2015-08-29,125504.91,181828.58,305548.52,519385.2,
2015-08-30,126449.6,181715.35,290005.92,521698.5,
2015-08-31,128472.8,180241.2,314642.88,545639.82,
2015-09-01,131572.62,180758.39,293837.64,511916.43,
2015-09-02,139066.97,181309.61,273528.87,510621.12,
2015-09-03,144993.15,181716.23,267516.02,509667.89,
2015-09-04,146558.25,182131.83,272538.0,514398.59,
2015-09-05,144297.0,183339.23,313302.6,524161.86,
2015-09-06,144364.5,181911.95,307497.84,524486.04,
2015-09-07,145126.44,182937.17,284847.21,533392.83,
2015-09-08,142325.51,184257.58,281882.85,539688.23,
2015-09-09,144100.8,182884.36,271018.97,530452.46,
2015-09-10,145152.0,181597.14,276492.71,537697.28,
2015-09-11,146198.25,179988.32,260134.13,532411.97,
2015-09-12,147391.88,182573.04,261180.63,534015.78,
2015-09-13,148666.05,180438.68,274157.27,529418.61,
2015-09-14,146396.61,180761.33,286085.88,538700.55,
2015-09-15,143094.42,180997.87,322604.72,537181.91,
2015-09-16,144809.78,180806.31,314634.15,531135.6,
2015-09-17,147247.11,180307.27,303385.32,539804.1,
2015-09-18,148977.81,181595.15,283019.94,526875.54,
2015-09-19,151815.33,181828.8,280037.58,533597.42,
2015-09-20,147555.59,179671.46,315618.0,533981.97,
2015-09-21,148616.64,180639.99,295025.15,533642.48,
2015-09-22,149960.16,180864.9,280107.63,534939.63,
2015-09-23,151303.68,178955.15,297801.95,525634.44,
2015-09-24,152651.52,179086.85,298945.08,531581.36,
2015-09-25,153710.84,181773.99,276904.29,528183.3,
2015-09-26,153792.0,181512.48,306093.65,533209.2,
2015-09-27,153792.0,180562.04,316936.8,529758.3,
2015-09-28,153792.0,182391.55,317543.1,528818.16,
2015-09-29,153792.0,181459.88,296122.62,531162.84,
2015-09-30,153792.0,181801.97,259564.16,529830.78,
2015-10-01,157105.44,180041.27,275144.19,526173.93,
2015-10-02,163732.32,177266.57,292859.31,525968.13,
2015-10-03,170359.2,177967.73,296517.08,528430.56,
2015-10-04,176981.76,179674.2,293427.98,529037.76,
2015-10-05,183604.32,179107.2,317731.08,525099.42,
2015-10-06,190231.2,179222.49,327993.72,531989.34,
2015-10-07,196858.08,181150.29,334805.64,589604.55,
2015-10-08,203484.96,181828.8,380192.15,559697.82,
2015-10-09,210111.84,181292.94,365735.18,539511.0,
2015-10-10,216738.72,180408.49,382644.36,570490.92,
2015-10-11,223365.6,177528.64,390242.34,546916.8,
2015-10-12,229988.16,182359.83,321037.8,538575.15,
2015-10-13,236610.72,183547.91,361047.81,527871.57,
2015-10-14,243237.6,178153.54,355252.7,549562.44,
2015-10-15,249864.48,173684.35,353571.3,535070.16,
2015-10-16,256491.36,174146.35,345404.34,533541.96,
2015-10-17,263118.24,176713.84,336262.8,535925.4,
2015-10-18,269745.12,178074.72,335822.55,528861.48,
2015-10-19,276372.0,179051.89,358207.28,548058.32,
2015-10-20,282994.56,178521.86,350299.7,538747.77,
2015-10-21,289617.12,175857.6,343759.65,543760.38,
2015-10-22,296244.0,174947.97,345222.0,541180.16,
2015-10-23,302870.88,176385.6,324279.32,528174.96,
2015-10-24,309497.76,176915.5,308984.58,528690.39,
2015-10-25,316124.64,179562.94,328523.09,592890.48,
2015-10-26,322751.52,187289.31,446442.17,595434.66,
2015-10-27,329374.08,187950.24,428018.82,578173.32,
2015-10-28,335996.64,185485.45,467752.62,635547.66,
2015-10-29,342623.52,188476.65,472161.63,578915.16,
2015-10-30,349250.4,188135.69,458667.02,608218.79,
2015-10-31,355877.28,191150.09,411869.06,587216.84,
2015-11-01,362504.16,192203.45,474603.63,582598.32,
2015-11-02,369131.04,188162.6,403357.86,631314.38,
2015-11-03,375757.92,189407.69,393680.39,566064.74,
2015-11-04,382380.48,187130.5,392173.46,563979.63,
2015-11-05,389003.04,183512.24,392948.9,561401.66,
2015-11-06,395629.92,181707.44,387080.94,570602.4,
2015-11-07,402256.8,186588.19,371962.77,559129.59,
2015-11-08,408883.68,184437.27,403199.04,536478.71,
2015-11-09,415510.56,191190.8,409410.92,520772.7,
2015-11-10,422137.44,194595.66,456284.1,525163.8,
2015-11-11,428764.32,193933.44,453065.88,517740.87,
2015-11-12,438801.84,198620.99,435117.9,518313.3,
2015-11-13,466192.13,204568.76,394947.2,506953.52,
2015-11-14,465731.78,205969.39,395222.36,514458.92,
2015-11-15,432624.29,202781.21,427796.64,518666.28,
2015-11-16,397086.71,200184.48,391071.14,521416.62,
2015-11-17,383320.13,197944.89,425733.57,513505.2,
2015-11-18,380891.7,196611.84,427767.15,513154.68,
2015-11-19,379451.52,193794.02,391322.36,526257.6,
2015-11-20,395600.31,187319.84,393321.66,513731.4,
2015-11-21,425376.9,186559.73,367192.34,505467.87,
2015-11-22,467690.63,182592.23,366054.0,513991.8,
2015-11-23,463508.46,179185.82,337307.19,508211.1,
2015-11-24,451190.25,175668.48,327338.46,505959.6,
2015-11-25,439354.8,177466.08,329036.18,503964.96,
2015-11-26,432062.06,174800.16,328648.23,500073.06,
2015-11-27,400244.49,176715.17,320847.03,506930.16,
2015-11-28,384548.31,181291.55,341251.2,486858.24,
2015-11-29,376041.24,179992.8,342563.22,506607.51,
2015-11-30,374362.02,180131.9,432673.7,512651.16,
2015-12-01,372326.18,179163.36,481465.91,516380.09,
2015-12-02,375340.95,184286.88,464620.56,505579.89,
2015-12-03,374718.83,188713.69,478606.79,511938.72,
2015-12-04,371585.61,185722.89,476510.7,496794.36,
2015-12-05,367666.34,180687.52,437787.62,503906.66,
2015-12-06,367840.13,178053.12,452519.25,509742.38,
2015-12-07,365870.3,176674.18,445476.6,506305.92,
2015-12-08,361703.88,176385.6,438829.56,513232.68,
2015-12-09,360806.67,176385.6,424490.88,497574.0,
2015-12-10,356965.56,176385.6,419577.72,506962.56,
2015-12-11,355233.6,176385.6,431541.05,496789.61,
2015-12-12,353805.3,176492.68,404702.12,503287.95,
2015-12-13,349518.33,177361.92,431223.12,512405.99,
2015-12-14,346520.39,178381.44,432938.09,508570.43,
2015-12-15,355587.44,181135.15,439925.25,496558.46,
2015-12-16,364166.82,187497.0,411444.54,493725.14,
2015-12-17,367450.47,190358.68,400298.31,497364.6,
2015-12-18,367303.91,214830.21,401725.16,487239.03,
2015-12-19,362400.3,221268.48,364423.86,497671.11,
2015-12-20,355454.82,202577.22,404338.05,512006.85,
2015-12-21,351557.28,188512.72,447525.93,502965.56,
2015-12-22,354731.63,184550.4,458089.92,504025.62,
2015-12-23,360994.41,184550.4,453773.73,504392.19,
2015-12-24,366523.74,184626.18,438038.1,503477.74,
2015-12-25,356943.2,185950.08,414074.42,521777.03,
2015-12-26,347212.22,186870.07,369690.6,534193.3,
2015-12-27,349136.91,185729.76,411424.59,514670.54,
2015-12-28,342360.59,184036.58,440728.94,513269.58,
2015-12-29,333539.91,194175.36,421554.69,511489.84,
2015-12-30,332956.08,197090.69,417755.94,498464.94,
2015-12-31,339551.78,185647.55,481761.36,509908.83,
2016-01-01,374826.74,198281.83,605229.0,537612.03,
2016-01-02,512657.51,206452.8,640657.59,520607.93,
2016-01-03,545536.58,201938.74,602039.51,548777.9,
2016-01-04,486062.37,200991.11,643298.75,545054.21,
2016-01-05,405943.79,202534.56,587782.88,526035.57,
2016-01-06,388043.73,199268.44,572508.2,523288.14,
2016-01-07,386812.8,193622.4,570024.14,519577.74,
2016-01-08,385121.3,246494.72,703297.37,654956.96,
2016-01-09,507862.67,370968.4,1143320.37,763043.97,
2016-01-10,543735.9,235773.64,862618.14,615075.51,
2016-01-11,519946.88,169996.32,811005.23,581013.89,
2016-01-12,494797.73,158876.99,762314.97,566588.87,
2016-01-13,482437.44,158328.0,719568.83,533972.18,
2016-01-14,550519.7,156614.22,715807.26,614197.38,
2016-01-15,518020.59,154263.57,690428.52,566054.07,
2016-01-16,379693.67,152534.88,653498.55,544423.74,
2016-01-17,371463.39,150992.06,698750.1,566105.42,
2016-01-18,369943.11,149087.52,647823.0,544898.66,
2016-01-19,362798.64,151007.46,748009.67,638014.08,
2016-01-20,355775.49,159939.17,897486.69,661399.65,
2016-01-21,354049.25,162432.0,816791.18,621912.66,
2016-01-22,355316.4,161827.2,763297.38,564072.45,
2016-01-23,355473.45,161222.4,722007.3,566920.8,
2016-01-24,355260.47,160617.6,768709.5,638448.77,
2016-01-25,371877.39,160025.03,1108091.63,820272.6,
2016-01-26,418135.68,159338.88,930573.75,625605.74,
2016-01-27,410299.52,158474.88,836265.72,616093.98,
2016-01-28,385683.35,157610.88,767120.82,617662.58,
2016-01-29,377504.55,157105.93,779717.85,570233.67,
2016-01-30,368025.8,158172.48,706123.62,577163.66,
2016-01-31,362844.54,159866.76,761367.8,617754.02,
2016-02-01,359671.86,170521.91,704110.5,591207.15,
2016-02-02,352593.38,160497.48,673304.22,566131.08,
2016-02-03,346170.24,153532.8,652774.11,562392.06,
2016-02-04,340260.48,148949.97,709740.03,589071.54,
2016-02-05,331442.96,145667.73,723755.4,570613.4,
2016-02-06,321629.86,147841.92,751152.56,623876.12,
2016-02-07,317918.39,162004.17,1313590.16,1027119.78,
2016-02-08,321473.48,164133.32,1198304.63,873173.21,
2016-02-09,323180.33,154733.64,1033430.37,757206.32,
2016-02-10,322411.05,150609.1,960018.21,719578.4,
2016-02-11,312833.57,145609.92,957281.99,691312.38,
2016-02-12,313679.66,142066.18,930074.33,644027.31,
2016-02-13,292580.24,141245.25,893582.82,647287.65,
2016-02-14,285063.84,137228.11,877059.56,664069.49,
2016-02-15,277439.4,138594.24,846954.53,654759.89,
2016-02-16,274791.6,138121.78,817105.43,659303.31,
2016-02-17,268656.48,134906.72,771753.75,632281.02,
2016-02-18,262016.01,146769.4,743805.54,602842.73,
2016-02-19,253860.71,146413.85,789081.38,585916.8,
2016-02-20,248938.25,138900.02,758128.26,590661.3,
2016-02-21,248358.56,144161.61,871573.08,657213.66,
2016-02-22,264541.82,145635.84,1170103.65,904740.68,
2016-02-23,299691.32,150608.16,1181560.38,820150.22,
2016-02-24,319524.48,155144.69,1102985.81,765906.84,
2016-02-25,353862.59,150215.04,1048511.13,788946.36,
2016-02-26,332878.77,145715.03,990493.14,762406.85,
2016-02-27,320847.75,146152.44,994480.68,737752.61,
2016-02-28,314352.99,140450.4,951664.8,703980.72,
2016-02-29,305542.98,142828.62,925036.5,679171.92,
2016-03-01,287137.44,134795.67,895641.26,646637.81,
2016-03-02,278404.25,137651.12,865353.26,621338.18,
2016-03-03,273370.1,137540.16,805971.23,625561.77,
2016-03-04,271604.7,142966.2,761630.91,615366.51,
2016-03-05,266902.38,138147.92,795102.53,574781.34,
2016-03-06,266332.95,138840.48,816329.19,667346.39,
2016-03-07,268332.84,143337.72,761414.96,600864.56,
2016-03-08,262744.74,139536.0,727005.26,621795.66,
2016-03-09,260477.64,141436.75,733319.24,607724.91,
2016-03-10,258569.28,137393.28,715655.18,595677.48,
2016-03-11,255618.72,135797.13,690764.75,589637.0,
2016-03-12,251961.12,135043.2,746677.95,605222.28,
2016-03-13,244797.12,134247.26,785174.07,613475.76,
2016-03-14,237315.43,136476.96,761665.32,627086.64,
2016-03-15,233513.28,132819.93,784122.38,626737.16,
2016-03-16,231266.88,142225.28,1089211.61,920903.7,
2016-03-17,229020.48,144047.75,1203299.82,1042870.14,
2016-03-18,226774.08,139817.25,1139134.58,983360.96,
2016-03-19,224527.68,146533.38,1053704.66,884081.33,
2016-03-20,222282.49,143877.64,964572.93,820870.32,
2016-03-21,220250.88,139428.0,909935.37,763963.2,
2016-03-22,218401.92,135899.48,862503.78,736050.36,
2016-03-23,216548.64,135565.91,865913.52,726727.53,
2016-03-24,214695.36,134131.68,878873.61,692894.19,
2016-03-25,213088.35,132222.24,908637.83,784824.22,
2016-03-26,211813.92,130461.45,819076.05,849509.75,
2016-03-27,210543.84,136633.24,912010.11,666992.01,
2016-03-28,209269.44,139693.53,940546.56,775510.84,
2016-03-29,207704.41,139995.03,954245.07,900010.98,
2016-03-30,205740.0,136105.73,904012.43,681815.1,
2016-03-31,203774.4,130845.92,839315.25,687569.28,
2016-04-01,201804.89,129600.0,824850.75,659758.41,
2016-04-02,200102.4,129600.0,799685.58,673199.43,
2016-04-03,198637.92,129203.7,761714.13,675431.04,
2016-04-04,197173.44,128265.12,736174.25,608974.55,
2016-04-05,195708.96,127506.3,710208.0,589017.02,
2016-04-06,194244.48,127440.0,669362.4,588764.76,
2016-04-07,193259.9,127440.0,661366.2,591049.5,
2016-04-08,193233.6,127440.0,634409.82,574482.69,
2016-04-09,193233.6,127440.0,643324.11,570466.98,
2016-04-10,193233.6,127440.0,697309.37,583813.71,
2016-04-11,193233.6,127440.0,684798.0,570427.47,
2016-04-12,194276.25,127581.2,686453.1,614829.47,
2016-04-13,387330.3,129101.71,904515.32,702982.8,
2016-04-14,470674.36,129600.0,871958.88,642840.0,
2016-04-15,392806.99,129600.0,837697.52,624823.8,
2016-04-16,342938.93,129600.0,798199.85,616181.76,
2016-04-17,252861.48,129600.0,798644.28,603511.85,
2016-04-18,236725.67,129600.0,723032.55,567682.73,
2016-04-19,227191.96,129424.88,703500.21,571381.35,
2016-04-20,220698.68,128818.08,628122.3,573538.98,
2016-04-21,211171.66,128191.68,634475.64,576955.79,
2016-04-22,205848.54,127595.91,572876.07,573870.27,
2016-04-23,200276.69,127440.0,601122.53,602744.72,
2016-04-24,201441.06,127440.0,603129.0,580467.53,
2016-04-25,191642.71,127440.0,512554.65,551746.65,
2016-04-26,191972.4,127357.91,500747.63,564095.7,
2016-04-27,194359.26,126171.95,494532.98,558071.21,
2016-04-28,194582.85,127440.0,479645.1,553034.45,
2016-04-29,197505.14,127440.0,483481.82,545628.89,
2016-04-30,182677.07,127440.0,531269.1,571132.11,
2016-05-01,177345.94,127440.0,502555.41,566478.16,
2016-05-02,176634.12,127440.0,401929.14,528528.55,
2016-05-03,174181.64,127440.0,409043.1,536867.21,
2016-05-04,175823.41,127454.46,428603.34,584349.8,
2016-05-05,171259.82,128118.24,398477.4,541489.56,
2016-05-06,171574.38,129133.62,434967.9,548781.54,
2016-05-07,171761.78,130256.64,468420.35,554691.6,
2016-05-08,170453.04,131466.24,463117.73,527340.0,
2016-05-09,168973.46,131349.63,389035.65,523347.0,
2016-05-10,171885.31,129211.2,385465.65,514051.2,
2016-05-11,174373.07,128658.24,356079.84,520908.6,
2016-05-12,170388.3,128105.28,411098.76,540443.82,
2016-05-13,169889.09,127495.47,438687.84,525513.81,
2016-05-14,169458.23,125959.18,376636.31,497646.66,
2016-05-15,168039.58,125923.68,382150.37,524099.34,
2016-05-16,166433.71,126882.72,332381.93,524782.5,
2016-05-17,169617.65,127436.79,319545.32,545368.98,
2016-05-18,174661.9,127780.82,319245.02,550576.62,
2016-05-19,171853.83,128589.12,318468.11,544125.83,
2016-05-20,168912.0,129373.41,318045.69,535957.2,
2016-05-21,169072.99,129600.0,325402.65,562727.76,
2016-05-22,170338.9,129600.0,320992.32,531725.19,
2016-05-23,164477.77,129600.0,310734.99,531110.09,
2016-05-24,161541.0,129600.0,315953.51,548960.7,
2016-05-25,162432.0,129600.0,319710.47,538778.46,
2016-05-26,164655.0,129600.0,316781.42,545246.66,
2016-05-27,168511.28,129600.0,316741.59,541411.89,
2016-05-28,163188.23,129600.0,324390.36,547203.69,
2016-05-29,157351.5,129600.0,330972.57,537170.4,
2016-05-30,152831.25,129810.83,323016.99,517775.46,
2016-05-31,153118.93,130809.6,312899.96,510486.09,
2016-06-01,160941.94,131885.28,304094.55,532872.0,
2016-06-02,155535.87,132960.96,302024.25,504853.05,
2016-06-03,150026.18,134036.64,295404.51,505258.37,
2016-06-04,149472.0,135112.69,228133.98,494414.34,
2016-06-05,149468.44,134057.09,216400.05,489788.46,
2016-06-06,145500.08,130855.86,208733.93,492281.21,
2016-06-07,143318.4,130470.56,201075.33,501491.92,
2016-06-08,147953.58,135325.98,205524.45,450590.84,
2016-06-09,140375.48,135648.0,196800.42,400399.76,
2016-06-10,78116.72,135648.0,181093.38,397698.57,
2016-06-11,146550.31,135648.0,184683.6,409121.97,
2016-06-12,143095.19,135648.0,214918.13,409918.43,
2016-06-13,142639.95,135954.93,230153.28,403566.82,
2016-06-14,141346.07,132161.76,191274.05,406240.94,
2016-06-15,139968.76,131431.68,166772.31,402185.16,
2016-06-16,137647.93,130701.6,173196.0,404016.55,
2016-06-17,139252.5,129966.95,165133.1,419205.96,
2016-06-18,143257.5,129600.0,175011.66,414036.36,
2016-06-19,148434.75,129600.0,191637.3,417478.07,
2016-06-20,141366.02,129600.0,167523.87,419935.2,
2016-06-21,131998.42,129600.0,150021.47,420956.1,
2016-06-22,131363.69,129600.0,142841.1,425531.85,
2016-06-23,134839.84,129838.91,158112.18,407639.33,
2016-06-24,135085.47,130753.44,174927.63,409057.61,
2016-06-25,131353.33,131708.16,195456.9,411153.36,
2016-06-26,128443.97,132096.75,197990.04,399938.18,
2016-06-27,125855.09,130195.98,178186.89,413933.4,
2016-06-28,125593.16,131461.92,175785.24,404160.09,
2016-06-29,124916.9,132609.5,179688.36,411898.83,
2016-06-30,127045.12,132624.0,184000.74,404685.42,
2016-07-01,128077.92,132624.0,167094.35,412225.26,
2016-07-02,128064.05,132624.0,175309.43,408424.53,
2016-07-03,126325.99,132624.0,187692.83,405799.53,
2016-07-04,124588.8,132624.0,166628.81,390768.96,
2016-07-05,124588.8,132624.0,156025.01,397809.87,
2016-07-06,124588.8,132523.37,153303.81,402012.84,
2016-07-07,124535.29,131375.52,152737.41,411042.27,
2016-07-08,124122.24,130042.55,146480.25,409195.74,
2016-07-09,123642.72,130667.04,157013.57,417811.64,
2016-07-10,123167.52,132080.11,184486.53,409625.72,
2016-07-11,122720.89,132624.0,176440.13,405180.74,
2016-07-12,122467.68,132624.0,171188.96,398648.18,
2016-07-13,122251.68,132624.0,169187.87,405621.21,
2016-07-14,122031.36,132624.0,158609.04,399566.01,
2016-07-15,121811.04,132624.0,143521.77,398626.89,
2016-07-16,121590.72,132624.0,150673.86,409489.74,
2016-07-17,121370.4,133222.41,174187.14,417238.61,
2016-07-18,121150.08,134641.44,181877.25,402826.37,
2016-07-19,120929.76,135617.5,172941.71,406159.5,
2016-07-20,120680.75,135648.0,168601.4,409428.38,
2016-07-21,120376.8,135495.18,175052.7,405389.79,
2016-07-22,120074.4,132809.76,166097.07,409996.31,
2016-07-23,119772.0,129227.24,164422.7,413452.32,
2016-07-24,119469.6,128573.8,188186.13,412239.38,
2016-07-25,119167.2,130205.54,192728.67,403619.1,
2016-07-26,118913.9,131034.24,183728.36,395468.57,
2016-07-27,118886.4,134223.95,191437.13,405565.59,
2016-07-28,117608.86,130174.56,208756.11,420955.02,
2016-07-29,110240.87,130120.55,194589.14,404754.3,
2016-07-30,106606.36,134547.48,196026.51,405485.13,
2016-07-31,105892.78,135952.59,203559.23,402398.25,
2016-08-01,106374.56,137793.47,191985.81,399081.8,
2016-08-02,111668.63,137345.76,186176.04,401975.97,
2016-08-03,116385.8,135718.01,194151.27,396555.65,
2016-08-04,116126.74,135917.96,190776.03,404502.35,
2016-08-05,115299.92,137358.72,188536.23,396361.32,
2016-08-06,112063.97,138290.28,195544.62,397595.85,
2016-08-07,109494.5,137129.76,216664.17,402366.42,
2016-08-08,111029.36,135988.61,203536.76,398093.72,
2016-08-09,110030.52,136689.12,196617.74,404244.45,
2016-08-10,111346.11,137877.12,195403.62,393967.76,
2016-08-11,114329.17,23095.44,197655.69,401993.18,
2016-08-12,114192.62,139808.16,191236.61,393362.24,
2016-08-13,114027.79,141276.81,197270.79,392898.35,
2016-08-14,112600.73,139403.24,220453.65,406157.69,
2016-08-15,112620.99,138672.0,203790.87,393994.41,
2016-08-16,112251.74,138672.0,197896.71,407020.26,
2016-08-17,111421.19,138578.4,215560.95,407582.01,
2016-08-18,107233.44,138309.12,245696.75,412947.42,
2016-08-19,105597.53,138032.64,219357.44,397650.3,
2016-08-20,107056.25,137756.16,212283.54,406723.79,
2016-08-21,110166.54,137484.0,235047.38,404872.29,
2016-08-22,113919.0,137211.84,226279.05,405283.29,
2016-08-23,114895.01,136935.36,235023.6,414307.2,
2016-08-24,113698.5,136658.88,243681.83,400393.74,
2016-08-25,112318.34,136386.72,232624.05,410165.15,
2016-08-26,112438.87,136114.56,220838.34,401434.95,
2016-08-27,112380.44,135838.08,228528.32,393704.64,
2016-08-28,113556.84,135561.6,242976.15,400749.0,
2016-08-29,116984.9,135289.44,221418.87,391932.0,
2016-08-30,113852.78,135017.28,216670.35,398269.92,
2016-08-31,116321.33,134740.8,228488.27,404571.24,
2016-09-01,118193.53,134464.32,220515.09,388508.93,
2016-09-02,116395.57,134192.16,220635.36,386163.08,
2016-09-03,117741.9,133920.0,221140.35,386824.8,
2016-09-04,116494.39,133643.52,245236.26,396403.5,
2016-09-05,116387.24,133367.04,238440.21,396540.12,
2016-09-06,112300.92,133094.88,241613.04,396378.48,
2016-09-07,112325.93,132822.72,238807.74,399921.87,
2016-09-08,116746.01,132546.24,230026.62,395563.83,
2016-09-09,118786.17,132274.08,246568.34,383756.4,
2016-09-10,121129.73,132001.92,236867.64,388314.0,
2016-09-11,127758.07,131725.44,259624.38,393052.8,
2016-09-12,139004.42,131448.96,244610.4,397047.36,
2016-09-13,140557.28,131176.8,245880.35,400960.44,
2016-09-14,140128.43,130904.64,257211.17,393791.31,
2016-09-15,144995.94,130628.16,244705.05,398000.01,
2016-09-16,150067.71,130351.68,230434.56,386160.57,
2016-09-17,150271.02,130079.52,234681.72,383157.53,
2016-09-18,151927.25,129807.36,233330.82,393752.7,
2016-09-19,153545.76,129530.88,250295.67,398659.2,
2016-09-20,149984.64,129254.4,227254.65,389485.32,
2016-09-21,146997.0,128982.24,212737.38,384388.47,
2016-09-22,145152.0,128710.08,221742.02,384353.88,
2016-09-23,148470.75,128433.6,221946.99,391592.52,
2016-09-24,150468.3,128157.12,240169.47,390873.12,
2016-09-25,155143.35,127884.96,250742.66,384593.61,
2016-09-26,156776.67,127612.8,222291.14,389155.5,
2016-09-27,153376.97,127336.32,246680.15,381739.2,
2016-09-28,153960.75,127059.84,233172.77,391029.3,
2016-09-29,158809.14,126787.68,228568.5,389276.37,
2016-09-30,160232.22,126515.52,225778.98,383537.91,
2016-10-01,161469.9,126239.04,222353.7,383774.55,
2016-10-02,156739.5,125962.56,233289.63,385701.15,
2016-10-03,156593.25,125690.4,223735.08,382626.33,
2016-10-04,155952.0,125418.24,222770.16,378996.44,
2016-10-05,156559.5,62392.5,255157.43,388251.74,
2016-10-06,160528.5,127181.7,236877.15,382974.84,
2016-10-07,165933.0,124079.04,225770.31,378021.89,
2016-10-08,170533.31,120588.75,227019.42,377093.33,
2016-10-09,172725.03,119250.32,222135.65,385602.18,
2016-10-10,167157.0,120484.67,216883.37,389116.07,
2016-10-11,166601.25,121469.76,227638.26,386044.75,
2016-10-12,168590.97,122243.04,199547.69,399787.29,
2016-10-13,175961.12,122906.84,238995.12,391441.02,
2016-10-14,178620.48,122376.96,248103.98,387536.4,
2016-10-15,176283.36,121512.96,233477.75,381548.58,
2016-10-16,173828.43,122043.87,236282.7,386253.09,
2016-10-17,170880.75,124501.19,238105.35,373053.6,
2016-10-18,174357.0,122718.24,234910.94,380138.4,
2016-10-19,177314.81,121548.47,235260.09,151981.62,
2016-10-20,187965.14,122837.27,253433.75,379902.56,
2016-10-21,195025.5,123120.0,243898.88,381912.3,
2016-10-22,195113.48,123120.0,241973.39,378245.34,
2016-10-23,199964.34,123120.0,248700.03,384848.7,
2016-10-24,206690.67,123120.0,234674.46,385322.4,
2016-10-25,207870.17,123120.0,262318.35,386615.88,
2016-10-26,207154.85,123120.0,264933.66,378328.8,
2016-10-27,203925.74,123120.0,246526.38,389796.14,
2016-10-28,202403.88,123120.0,256492.89,384457.65,
2016-10-29,207561.6,123120.0,249899.61,388671.0,
2016-10-30,209807.64,123120.0,257647.95,378720.6,
2016-10-31,209003.22,123121.76,255331.98,375110.4,
2016-11-01,204705.77,125020.8,273540.45,394863.6,
2016-11-02,205247.25,127384.16,314114.55,389386.41,
2016-11-03,215140.01,127440.0,311093.13,412248.92,
2016-11-04,225742.41,127440.0,294218.6,399424.0,
2016-11-05,232453.71,126669.6,271373.93,391040.04,
2016-11-06,239718.02,125902.08,276880.44,404639.23,
2016-11-07,250067.7,126796.32,293607.9,411485.7,
2016-11-08,249990.3,127290.69,286420.68,392135.6,
2016-11-09,252442.44,125234.69,283648.1,379267.09,
2016-11-10,257348.57,123647.09,284539.38,402909.33,
2016-11-11,263437.2,124368.48,264854.37,415130.71,
2016-11-12,269318.57,124749.81,238768.41,394510.98,
2016-11-13,275236.2,123668.64,287848.5,405897.48,
2016-11-14,280621.13,123120.05,304166.82,426189.44,
2016-11-15,282306.83,123426.27,288788.18,399581.18,
2016-11-16,286464.83,124243.2,304480.08,399624.6,
2016-11-17,280091.43,125043.48,285649.01,398256.78,
2016-11-18,275223.69,125280.0,274007.1,375485.49,
2016-11-19,277876.98,125280.0,263669.4,384646.88,
2016-11-20,288606.42,125129.84,272246.73,392462.7,
2016-11-21,298606.19,124044.48,261145.85,386231.28,
2016-11-22,308026.35,122796.0,245424.5,374141.04,
2016-11-23,314827.92,121546.71,242281.83,366645.72,
2016-11-24,323533.44,121819.68,241306.97,368198.64,
2016-11-25,331044.17,123045.62,237491.03,358036.58,
2016-11-26,335445.48,123120.0,228492.14,358263.9,
2016-11-27,339168.83,123120.0,230196.27,373373.85,
2016-11-28,348213.38,123652.13,243097.65,377949.0,
2016-11-29,354408.08,128148.48,268885.07,382754.52,
2016-11-30,358971.75,133457.76,292966.65,375084.54,
2016-12-01,357193.43,138767.04,360412.76,424999.76,
2016-12-02,353623.37,152766.41,915812.27,720114.06,
2016-12-03,367017.33,148370.81,904014.92,561634.53,
2016-12-04,387145.08,134839.76,586176.98,501516.6,
2016-12-05,413790.54,131091.89,507154.71,489754.38,
2016-12-06,360861.24,137964.06,442273.56,400025.91,
2016-12-07,327653.99,139371.84,478505.67,486377.63,
2016-12-08,321030.86,135829.44,461429.76,444654.72,
2016-12-09,318304.05,132291.36,429797.43,422676.06,
2016-12-10,312934.84,129302.69,415237.64,436775.82,
2016-12-11,306616.2,126576.59,421771.85,431825.28,
2016-12-12,295948.4,138712.59,430533.81,440202.36,
2016-12-13,296493.07,186813.27,538361.94,727335.06,
2016-12-14,309182.47,366685.88,1258019.595,958535.775,
2016-12-15,322201.12,273275.91,1977677.25,1189736.49,
2016-12-16,369173.92,117668.35,1267781.09,860293.86,
2016-12-17,405802.82,101174.4,1133220.3,771919.88,
2016-12-18,409464.42,98081.28,1064646.39,832853.63,
2016-12-19,440722.85,96428.61,1008791.73,746557.91,
2016-12-20,544528.17,99632.16,887317.92,683205.06,
2016-12-21,614694.35,101269.89,991800.72,703041.77,
2016-12-22,596828.53,95260.32,832696.29,602972.13,
2016-12-23,578745.66,87911.87,915188.49,635347.2,
2016-12-24,524258.81,86222.88,796860.45,575913.0,
2016-12-25,406441.39,98537.72,857845.98,591814.08,
2016-12-26,362174.8,136891.8,1094188.41,924653.67,
2016-12-27,352864.73,160623.0,1275308.13,1018602.95,
2016-12-28,370861.54,216712.67,1518008.61,1023874.86,
2016-12-29,390602.0,144337.28,1182319.37,804602.7,
2016-12-30,456353.56,108460.71,1048478.19,738926.66,
2016-12-31,477229.1,103222.08,1052354.25,729145.89,
2017-01-01,484292.48,100603.4,1029117.44,674762.94,
2017-01-02,522397.58,105173.51,1027093.96,714594.18,
2017-01-03,494759.13,107543.12,1193291.01,1032672.83,
2017-01-04,384216.95,93969.86,1274536.05,951208.86,
2017-01-05,371015.33,85903.2,1174044.61,900358.59,
2017-01-06,362605.46,82512.0,1078478.89,776740.31,
2017-01-07,343834.56,82977.71,1038240.33,752788.05,
2017-01-08,327828.64,81802.35,1000196.73,718901.7,
2017-01-09,314230.99,87890.45,1067222.39,815798.63,
2017-01-10,300142.3,99877.32,1452206.19,946962.72,
2017-01-11,277433.48,101597.76,1220939.31,770140.58,
2017-01-12,277779.34,103291.2,1109594.49,713641.89,
2017-01-13,284036.51,104984.64,1072354.88,734494.62,
2017-01-14,285012.3,105029.24,1106575.74,759492.89,
2017-01-15,281553.01,107219.07,1166744.42,838281.3,
2017-01-16,280947.36,103848.62,1186624.13,944771.79,
2017-01-17,285005.47,94445.46,1156782.96,785355.96,
2017-01-18,294560.47,99472.95,1139841.54,782343.68,
2017-01-19,312231.22,102816.0,1125123.0,872695.94,
2017-01-20,308158.41,102816.0,1057445.46,697647.75,
2017-01-21,295717.3,102816.0,1072761.33,805492.02,
2017-01-22,289568.66,102816.0,1051792.43,737142.5,
2017-01-23,284814.1,102816.0,1016375.42,723683.37,
2017-01-24,272603.63,102816.0,992504.91,774856.11,
2017-01-25,267494.4,101611.49,954420.66,671094.8,
2017-01-26,268062.21,105368.72,955874.55,671873.57,
2017-01-27,270839.85,122933.84,1436309.4,1284838.88,
2017-01-28,279505.29,147220.79,2135363.73,1454676.03,
2017-01-29,330528.51,134694.56,1607121.23,1190618.52,
2017-01-30,345649.66,121799.97,1428733.85,1053405.12,
2017-01-31,322074.29,115950.78,1350366.23,1052133.0,
2017-02-01,322413.16,113832.0,1326795.99,1004832.0,
2017-02-02,322178.98,113019.75,1256279.33,872402.76,
2017-02-03,312882.96,111356.64,1174155.9,832946.48,
2017-02-04,301533.24,108212.81,1172388.45,828779.15,
2017-02-05,294726.31,100383.84,1105317.18,818367.78,
2017-02-06,282937.3,95197.64,1124608.67,809163.89,
2017-02-07,288420.16,89700.21,1057299.83,773514.12,
2017-02-08,293900.11,83946.24,1062294.57,770654.67,
2017-02-09,289137.79,88748.99,1055948.04,797143.65,
2017-02-10,288532.8,96357.6,1018399.94,742843.53,
2017-02-11,287368.12,97485.12,957639.9,702526.88,
2017-02-12,288413.98,98611.03,994102.61,748229.01,
2017-02-13,299248.14,97190.54,996825.12,766276.56,
2017-02-14,302032.04,95472.0,1022380.85,760669.65,
2017-02-15,303576.38,101086.61,1027548.89,734986.77,
2017-02-16,309703.07,104889.6,1031884.91,733790.49,
2017-02-17,329480.65,102297.6,921974.49,700393.8,
2017-02-18,312187.4,99230.47,950617.95,701540.57,
2017-02-19,305599.91,92074.61,898195.85,702416.24,
2017-02-20,300785.7,86816.36,881041.1,696648.33,
2017-02-21,296458.48,86548.28,863643.23,670086.24,
2017-02-22,296784.35,86922.72,858654.6,675188.24,
2017-02-23,289813.8,84701.53,824064.38,642344.64,
2017-02-24,284540.72,78248.18,811489.62,611243.76,
2017-02-25,288375.58,77997.6,811425.11,646398.5,
2017-02-26,284809.05,78818.4,792025.23,654662.16,
2017-02-27,269988.34,79643.52,755185.35,618196.35,
2017-02-28,262698.66,80440.57,803124.45,633054.05,
2017-03-01,265335.4,78697.44,898401.15,629507.96,
2017-03-02,265019.2,75306.24,848425.65,629784.48,
2017-03-03,261869.62,82596.71,855017.27,659371.8,
2017-03-04,266230.79,90393.89,966987.9,679601.46,
2017-03-05,266306.1,80142.56,946604.7,671900.1,
2017-03-06,258468.1,75758.55,946069.2,707890.23,
2017-03-07,255954.2,81076.1,905102.25,651893.04,
2017-03-08,255800.94,74796.59,893562.38,705194.54,
2017-03-09,249437.48,71988.1,884273.46,683421.48,
2017-03-10,244013.66,70060.86,887268.99,667832.09,
2017-03-11,246468.8,75571.5,923198.31,715434.86,
2017-03-12,248752.76,73834.28,928618.02,690256.91,
2017-03-13,219514.7,67679.18,977039.07,728792.04,
2017-03-14,200351.57,71485.93,970581.06,769438.8,
2017-03-15,201744.0,72882.79,957669.6,762196.56,
2017-03-16,201003.75,72861.12,1120739.22,859368.96,
2017-03-17,203503.1,71975.52,1095516.08,820216.29,
2017-03-18,200918.93,71555.21,1077281.84,780757.43,
2017-03-19,200369.04,70229.02,1063446.78,847677.39,
2017-03-20,199702.29,70561.63,969790.95,755168.22,
2017-03-21,194018.57,72178.56,1044194.28,774945.48,
2017-03-22,194560.05,71949.6,952323.68,755761.38,
2017-03-23,192477.45,71720.64,906049.41,730762.23,
2017-03-24,194362.86,71491.68,943332.63,713228.33,
2017-03-25,190372.0,71241.44,905027.31,678691.4,
2017-03-26,186848.63,70670.23,897251.55,724362.59,
2017-03-27,188333.66,74641.43,884158.92,702878.42,
2017-03-28,180073.95,69158.89,870158.58,679165.11,
2017-03-29,183805.94,63201.81,854021.03,698154.78,
2017-03-30,182964.36,65331.36,854772.6,691107.0,
2017-03-31,175459.64,67084.65,817281.57,669600.0,
2017-04-01,172992.13,68102.5,835484.73,721419.0,
2017-04-02,169287.14,69222.05,944479.74,734553.0,
2017-04-03,170507.52,71388.96,901375.71,748817.28,
2017-04-04,168692.0,71585.09,888283.53,740949.9,
2017-04-05,172081.25,71832.96,840534.05,648935.72,
2017-04-06,168528.37,69235.2,795265.73,691504.65,
2017-04-07,164944.77,66294.72,764567.7,661531.65,
2017-04-08,164160.0,69208.29,737058.12,652061.28,
2017-04-09,165135.07,68052.96,762569.43,656606.87,
2017-04-10,162919.75,67638.38,741507.42,665923.71,
2017-04-11,151096.18,69577.4,753939.84,625594.83,
2017-04-12,164827.25,69763.68,775334.33,649656.56,
2017-04-13,171387.78,69396.48,770777.48,663233.03,
2017-04-14,165832.33,69012.94,674589.66,661923.81,
2017-04-15,171737.48,68346.72,669925.35,603360.47,
2017-04-16,168205.74,67733.03,744231.75,678751.8,
2017-04-17,165440.0,67422.24,678747.03,626925.0,
2017-04-18,164927.2,67119.84,662223.87,581060.82,
2017-04-19,166007.63,66819.3,560972.58,537330.44,
2017-04-20,157291.49,66670.92,458850.12,558460.35,
2017-04-21,163217.49,66376.8,480533.43,501805.95,
2017-04-22,172913.12,66022.56,546559.32,568958.28,
2017-04-23,170428.4,65623.33,577648.31,569899.5,
2017-04-24,155584.2,64911.57,488489.15,510519.96,
2017-04-25,146068.45,69370.39,461385.3,498858.96,
2017-04-26,150620.13,67517.28,454406.03,499385.79,
2017-04-27,156638.0,65020.32,458968.37,505177.86,
2017-04-28,154674.0,64663.79,437577.03,482886.0,
2017-04-29,150342.0,65206.08,439416.09,512351.63,
2017-04-30,143490.55,63687.25,456159.9,524838.92,
2017-05-01,143971.02,63702.58,395416.83,494687.04,
2017-05-02,134758.8,64074.18,434399.69,531285.0,
2017-05-03,136854.73,65072.89,460897.08,523746.0,
2017-05-04,135894.5,59423.54,406518.18,495060.0,
2017-05-05,135354.0,67713.83,377238.96,502233.51,
2017-05-06,149646.0,65018.88,407472.86,525290.58,
2017-05-07,145992.0,66892.61,444752.03,507351.0,
2017-05-08,123848.0,62717.31,386740.31,473410.5,
2017-05-09,121622.0,54180.71,348481.8,467578.5,
2017-05-10,132941.92,48581.29,370607.04,493266.0,
2017-05-11,131685.68,69779.85,326754.39,476631.0,
2017-05-12,125864.7,69345.9,307589.94,469116.0,
2017-05-13,128195.73,74220.86,346418.75,493281.0,
2017-05-14,125551.45,65927.52,364677.51,481909.56,
2017-05-15,109757.29,61502.19,305890.95,456113.39,
2017-05-16,102054.2,65679.47,302074.89,472319.43,
2017-05-17,99903.81,66692.66,312711.32,483497.88,
2017-05-18,93141.08,55713.77,351162.74,497551.65,
2017-05-19,94534.0,64483.92,265351.95,451858.43,
2017-05-20,95040.0,72961.29,268263.89,461079.36,
2017-05-21,96585.02,71880.48,338138.61,490754.82,
2017-05-22,94793.62,66173.25,324991.65,471315.0,
2017-05-23,84734.27,68934.86,317673.6,471780.33,
2017-05-24,82005.0,69223.68,311291.81,474266.79,
2017-05-25,94113.86,67754.88,279665.22,522642.0,
2017-05-26,112038.97,68191.21,283547.46,528837.0,
2017-05-27,124318.78,68204.25,292623.06,575838.0,
2017-05-28,122046.0,66739.84,330768.26,510036.14,
2017-05-29,108159.33,69042.96,273645.81,526347.21,
2017-05-30,86534.64,67060.8,238844.9,500710.98,
2017-05-31,73334.88,63331.61,220918.8,511446.0,
2017-06-01,73780.03,63754.56,277460.42,546672.0,
2017-06-02,75850.0,64545.12,250224.87,526392.0,
2017-06-03,75946.0,65401.13,247162.62,503208.0,
2017-06-04,72430.0,68408.76,252761.27,501049.68,
2017-06-05,74304.0,77160.32,222625.98,472984.8,
2017-06-06,73488.5,69833.21,205547.7,484056.0,
2017-06-07,76415.04,64021.88,205671.35,477865.11,
2017-06-08,79505.48,67741.92,199836.54,480023.28,
2017-06-09,77760.0,65134.21,202785.21,506301.65,
2017-06-10,77907.29,63995.96,205230.51,482042.99,
2017-06-11,82603.0,68575.68,214981.79,495104.55,
2017-06-12,75219.57,73939.17,194060.21,463023.24,
2017-06-13,72488.0,79661.26,185339.25,473384.85,
2017-06-14,73370.01,70819.86,191931.45,478170.0,
2017-06-15,78100.06,75777.12,183082.02,503539.77,
2017-06-16,83075.79,82302.9,172048.61,471496.95,
2017-06-17,73822.52,76346.95,168505.94,499570.98,
2017-06-18,73527.7,79645.8,208982.88,479844.36,
2017-06-19,65617.49,79391.89,179973.2,457143.0,
2017-06-20,61460.76,69860.93,180421.14,457590.0,
2017-06-21,60964.14,71486.14,189788.31,464087.01,
2017-06-22,67981.42,71534.88,186419.97,475358.93,
2017-06-23,66343.42,70528.66,175576.59,455376.87,
2017-06-24,59123.57,72553.95,183985.19,481508.18,
2017-06-25,59131.35,71288.64,208950.95,487051.2,
2017-06-26,57203.36,70098.61,193064.13,457190.58,
2017-06-27,55253.98,71190.89,191795.85,469422.6,
2017-06-28,55828.37,73955.33,188336.34,456969.78,
2017-06-29,57887.62,77683.99,178557.24,454006.86,
2017-06-30,56364.85,76315.59,170470.92,451314.0,
2017-07-01,54849.35,71218.41,177773.97,466535.44,
2017-07-02,54511.56,70809.12,195526.08,452295.0,
2017-07-03,53588.68,69672.96,173153.6,415995.0,
2017-07-04,49546.35,72602.24,142905.65,361116.0,
2017-07-05,48943.2,70421.1,156082.62,386164.14,
2017-07-06,49769.83,83050.07,160612.62,361267.8,
2017-07-07,52021.18,76589.42,152491.17,361274.7,
2017-07-08,50609.99,78052.23,146253.63,370340.85,
2017-07-09,48718.71,73258.77,163663.65,342576.0,
2017-07-10,51277.25,70575.84,168028.22,343983.78,
2017-07-11,47459.25,68810.37,164560.5,343531.95,
2017-07-12,47428.2,69552.0,171324.23,342612.72,
2017-07-13,50803.88,70669.51,176312.1,343977.21,
2017-07-14,53265.6,69435.36,172628.4,343487.93,
2017-07-15,53307.76,71149.26,167006.46,336750.38,
2017-07-16,51566.83,68680.06,170832.29,336087.29,
2017-07-17,51052.75,68130.72,172244.27,333346.71,
2017-07-18,47977.65,69422.19,172612.46,332886.0,
2017-07-19,48936.93,67858.79,172527.09,328072.35,
2017-07-20,48818.27,69932.37,176704.5,351823.76,
2017-07-21,48414.34,70502.88,175383.36,338480.76,
2017-07-22,49241.25,71733.6,174109.31,337671.69,
2017-07-23,48282.26,75891.3,180550.44,345960.03,
2017-07-24,48480.62,73435.36,188002.32,338872.95,
2017-07-25,46634.26,73998.43,198228.66,346285.73,
2017-07-26,44227.18,79590.26,192407.82,346078.05,
2017-07-27,44952.3,77483.52,187022.52,356649.0,
2017-07-28,44544.52,74450.88,180552.63,329790.0,
2017-07-29,44802.76,78116.02,182735.97,325344.53,
2017-07-30,44150.4,83327.5,182551.68,342206.7,
2017-07-31,44150.4,82779.84,178058.58,328218.51,
2017-08-01,46007.16,80133.56,174701.4,334554.06,
2017-08-02,46668.32,74402.03,185138.28,358660.02,
2017-08-03,44474.44,72960.48,201709.86,369577.65,
2017-08-04,46472.95,74456.36,192031.25,334617.45,
2017-08-05,46483.2,76391.55,182664.08,320234.46,
2017-08-06,46276.42,74516.51,199012.38,339577.98,
2017-08-07,48693.52,74926.08,199429.83,347242.41,
2017-08-08,48286.35,76099.41,199990.71,351617.25,
2017-08-09,46056.24,72420.27,206675.28,352377.75,
2017-08-10,43376.63,76585.63,218561.15,366261.0,
2017-08-11,43880.62,74923.91,208703.33,323211.35,
2017-08-12,45971.55,71677.44,197966.7,326504.57,
2017-08-13,47433.22,70646.77,209941.44,344904.24,
2017-08-14,49431.4,73110.06,231080.28,377952.0,
2017-08-15,46631.7,78228.79,233496.99,394902.0,
2017-08-16,44150.4,78360.48,253713.99,397146.0,
2017-08-17,44150.4,79521.97,233662.53,391361.33,
2017-08-18,43204.05,81862.41,219183.83,361122.75,
2017-08-19,45095.4,86067.36,218133.32,361854.0,
2017-08-20,47660.24,87791.7,226232.7,373813.88,
2017-08-21,48508.13,87741.28,211081.11,376253.73,
2017-08-22,50425.22,82991.52,217574.1,368741.42,
2017-08-23,49132.51,77016.96,219540.0,371230.83,
2017-08-24,50684.83,74960.09,216176.18,384738.0,
2017-08-25,53449.63,84171.34,214390.88,392134.8,
2017-08-26,54991.74,83884.62,232136.12,390145.2,
2017-08-27,58052.6,81043.2,233748.24,391974.0,
2017-08-28,57754.68,77967.36,222565.8,382656.0,
2017-08-29,58484.41,74898.08,226519.86,380276.78,
2017-08-30,42082.49,75916.58,231091.38,384579.23,
2017-08-31,54520.75,74400.73,214741.71,386880.05,
2017-09-01,55032.87,72984.51,222285.78,362928.0,
2017-09-02,59082.91,73719.51,224371.32,377808.0,
2017-09-03,62332.0,77850.72,218574.09,358934.25,
2017-09-04,66002.24,80071.38,204403.28,349953.75,
2017-09-05,63897.79,77276.01,201745.8,351346.53,
2017-09-06,60425.94,77112.0,210808.77,374730.39,
2017-09-07,57289.77,79197.14,255770.82,401957.99,
2017-09-08,54334.35,81656.05,236707.31,357082.94,
2017-09-09,55804.15,83950.08,233605.65,358680.0,
2017-09-10,57778.82,91722.24,235369.73,355452.15,
2017-09-11,67984.69,98716.72,243783.87,375299.88,
2017-09-12,61045.86,90458.87,234633.23,369417.0,
2017-09-13,60645.85,67753.26,219222.24,351641.64,
2017-09-14,64180.78,90578.47,204880.5,358240.2,
2017-09-15,71359.1,93438.46,219680.88,343500.0,
2017-09-16,69631.88,91383.93,231499.86,337560.0,
2017-09-17,69617.64,86100.68,218049.09,346626.53,
2017-09-18,74610.98,89860.15,212250.39,355871.1,
2017-09-19,76525.04,94351.89,217044.83,334176.32,
2017-09-20,72613.99,92050.25,217433.67,361752.26,
2017-09-21,69965.82,91985.11,214913.76,351606.0,
2017-09-22,81495.27,92241.96,226257.02,356922.0,
2017-09-23,81495.17,90715.68,241657.28,357619.92,
2017-09-24,81216.0,95273.28,223145.58,361890.83,
2017-09-25,86180.97,99226.39,220966.01,348042.3,
2017-09-26,98705.17,101459.28,225004.31,362633.52,
2017-09-27,96278.77,101689.07,222266.1,346983.84,
2017-09-28,97873.62,102372.75,212257.8,349605.66,
2017-09-29,111782.08,99528.48,208808.63,374160.56,
2017-09-30,113672.16,,229302.17,322502.4,
2017-10-01,104078.66,,220695.05,338417.73,
2017-10-02,110374.36,,223978.82,359595.21,
2017-10-03,125602.99,,234008.78,379462.88,
2017-10-04,136789.45,,227650.14,347544.18,
2017-10-05,145077.8,,233972.6,339339.68,
2017-10-06,149592.96,,236673.93,342714.0,
2017-10-07,158784.54,,227867.46,335351.34,
2017-10-08,177694.56,,251681.1,350061.62,
2017-10-09,170199.04,,256644.6,382110.9,
2017-10-10,168215.44,,281035.62,388644.0,
2017-10-11,169879.68,,271802.37,363948.0,
2017-10-12,172173.6,,252996.75,362658.3,
2017-10-13,174463.2,,263014.23,371273.7,
2017-10-14,176757.12,,276995.42,377227.77,
2017-10-15,177982.65,,264665.25,371350.7,
2017-10-16,177984.0,,257948.39,346721.52,
2017-10-17,177984.0,,272964.39,346764.0,
2017-10-18,177984.0,,258387.68,354750.0,
2017-10-19,177984.0,,266796.23,343512.0,
2017-10-20,178085.57,,257784.05,337550.16,
2017-10-21,178740.0,,251507.64,339249.96,
2017-10-22,179474.4,,270811.58,334476.0,
2017-10-23,180208.8,,257029.13,331498.65,
2017-10-24,180943.2,,259992.98,345189.83,
2017-10-25,250254.7,,256884.71,335250.75,
2017-10-26,321514.17,,264460.46,390580.03,
2017-10-27,239326.41,,262388.39,352621.88,
2017-10-28,211092.48,,253860.05,338819.22,
2017-10-29,190828.27,,261464.0,344184.83,
2017-10-30,181115.06,,271059.66,344969.25,
2017-10-31,188844.42,,295423.2,385020.92,
2017-11-01,201093.27,,291464.0,347348.85,
2017-11-02,213189.14,,317119.68,385806.47,
2017-11-03,208389.22,,300531.0,333188.63,
2017-11-04,185893.38,,304950.6,359160.78,
2017-11-05,171832.58,,307183.04,365499.48,
2017-11-06,160437.32,,291210.11,399561.45,
2017-11-07,159960.7,,300745.64,389973.9,
2017-11-08,159843.29,,281719.73,343742.42,
2017-11-09,160593.03,,275100.06,362412.06,
2017-11-10,167972.83,,254615.04,314478.15,
2017-11-11,178027.1,,259789.16,325464.96,
2017-11-12,193444.34,,289887.26,346657.38,
2017-11-13,204590.88,,287228.79,345072.0,
2017-11-14,211918.5,,284760.78,325518.47,
2017-11-15,218430.29,,271153.16,317015.58,
2017-11-16,220023.64,,283998.2,345681.0,
2017-11-17,223764.11,,265000.19,291480.0,
2017-11-18,223928.29,,242369.16,302745.0,
2017-11-19,221646.59,,285709.34,357162.0,
2017-11-20,219186.19,,302039.99,354834.0,
2017-11-21,218262.48,,314279.75,387012.0,
2017-11-22,222030.72,,353543.33,407526.0,
2017-11-23,225708.52,,348145.95,452380.05,
2017-11-24,230771.06,,324976.41,411176.7,
2017-11-25,238611.03,,280106.49,332702.3,
2017-11-26,247323.76,,309126.53,413007.36,
2017-11-27,254972.83,,297802.5,403530.0,
2017-11-28,260329.79,,289909.47,319552.41,
2017-11-29,271463.51,,263614.5,246796.08,
2017-11-30,281411.25,,219317.55,274686.0,
2017-12-01,291200.08,,236799.12,242047.05,
2017-12-02,295608.96,,245892.96,199792.8,
2017-12-03,297764.21,,255647.79,269245.07,
2017-12-04,293802.21,,289240.2,257623.67,
2017-12-05,290304.0,,298929.81,255486.12,
2017-12-06,290335.52,,316855.82,333612.69,
2017-12-07,306656.34,,346253.78,324093.29,
2017-12-08,305993.26,,340408.94,264056.1,
2017-12-09,327290.7,,291026.93,301053.53,
2017-12-10,325161.36,,315397.2,284810.93,
2017-12-11,321959.3,,308837.7,270382.2,
2017-12-12,313876.77,,305210.04,285070.8,
2017-12-13,295957.38,,289805.52,296179.19,
2017-12-14,290816.96,,291288.75,287585.19,
2017-12-15,292662.81,,293664.3,208612.8,
2017-12-16,294192.0,,249912.12,257055.6,
2017-12-17,294192.0,,286299.23,284228.84,
2017-12-18,295628.46,,305359.92,274585.38,
2017-12-19,294701.42,,283170.71,260681.6,
2017-12-20,290097.76,,289334.67,232972.92,
2017-12-21,289397.78,,256183.17,220318.98,
2017-12-22,290331.2,,256202.46,198720.89,
2017-12-23,292780.55,,238931.52,201600.0,
2017-12-24,293873.41,,251222.7,260878.05,
2017-12-25,284606.29,,299641.2,275726.31,
2017-12-26,269389.01,,320757.42,343874.91,
2017-12-27,261577.11,,304165.05,248724.63,
2017-12-28,264299.51,,295263.09,242010.54,
2017-12-29,272698.65,,273670.92,215491.68,
2017-12-30,282998.07,,240407.78,222023.7,
2017-12-31,295054.38,,247549.53,295164.24,
2018-01-01,292620.55,,346533.93,344906.87,
2018-01-02,280414.13,,360949.47,310692.15,
2018-01-03,278640.0,,320657.37,322287.0,
2018-01-04,280503.32,,337606.13,341538.5,
2018-01-05,278882.99,,498755.46,445815.42,
2018-01-06,280332.9,,649204.76,490529.16,
2018-01-07,300487.64,,500928.23,475541.16,
2018-01-08,322277.08,,595631.55,450996.93,
2018-01-09,328216.41,,449015.97,420820.13,
2018-01-10,321497.64,,439614.48,401022.98,
2018-01-11,315608.78,,412512.87,386758.47,
2018-01-12,320444.21,,385442.64,274648.86,
2018-01-13,316953.22,,318213.48,379588.95,
2018-01-14,295872.77,,412920.09,438312.69,
2018-01-15,270719.25,,454312.41,417173.63,
2018-01-16,254554.42,,437021.78,421076.82,
2018-01-17,247951.34,,411743.25,427768.35,
2018-01-18,253450.24,,437610.09,419148.75,
2018-01-19,277916.25,,1157160.38,1054885.8,
2018-01-20,309064.98,,1219229.85,923115.05,
2018-01-21,296895.62,,878690.28,750676.56,
2018-01-22,314323.49,,799452.18,692682.15,
2018-01-23,303287.92,,797256.32,766352.72,
2018-01-24,285070.81,,1068674.73,993968.64,
2018-01-25,273103.95,,1603501.71,1756066.91,
2018-01-26,278529.62,,4961759.61,3294863.99,
2018-01-27,303596.51,,3549572.45,1818236.09,
2018-01-28,329021.53,,2076501.32,1410152.69,
2018-01-29,322239.04,,1778048.53,1305089.61,
2018-01-30,321408.0,,1625844.68,1204192.23,
2018-01-31,329435.75,,1280015.9,1041808.7,
2018-02-01,361665.97,,1169071.55,1039868.43,
2018-02-02,401140.9,,1170459.52,1022273.51,
2018-02-03,438430.28,,1096025.22,950210.69,
2018-02-04,461506.97,,1044828.86,893597.52,
2018-02-05,457575.3,,982205.85,852241.67,
2018-02-06,428235.18,,990922.05,854802.14,
2018-02-07,393797.51,,972220.44,871167.6,
2018-02-08,373025.57,,899742.02,829255.32,
2018-02-09,363368.95,,911640.89,791254.41,
2018-02-10,347389.44,,940514.54,867565.41,
2018-02-11,340848.0,,967247.97,876882.99,
2018-02-12,340090.68,,1027326.9,857813.82,
2018-02-13,340202.6,,1075670.33,990887.4,
2018-02-14,336423.2,,1187335.34,986044.2,
2018-02-15,329946.05,,1091752.47,1000730.51,
2018-02-16,331014.6,,1078667.04,969805.14,
2018-02-17,421058.08,,1223746.12,1098203.22,
2018-02-18,545033.17,,3015719.22,2604594.9,
2018-02-19,606534.85,,2448030.85,1843519.71,
2018-02-20,624136.82,,1929219.98,1540566.56,
2018-02-21,627396.46,,1713601.82,1379032.71,
2018-02-22,546715.91,,1649507.71,1346644.8,
2018-02-23,472912.3,,1548272.93,1279573.86,
2018-02-24,479106.45,,1440114.51,1211461.44,
2018-02-25,489781.34,,1384485.76,1200773.52,
2018-02-26,468997.43,,1374667.33,1196534.66,
2018-02-27,443159.09,,1433091.78,1231964.97,
2018-02-28,482617.82,,1412944.16,1184758.74,
2018-03-01,441557.54,,1325408.94,1134446.42,
2018-03-02,430869.38,,1245151.68,1084123.77,
2018-03-03,415476.68,,1183621.53,1027194.08,
2018-03-04,402093.88,,1182206.27,1088405.55,
2018-03-05,401703.82,,1176864.72,1050705.81,
2018-03-06,394324.52,,1099408.83,1018254.36,
2018-03-07,371538.52,,1145116.89,990140.13,
2018-03-08,348973.06,,1094794.22,980772.75,
2018-03-09,349005.67,,1062910.19,968623.2,
2018-03-10,349506.11,,1092090.3,987411.93,
2018-03-11,347122.58,,1077866.1,960620.04,
2018-03-12,350065.84,,949347.95,901738.8,
2018-03-13,336455.04,,1000926.12,933249.63,
2018-03-14,319327.94,,913724.34,873800.81,
2018-03-15,322295.76,,920150.57,857130.9,
2018-03-16,323542.37,,977757.33,849873.78,
2018-03-17,316077.5,,865069.62,859549.65,
2018-03-18,306249.07,,935134.44,904419.92,
2018-03-19,287787.03,,896641.02,798521.43,
2018-03-20,315804.56,,799906.35,815569.44,
2018-03-21,302254.52,,772436.52,767701.5,
2018-03-22,300191.02,,795490.65,756930.84,
2018-03-23,305361.95,,757477.05,712001.22,
2018-03-24,330498.13,,791015.78,785324.76,
2018-03-25,301955.93,,826153.8,812883.36,
2018-03-26,283380.65,,801504.63,766884.0,
2018-03-27,281206.08,,761380.1,739668.0,
2018-03-28,279914.4,,758056.26,701001.0,
2018-03-29,278627.04,,814874.76,810600.0,
2018-03-30,277335.36,,830381.64,776259.0,
2018-03-31,276043.68,,815043.2,803215.5,
2018-04-01,274752.0,,837584.64,787865.07,
2018-04-02,273460.32,,737409.21,719235.47,
2018-04-03,272172.96,,681889.7,668021.58,
2018-04-04,270881.28,,658197.65,676826.04,
2018-04-05,269589.6,,607349.82,647403.86,
2018-04-06,268297.92,,645623.85,723795.0,
2018-04-07,267006.24,,705460.29,731660.28,
2018-04-08,265718.88,,662072.39,635269.88,
2018-04-09,264427.2,,613043.99,616429.64,
2018-04-10,263691.68,,623575.2,610308.0,
2018-04-11,272086.59,,725889.17,702327.0,
2018-04-12,284371.79,,708621.2,702489.0,
2018-04-13,295211.47,,638984.31,639351.0,
2018-04-14,293320.07,,675761.12,653911.32,
2018-04-15,282799.28,,661710.51,607606.68,
2018-04-16,276579.86,,530789.73,521313.65,
2018-04-17,268654.97,,544468.53,585560.93,
2018-04-18,266329.35,,559273.88,519424.25,
2018-04-19,267663.15,,494336.81,503011.07,
2018-04-20,264033.99,,519187.8,526179.0,
2018-04-21,264871.23,,551757.18,542856.66,
2018-04-22,337040.17,,582084.18,531230.09,
2018-04-23,309379.87,,549942.74,534068.88,
2018-04-24,303267.24,,511427.19,521279.1,
2018-04-25,293464.07,,509740.49,568260.78,
2018-04-26,483372.79,,693058.8,698205.0,
2018-04-27,557803.14,,719752.73,688458.15,
2018-04-28,570735.66,,697405.1,620418.48,
2018-04-29,531264.46,,603520.22,503587.8,
2018-04-30,571610.65,,505564.34,516026.55,
2018-05-01,552340.9133333333,,523425.48,506896.13,
2018-05-02,533071.1766666666,,494927.57,484880.4,
2018-05-03,513801.44,,448550.31,509660.69,
2018-05-04,399703.11,,404228.94,418688.3,
2018-05-05,354482.05,,397125.23,513154.1,
2018-05-06,326877.83,,436708.35,493130.31,
2018-05-07,308105.79,,428453.28,506041.8,
2018-05-08,303919.8,,593463.06,611659.5,
2018-05-09,304302.97,,654707.76,577589.76,
2018-05-10,284184.71,,646418.22,571035.0,
2018-05-11,282065.67,,557010.47,496431.0,
2018-05-12,273684.33,,542823.0,531462.0,
2018-05-13,280650.44,,560677.71,528861.9,
2018-05-14,260850.54,,492828.81,509702.36,
2018-05-15,246336.33,,483738.9,522893.03,
2018-05-16,243235.22,,405886.82,442705.35,
2018-05-17,249579.0,,357583.5,403264.05,
2018-05-18,243144.72,,305414.96,402401.07,
2018-05-19,232958.5,,303454.52,354282.0,
2018-05-20,223273.7,,334110.72,384818.31,
2018-05-21,208802.74,,334032.77,367716.14,
2018-05-22,193584.84,,268234.13,362706.66,
2018-05-23,201493.68,,205800.6,372728.16,
2018-05-24,195096.88,,208566.68,351877.23,
2018-05-25,190004.03,,183098.1,337038.02,
2018-05-26,187779.03,,180496.92,326974.5,
2018-05-27,188129.42,,197015.25,343857.3,
2018-05-28,184637.32,,185916.9,323481.9,
2018-05-29,169696.43,,172385.82,342509.48,
2018-05-30,163601.84,,180602.34,338924.9,
2018-05-31,190866.19,,192311.57,314135.34,
2018-06-01,192994.63,,172616.18,305646.9,
2018-06-02,185430.52,,180195.41,351756.51,
2018-06-03,194216.61,,203776.79,330866.73,
2018-06-04,196365.58,,199312.62,337536.45,
2018-06-05,197575.2,,188728.32,347723.4,
2018-06-06,215027.66,,189441.23,319646.58,
2018-06-07,202415.71,,162076.28,336226.32,
2018-06-08,198810.71,,150039.0,322470.03,
2018-06-09,193426.45,,149614.08,350768.4,
2018-06-10,188291.52,,183427.82,316930.02,
2018-06-11,183804.65,,172128.27,319428.71,
2018-06-12,185680.29,,148427.48,319611.84,
2018-06-13,174225.49,,151068.42,302763.11,
2018-06-14,176670.51,,167276.88,300385.68,
2018-06-15,184670.01,,149177.79,287780.84,
2018-06-16,182018.32,,144206.22,311836.88,
2018-06-17,175700.32,,181426.01,311820.89,
2018-06-18,182372.01,,168802.35,293057.93,
2018-06-19,186757.51,,143221.95,549501.47,
2018-06-20,160530.47,,121562.42,673039.41,
2018-06-21,136558.76,,113016.39,667228.44,
2018-06-22,131275.53,,89333.04,656116.2,
2018-06-23,133225.07,,97923.47,702579.54,
2018-06-24,128960.46,,120637.95,733154.43,
2018-06-25,138622.77,,112049.46,664691.37,
2018-06-26,137248.65,,98448.51,656114.01,
2018-06-27,135351.36,,93797.16,655892.22,
2018-06-28,146266.11,,87163.04,659451.17,
2018-06-29,148907.25,,76493.82,673916.07,
2018-06-30,139950.0,,106793.19,675656.91,
2018-07-01,133653.24,,115328.1,693210.06,
2018-07-02,135203.04,,104270.58,670789.1,
2018-07-03,140123.51,,87995.04,611368.58,
2018-07-04,157242.87,,77099.75,626545.02,
2018-07-05,154472.04,,82581.78,647720.79,
2018-07-06,152982.68,,86510.9,636503.4,
2018-07-07,142840.08,,89040.6,636168.21,
2018-07-08,126728.42,,95449.37,612894.75,
2018-07-09,128785.82,,91529.78,625528.23,
2018-07-10,131187.42,,76080.2,636146.52,
2018-07-11,133559.55,,81073.52,607542.27,
2018-07-12,128708.55,,96996.87,648031.92,
2018-07-13,131337.9,,86767.98,605592.24,
2018-07-14,127371.24,,78082.44,638095.79,
2018-07-15,132846.84,,91190.39,565750.38,
2018-07-16,140260.14,,93138.95,560938.2,
2018-07-17,127317.33,,96568.92,592698.0,
2018-07-18,118529.06,,108399.47,562033.13,
2018-07-19,119270.25,,119177.1,588648.83,
2018-07-20,121749.75,,122140.65,564058.82,
2018-07-21,120852.0,,125904.41,580222.2,
2018-07-22,120973.37,,129839.94,578188.02,
2018-07-23,128895.3,,135467.37,551616.0,
2018-07-24,125497.94,,138228.06,563542.38,
2018-07-25,124420.68,,143949.35,602611.17,
2018-07-26,125838.0,,157665.15,645699.6,
2018-07-27,115974.0,,164238.77,540783.8,
2018-07-28,113490.0,,142206.78,544601.52,
2018-07-29,109492.65,,140664.15,488229.0,
2018-07-30,107810.01,,161871.21,559282.35,
2018-07-31,101800.53,,151703.1,544915.2,
2018-08-01,99982.22,,118870.74,499867.86,
2018-08-02,110996.28,,119570.87,572151.18,
2018-08-03,109764.0,,118450.46,533141.82,
2018-08-04,107542.76,,129032.58,552141.18,
2018-08-05,101412.0,,132438.92,523274.34,
2018-08-06,96200.64,,124951.02,581361.3,
2018-08-07,98694.0,,124284.84,531796.5,
2018-08-08,104511.6,,131012.7,558724.26,
2018-08-09,112676.4,,124760.25,508341.18,
2018-08-10,110196.59,,122474.1,493858.61,
2018-08-11,105965.06,,119043.6,505020.06,
2018-08-12,104764.05,,118024.92,465081.44,
2018-08-13,106267.95,,116295.86,439304.61,
2018-08-14,95713.56,,113212.37,477379.13,
2018-08-15,93822.84,,112938.0,498990.98,
2018-08-16,101829.15,,114782.64,512642.81,
2018-08-17,104202.0,,117570.69,452074.2,
2018-08-18,108576.0,,115844.19,487854.86,
2018-08-19,111564.99,,120973.14,457490.1,
2018-08-20,123471.41,,119249.67,455477.52,
2018-08-21,134644.46,,118873.04,448214.52,
2018-08-22,123464.57,,123393.15,468553.74,
2018-08-23,117781.74,,127836.26,433683.96,
2018-08-24,128098.8,,121894.22,432873.24,
2018-08-25,132551.24,,132039.86,411221.01,
2018-08-26,126756.0,,129447.24,410890.71,
2018-08-27,125531.46,,126551.18,393914.76,
2018-08-28,125952.03,,123585.27,418086.48,
2018-08-29,132315.03,,124323.45,416694.6,
2018-08-30,140523.48,,119899.53,421217.28,
2018-08-31,139950.0,,117370.38,397242.36,
2018-09-01,145003.95,,113152.55,360449.52,
2018-09-02,151365.51,,118736.31,378963.36,
2018-09-03,148365.72,,123306.44,392599.5,
2018-09-04,149499.0,,123967.28,415574.3,
2018-09-05,144617.81,,124236.68,384157.2,
2018-09-06,144350.87,,122830.46,409258.85,
2018-09-07,148242.51,,119521.85,387825.71,
2018-09-08,156792.96,,116820.51,396406.98,
2018-09-09,150602.04,,124057.2,385098.18,
2018-09-10,144342.0,,122715.3,409520.55,
2018-09-11,139770.0,,127161.87,401845.37,
2018-09-12,138246.75,,127912.05,418855.74,
2018-09-13,144392.22,,124782.75,393281.4,
2018-09-14,141745.68,,127648.31,369976.56,
2018-09-15,144540.0,,127271.7,407371.49,
2018-09-16,151416.0,,124762.05,372072.42,
2018-09-17,153516.87,,120795.66,397302.0,
2018-09-18,156640.86,,123360.6,303195.48,
2018-09-19,157200.48,,119141.01,296091.08,
2018-09-20,159149.16,,115451.25,389799.3,
2018-09-21,160992.0,,122189.76,401718.0,
2018-09-22,161848.08,,133049.39,429591.96,
2018-09-23,167724.36,,127968.47,387151.71,
2018-09-24,164796.12,,127807.05,387098.97,
2018-09-25,161035.11,,137836.68,422751.36,
2018-09-26,165301.02,,126894.48,419694.86,
2018-09-27,167099.94,,126583.82,441961.07,
2018-09-28,168960.96,,123572.96,403363.77,
2018-09-29,176188.41,,124480.55,419582.55,
2018-09-30,68778.0,,129894.9,382104.0,
2018-10-01,111564.0,,125940.87,378161.82,
2018-10-02,190677.78,,122943.12,403071.65,
2018-10-03,200603.88,,121374.21,404175.48,
2018-10-04,194931.0,,129489.3,360702.0,
2018-10-05,188350.7,,124716.6,352597.08,
2018-10-06,193807.62,,122761.59,355292.37,
2018-10-07,200076.12,,121852.74,379583.55,
2018-10-08,205050.33,,125447.67,436227.11,
2018-10-09,206852.45,,136340.93,393198.93,
2018-10-10,205911.48,,130788.62,400006.02,
2018-10-11,208395.08,,127746.18,388516.7,
2018-10-12,209199.8,,134731.5,419465.04,
2018-10-13,213388.05,,184553.85,420864.57,
2018-10-14,216088.82,,190740.83,408103.68,
2018-10-15,216547.48,,177825.05,400690.08,
2018-10-16,218088.41,,154810.32,397974.68,
2018-10-17,220497.31,,145732.41,432423.92,
2018-10-18,223807.58,,173011.34,406609.65,
2018-10-19,230529.33,,159580.8,404376.0,
2018-10-20,233228.25,,138486.0,393410.13,
2018-10-21,236920.47,,153009.48,395287.89,
2018-10-22,236639.28,,173910.54,397437.8,
2018-10-23,233452.11,,147307.73,388874.63,
2018-10-24,243034.83,,132612.47,407116.44,
2018-10-25,248024.22,,172588.68,527495.4,
2018-10-26,251274.89,,408171.12,713322.6,
2018-10-27,262298.49,,335893.26,478432.49,
2018-10-28,310699.52,,272842.29,488199.77,
2018-10-29,369308.35,,272109.26,572724.03,
2018-10-30,390785.36,,310643.64,535095.2,
2018-10-31,383018.55,,299284.44,470786.33,
2018-11-01,345115.25,,201259.98,397211.34,
2018-11-02,315730.6,,197303.13,323292.59,
2018-11-03,286957.16,,149007.32,326744.55,
2018-11-04,276568.15,,140012.12,469158.0,
2018-11-05,278017.9,,213479.33,433848.0,
2018-11-06,285695.75,,207921.35,420220.5,
2018-11-07,289209.75,,192799.85,478582.29,
2018-11-08,297918.29,,215096.51,468668.97,
2018-11-09,315429.49,,202127.16,377115.27,
2018-11-10,369619.8,,153242.64,395586.0,
2018-11-11,343674.94,,190673.58,397672.35,
2018-11-12,329441.34,,184827.39,452914.97,
2018-11-13,335047.98,,201336.93,449176.13,
2018-11-14,343128.15,,240039.33,485479.35,
2018-11-15,358823.91,,252008.78,523224.0,
2018-11-16,389822.71,,235172.39,397518.0,
2018-11-17,409203.99,,220532.22,398820.0,
2018-11-18,418460.56,,272687.1,510468.0,
2018-11-19,413733.47,,204064.13,295212.0,
2018-11-20,405069.92,,184534.08,239947.5,
2018-11-21,395299.15,,209511.3,247074.0,
2018-11-22,384276.99,,229009.13,252569.52,
2018-11-23,380540.89,,258815.67,224713.53,
2018-11-24,386733.25,,226978.44,221129.94,
2018-11-25,383996.2,,316901.58,303042.89,
2018-11-26,387197.28,,276264.6,250241.67,
2018-11-27,390972.96,,275146.86,265359.0,
2018-11-28,394504.3,,276573.69,258540.0,
2018-11-29,399021.73,,246944.52,249344.94,
2018-11-30,408823.81,,222861.42,208942.08,
2018-12-01,414070.97,,203492.4,206784.0,
2018-12-02,417476.66,,251936.93,283183.5,
2018-12-03,409376.57,,250707.66,246576.0,
2018-12-04,395534.37,,252009.89,263922.78,
2018-12-05,376474.33,,251067.47,259747.5,
2018-12-06,378701.82,,257891.22,274870.98,
2018-12-07,563355.83,,338070.68,340526.14,
2018-12-08,646086.925,,612773.84,646438.7,
2018-12-09,728818.02,,542288.7,538229.57,
2018-12-10,607677.74,,546666.42,444304.5,
2018-12-11,600211.59,,494932.16,506079.83,
2018-12-12,719273.8,,489081.0,485732.91,
2018-12-13,730049.138,,499138.5,502799.45,
2018-12-14,740824.476,,463676.22,436951.14,
2018-12-15,751599.814,,464424.9,499109.18,
2018-12-16,,,490456.68,544500.84,
2018-12-17,773150.49,,487580.13,471174.35,
2018-12-18,597607.32,,510739.53,500775.77,
2018-12-19,499717.81,,486427.68,456016.43,
2018-12-20,476163.64,,801404.7,993921.93,
2018-12-21,495821.14,,987710.09,956544.89,
2018-12-22,523154.75,,793609.95,881323.14,
2018-12-23,518655.89,,733291.59,783927.68,
2018-12-24,542455.21,,701695.35,738808.56,
2018-12-25,535586.02,,688510.35,747339.14,
2018-12-26,515936.37,,623965.41,664277.19,
2018-12-27,500827.93,,877785.69,995186.9,
2018-12-28,518303.99,,1475657.55,1377133.45,
2018-12-29,559008.82,,1061006.13,980818.09,
2018-12-30,568639.76,,964799.97,949219.44,
2018-12-31,619804.36,,982120.95,911273.4,
2019-01-01,677965.79,,925944.36,907852.5,
2019-01-02,658036.64,,914354.72,887989.13,
2019-01-03,616374.92,,1029256.11,1118629.76,
2019-01-04,584344.43,,1120376.34,1050379.92,
2019-01-05,586468.11,,1043721.48,970803.77,
2019-01-06,578262.29,,1149407.79,1218189.24,
2019-01-07,540729.91,,3210703.32,3998106.51,
2019-01-08,505869.89,,3494093.07,3587011.6799999997,
2019-01-09,507976.81,,3777482.82,3175916.8499999996,
2019-01-10,625362.38,,4060872.57,2764822.02,
2019-01-11,701545.83,,2818502.27,2232953.93,
2019-01-12,742612.78,,2407163.61,1967545.74,
2019-01-13,735039.19,,2182476.9,1798932.03,
2019-01-14,770365.4,,3584434.26,2986091.36,
2019-01-15,781230.47,,4167423.56,2976574.49,
2019-01-16,810321.3,,3111875.12,2741642.52,
2019-01-17,918819.8,,3506718.7,2733964.5,
2019-01-18,1058195.59,,3901562.28,2726286.48,
2019-01-19,986310.85,,3011390.91,2366046.59,
2019-01-20,886520.1,,2653434.72,2101049.25,
2019-01-21,855507.78,,2405434.82,1918274.4,
2019-01-22,932562.7,,2183222.69,1818632.48,
2019-01-23,1107752.07,,2085823.22,1655019.38,
2019-01-24,1341642.14,,1988564.78,1643166.59,
2019-01-25,1574332.24,,1831819.92,1561817.66,
2019-01-26,1511485.8966666667,,1793260.5,1554058.31,
2019-01-27,1448639.5533333332,,1714776.15,1497879.86,
2019-01-28,1385793.21,,1646647.98,1503739.79,
2019-01-29,1081655.24,,1772659.38,1560438.0,
2019-01-30,837908.73,,1727759.28,1491379.38,
2019-01-31,725477.86,,1628144.79,1461036.11,
2019-02-01,743718.83,,1553997.0,1407549.75,
2019-02-02,743658.22,,1581966.0,1428173.87,
2019-02-03,693238.29,,1519743.93,1368556.79,
2019-02-04,638498.57,,1433334.54,1373365.13,
2019-02-05,595902.1,,1421182.95,1351191.42,
2019-02-06,558067.51,,1446040.65,1374192.57,
2019-02-07,534705.33,,1640685.24,1538129.03,
2019-02-08,540803.61,,1614990.78,1455968.4,
2019-02-09,531792.0,,1938355.71,1825438.38,
2019-02-10,541791.8,,2236712.99,1842685.14,
2019-02-11,548966.82,,2546012.78,2063141.45,
2019-02-12,570636.54,,2190087.75,1743587.34,
2019-02-13,606901.18,,2061402.0,1698569.55,
2019-02-14,645015.32,,2127210.3,1710218.97,
2019-02-15,644449.63,,2433016.82,1903961.01,
2019-02-16,626194.03,,3879198.8,3785128.73,
2019-02-17,619535.18,,5232257.67,3829472.07,
2019-02-18,598302.19,,3767252.28,2722876.17,
2019-02-19,575867.37,,3131169.45,2381181.83,
2019-02-20,569635.33,,2819413.79,2163478.58,
2019-02-21,565206.99,,2648584.94,2078145.39,
2019-02-22,592523.05,,2536796.25,1979486.78,
2019-02-23,634682.84,,2365859.39,1875690.84,
2019-02-24,678097.4,,2245821.3,1810217.88,
2019-02-25,683420.43,,2129151.18,1726104.17,
2019-02-26,616358.93,,2082664.95,1704848.45,
2019-02-27,581521.51,,2783432.57,2909859.77,
2019-02-28,1149186.46,,4922027.72,4800167.06,
2019-03-01,1162499.8199999998,,5105385.05,3778968.72,
2019-03-02,1175813.18,,3987094.64,3299514.47,
2019-03-03,995009.36,,3946847.73,3155893.35,
2019-03-04,1126614.76,,3586526.58,2996356.45,
2019-03-05,1117456.768181818,,3448280.64,2844589.52,
2019-03-06,1108298.7763636364,,3175839.86,2621929.34,
2019-03-07,1099140.7845454547,,2897764.76,2461875.69,
2019-03-08,,,2788937.66,2340405.0,
2019-03-09,,,2637930.24,2231067.06,
2019-03-10,,,2550593.88,2167520.31,
2019-03-11,,,2473337.19,2134854.26,
2019-03-12,,,2381332.52,2043121.35,
2019-03-13,,,2315848.59,1977291.0,
2019-03-14,,,2337559.92,2020844.09,
2019-03-15,1025876.85,,2260993.74,1967927.9,
2019-03-16,820329.68,,2381064.36,2390219.94,
2019-03-17,830203.32,,4444215.93,3599689.86,
2019-03-18,790592.75,,3376173.47,2604096.89,
2019-03-19,788427.06,,2915632.5,2424070.25,
2019-03-20,839027.44,,2701422.9,2317753.26,
2019-03-21,874148.16,,2586802.55,2211651.6,
2019-03-22,855625.08,,2468493.89,2142764.96,
2019-03-23,878690.26,,2415802.68,2094119.33,
2019-03-24,974369.13,,2367636.24,2069485.2,
2019-03-25,1036600.4466666667,,2333525.1,2045306.7,
2019-03-26,1098831.7633333334,,2221856.36,1997280.18,
2019-03-27,1161063.08,,2180594.43,1951396.92,
2019-03-28,926351.83,,2089068.3,1913331.74,
2019-03-29,777865.93,,2106020.82,1841430.72,
2019-03-30,685675.71,,2265342.36,1926691.5,
2019-03-31,692769.66,,4497413.61,4516196.4,
2019-04-01,690152.6678571429,,4589108.806666667,4589961.390000001,
2019-04-02,687535.6757142857,,4680804.003333334,4663726.38,
2019-04-03,684918.6835714286,,4772499.2,3673167.21,
2019-04-04,,,3988626.38,3292600.14,
2019-04-05,,,3523583.4,3018862.53,
2019-04-06,,,3315650.31,2795934.51,
2019-04-07,,,3114163.19,2622910.41,
2019-04-08,,,2892434.93,2510528.16,
2019-04-09,,,2878867.5,2402977.92,
2019-04-10,,,2719488.06,2311277.69,
2019-04-11,,,2676125.79,2299296.38,
2019-04-12,,,2561405.69,2208550.97,
2019-04-13,,,2476406.13,2156100.12,
2019-04-14,656131.77,,2378805.86,2120511.06,
2019-04-15,552137.56,,2312244.18,2098625.76,
2019-04-16,518811.94,,2353314.5,2087091.45,
2019-04-17,492101.81,,2337130.94,2087078.4,
2019-04-18,476838.64,,2187164.84,2087078.4,
2019-04-19,456016.13,,2192065.37,2087078.4,
2019-04-20,457363.25,,2231241.81,2025842.4,
2019-04-21,452304.04,,2403663.23,2229056.58,
2019-04-22,459874.22,,2570771.1,2473082.97,
2019-04-23,442334.15,,2822853.81,2423241.18,
2019-04-24,428461.26,,2476355.81,2188227.14,
2019-04-25,432267.26,,2243613.89,2072476.8,
2019-04-26,420738.36,,2218798.82,1970144.92,
2019-04-27,394683.2,,2200618.17,1883865.6,
2019-04-28,384208.38,,2116227.51,1812790.25,
2019-04-29,375159.67,,2001593.22,1761065.28,
2019-04-30,359246.79,,1964004.51,1709397.96,
2019-05-01,348624.33,,1899828.06,1651181.76,
2019-05-02,348079.82,,1892678.33,1588859.2,
2019-05-03,341898.6,,1816233.39,1544788.8,
2019-05-04,331176.38,,1836537.83,1506993.12,
2019-05-05,324332.56,,1792885.25,1469197.44,
2019-05-06,320457.11,,1675480.31,1432236.21,
2019-05-07,318156.37,,1623959.82,1400323.68,
2019-05-08,307602.06,,1672839.38,1369262.88,
2019-05-09,302286.42,,1544126.7,1339920.53,
2019-05-10,304375.11,,1570053.45,1328378.4,
2019-05-11,302641.66,,1576176.45,1321544.16,
2019-05-12,299844.53,,1533048.23,1314714.24,
2019-05-13,290921.98,,1431049.82,1307884.32,
2019-05-14,276610.39,,1388013.42,1310100.86,
2019-05-15,268458.29,,1363358.4,1343947.68,
2019-05-16,255572.83,,1256584.41,1366192.14,
2019-05-17,257063.38,,1271655.09,1355659.2,
2019-05-18,256541.67,,1302628.5,1338966.72,
2019-05-19,255576.7,,1287490.73,1322274.24,
2019-05-20,256176.0,,1169605.34,1305581.76,
2019-05-21,256176.0,,1167686.06,1288889.28,
2019-05-22,255434.2,,1129049.45,1272196.8,
2019-05-23,255452.42,,1070955.3,1255504.32,
2019-05-24,253308.32,,1109449.86,1238811.84,
2019-05-25,243064.43,,1106213.55,1222119.36,
2019-05-26,235499.76,,1134141.17,1205426.88,
2019-05-27,233827.59,,1068211.52,1188734.4,
2019-05-28,227418.42,,1050629.96,1172041.92,
2019-05-29,232245.29,,1064643.0,1155349.44,
2019-05-30,234198.74,,1029042.11,1138656.96,
2019-05-31,228908.2,,978873.57,1121964.48,
2019-06-01,218463.15,,998510.85,1105272.0,
2019-06-02,219262.55,,1004075.13,1088579.52,
2019-06-03,220151.53,,998210.67,1071887.04,
2019-06-04,210127.67,,964014.87,1055194.56,
2019-06-05,212099.32,,959485.8,1038502.08,
2019-06-06,209141.32,,909346.95,1021809.6,
2019-06-07,206918.75,,914794.2,1005117.12,
2019-06-08,194274.92,,888233.85,988424.64,
2019-06-09,186754.2,,943274.7,971732.16,
2019-06-10,197526.32,,944675.73,955039.68,
2019-06-11,201073.9,,900932.94,938347.2,
2019-06-12,188493.56,,893435.63,921654.72,
2019-06-13,182034.88,,881988.66,910263.6,
2019-06-14,179555.09,,852463.82,905428.8,
2019-06-15,189111.33,,892704.87,900612.0,
2019-06-16,179188.44,,893940.09,895799.52,
2019-06-17,170330.21,,876704.9,890987.04,
2019-06-18,164410.32,,841250.99,886170.24,
2019-06-19,164949.89,,751117.41,881353.44,
2019-06-20,160986.38,,930395.96,876540.96,
2019-06-21,165224.22,,810807.66,871724.16,
2019-06-22,159057.6,,801182.97,866907.36,
2019-06-23,150455.04,,846158.0,862094.88,
2019-06-24,145087.19,,812793.89,857282.4,
2019-06-25,148735.03,,742009.82,852465.6,
2019-06-26,147115.23,,729495.45,847648.8,
2019-06-27,147808.8,,721177.97,842836.32,
2019-06-28,147980.77,,759486.39,838023.84,
2019-06-29,146281.52,,746103.0,833207.04,
2019-06-30,140060.68,,757512.0,828390.24,
2019-07-01,132648.4,,709830.0,911913.75,
2019-07-02,129610.92,,681752.04,856815.42,
2019-07-03,128353.07,,632608.44,847456.71,
2019-07-04,125878.06,,661578.12,895464.26,
2019-07-05,124918.58,,658258.92,875958.54,
2019-07-06,117656.15,,702302.01,886224.78,
2019-07-07,114654.52,,719649.72,878818.5,
2019-07-08,108132.4,,693495.14,862245.02,
2019-07-09,112993.66,,677857.88,828464.34,
2019-07-10,118053.16,,644141.33,804757.14,
2019-07-11,115095.95,,673378.64,840268.52,
2019-07-12,104589.63,,671119.5,868980.05,
2019-07-13,120992.49,,691550.21,874818.38,
2019-07-14,107704.99,,704909.9,877760.85,
2019-07-15,108905.48,,688226.49,841098.75,
2019-07-16,111295.7,,613986.98,769502.25,
2019-07-17,118275.21,,597348.68,779738.61,
2019-07-18,120314.91,,586927.26,800481.02,
2019-07-19,113100.4,,575629.47,808880.55,
2019-07-20,110459.03,,610922.25,865534.98,
2019-07-21,104579.45,,616564.05,843812.16,
2019-07-22,105218.61,,588485.48,812361.8,
2019-07-23,117246.0,,602488.92,827645.43,
2019-07-24,110911.96,,608400.26,823711.5,
2019-07-25,105408.0,,578858.36,830311.5,
2019-07-26,103791.97,,557234.55,800901.0,
2019-07-27,98528.76,,612819.95,868192.65,
2019-07-28,93159.14,,650476.35,855141.0,
2019-07-29,102351.79,,580735.77,772332.0,
2019-07-30,118530.21,,604603.5,863721.0,
2019-07-31,115693.47,,621707.96,812401.43,
2019-08-01,92688.31,,633152.55,828477.3,
2019-08-02,86851.95,,590926.17,809296.5,
2019-08-03,97759.89,,644557.4,890413.71,
2019-08-04,107634.29,,635762.39,827046.77,
2019-08-05,102532.52,,631530.63,821682.03,
2019-08-06,104812.27,,594324.6,790511.84,
2019-08-07,99684.11,,597894.8,772514.37,
2019-08-08,89094.12,,638314.11,814927.38,
2019-08-09,56063.16,,635626.32,800446.5,
2019-08-10,32454.16,,660826.07,843936.29,
2019-08-11,25202.26,,686550.95,793696.02,
2019-08-12,26445.68,,607219.19,792195.9,
2019-08-13,32349.32,,598782.81,807280.26,
2019-08-14,47378.15,,609295.88,808809.24,
2019-08-15,83178.0,,603933.66,791439.57,
2019-08-16,89704.44,,605832.27,783360.0,
2019-08-17,83227.73,,647577.48,846395.51,
2019-08-18,87374.03,,682979.73,838354.46,
2019-08-19,92765.88,,621872.64,807317.09,
2019-08-20,91584.0,,612150.32,784616.76,
2019-08-21,93204.0,,565195.8,784071.0,
2019-08-22,97358.72,,563639.18,770187.21,
2019-08-23,103137.75,,589390.28,754408.14,
2019-08-24,99115.02,,635445.75,853245.83,
2019-08-25,98471.7,,622344.0,787203.0,
2019-08-26,95917.5,,584798.43,783581.22,
2019-08-27,99588.65,,593276.13,781114.92,
2019-08-28,105960.78,,605547.54,755556.0,
2019-08-29,96971.36,,579836.55,776920.13,
2019-08-30,100115.1,,568954.31,755691.98,
2019-08-31,101952.0,,633084.57,835938.66,
2019-09-01,107370.0,,622985.61,789063.24,
2019-09-02,114012.0,,633761.91,792331.68,
2019-09-03,117288.0,,599906.81,765416.34,
2019-09-04,127656.0,,572210.63,748720.86,
2019-09-05,132437.93,,602999.72,750880.14,
2019-09-06,124493.4,,601131.75,761802.54,
2019-09-07,113712.84,,599203.74,736924.5,
2019-09-08,124132.41,,614519.25,755021.88,
2019-09-09,137310.75,,618143.78,749812.59,
2019-09-10,129455.78,,617737.79,765080.78,
2019-09-11,132301.35,,614218.5,741041.24,
2019-09-12,147204.0,,616490.24,755318.58,
2019-09-13,142585.2,,593611.85,721533.9,
2019-09-14,140680.8,,609900.53,707299.8,
2019-09-15,137286.18,,604210.68,784532.64,
2019-09-16,143279.78,,646811.37,749058.66,
2019-09-17,145958.31,,642408.83,709437.24,
2019-09-18,143355.38,,643112.76,718206.38,
2019-09-19,153721.71,,674621.72,729801.6,
2019-09-20,151738.79,,625835.49,693043.62,
2019-09-21,148493.7,,624087.15,602550.37,
2019-09-22,140750.87,,684365.79,210556.97,
2019-09-23,150407.6,,618737.34,194394.42,
2019-09-24,157267.53,,608170.5,616649.43,
2019-09-25,149103.36,,644139.78,640534.17,
2019-09-26,146199.74,,614312.31,612439.32,
2019-09-27,152962.61,,597870.93,552397.2,
2019-09-28,162290.48,,630872.73,593771.49,
2019-09-29,171464.04,,621215.01,563399.15,
2019-09-30,177465.6,,583170.45,510910.5,
2019-10-01,186850.08,,600086.67,508635.42,
2019-10-02,195911.28,,626337.21,512295.8,
2019-10-03,195649.56,,583037.01,498799.85,
2019-10-04,191808.0,,579959.13,500331.5,
2019-10-05,194166.0,,601005.42,520325.73,
2019-10-06,197523.0,,605459.01,507687.0,
2019-10-07,211760.31,,573503.07,498778.02,
2019-10-08,227584.53,,573032.45,464798.43,
2019-10-09,224820.54,,585702.53,503462.15,
2019-10-10,212103.63,,623049.83,493805.37,
2019-10-11,204768.0,,579029.07,438405.71,
2019-10-12,204768.0,,614203.29,475833.11,
2019-10-13,206607.42,,607342.52,483847.53,
2019-10-14,209792.12,,606676.11,469211.96,
2019-10-15,221672.79,,600598.56,413351.82,
2019-10-16,240899.9,,606914.46,441309.66,
2019-10-17,244075.41,,545051.34,419919.0,
2019-10-18,223732.89,,539786.85,469316.25,
2019-10-19,219584.12,,616147.13,475885.71,
2019-10-20,231721.16,,626535.48,538213.82,
2019-10-21,240819.12,,620092.11,598039.2,
2019-10-22,248191.07,,602610.72,608575.68,
2019-10-23,250681.82,,620898.9,619116.48,
2019-10-24,258051.65,,677912.61,629657.28,
2019-10-25,276272.6,,665146.44,640198.08,
2019-10-26,281473.92,,678219.96,650734.56,
2019-10-27,291364.7,,722148.78,661271.04,
2019-10-28,289635.75,,707057.67,671811.84,
2019-10-29,282082.5,,777971.7,682352.64,
2019-10-30,282522.15,,739804.1,692893.44,
2019-10-31,289249.38,,763892.99,702946.8,
2019-11-01,287832.06,,652071.15,713864.82,
2019-11-02,292793.94,,677237.01,767283.36,
2019-11-03,290695.41,,729536.93,778203.9,
2019-11-04,297867.24,,673705.56,758177.04,
2019-11-05,309128.67,,661011.17,718676.37,
2019-11-06,319057.74,,648769.16,714110.66,
2019-11-07,325116.0,,664263.99,662184.35,
2019-11-08,328758.75,,645519.06,663559.49,
2019-11-09,332707.5,,626521.95,689173.94,
2019-11-10,334246.5,,666494.78,676731.21,
2019-11-11,324040.5,,618299.21,678042.36,
2019-11-12,317546.24,,619805.52,664366.71,
2019-11-13,319875.48,,608702.46,648721.02,
2019-11-14,316401.3,,627807.11,626455.2,
2019-11-15,302445.9,,625641.3,684838.82,
2019-11-16,299904.93,,702796.67,714135.53,
2019-11-17,309572.78,,722578.34,712895.76,
2019-11-18,364772.43,,640304.51,1310236.9,
2019-11-19,393043.5,,713291.04,1314779.27,
2019-11-20,379933.43,,622149.21,964335.8,
2019-11-21,351648.36,,597304.26,770510.91,
2019-11-22,334732.5,,679314.42,711605.67,
2019-11-23,321492.6,,608414.04,695919.18,
2019-11-24,318204.68,,640657.23,679346.85,
2019-11-25,329223.74,,606637.38,633573.0,
2019-11-26,342792.68,,595407.33,651129.66,
2019-11-27,351924.75,,612570.8,660918.2,
2019-11-28,352506.87,,630930.86,637529.94,
2019-11-29,351034.56,,617833.94,709253.25,
2019-11-30,348852.6,,637000.82,674719.76,
2019-12-01,339832.35,,591221.61,683746.11,
2019-12-02,323576.69,,642475.73,709788.45,
2019-12-03,319949.87,,672881.4,724192.98,
2019-12-04,324952.97,,709090.31,713182.4,
2019-12-05,323898.75,,713871.33,704029.14,
2019-12-06,315373.5,,816967.83,788501.64,
2019-12-07,318528.05,,721609.97,710129.19,
2019-12-08,341512.2,,747053.6,757225.64,
2019-12-09,355957.29,,852096.44,830277.77,
2019-12-10,384040.94,,849182.07,787380.24,
2019-12-11,410340.42,,763805.34,780276.15,
2019-12-12,442678.28,,742951.35,728583.14,
2019-12-13,456191.96,,807372.03,846809.25,
2019-12-14,465059.88,,895949.84,852226.74,
2019-12-15,465264.0,,820919.4,853452.05,
2019-12-16,442118.25,,791291.88,812437.77,
2019-12-17,408098.25,,755089.25,784254.66,
2019-12-18,390561.75,,730798.74,791786.46,
2019-12-19,381977.64,,725744.57,811394.22,
2019-12-20,366030.68,,712753.8,785383.5,
2019-12-21,351663.26,,668188.91,742557.0,
2019-12-22,334659.2,,656460.78,758254.35,
2019-12-23,329027.04,,647612.0,697351.68,
2019-12-24,325473.48,,687586.5,750400.8,
2019-12-25,334093.73,,785996.7,792397.11,
2019-12-26,348837.75,,1157617.665,997485.92,
2019-12-27,416320.97,,1529238.63,1202574.73,
2019-12-28,526579.25,,1900859.595,1407663.54,
2019-12-29,581466.47,,2272480.56,1612752.35,
2019-12-30,664415.73,,1704958.35,1349055.23,
2019-12-31,742792.64,,1607583.98,1251086.7,
2020-01-01,776827.13,,1414318.17,1265375.1179347825,
2020-01-02,794475.18,,1296877.53,1279663.535869565,
2020-01-03,830326.14,,1279282.53,1293951.9538043477,
2020-01-04,875768.45,,1661939.94,,
2020-01-05,918336.6,,3299574.21,,
2020-01-06,875088.5,,3227849.685,,
2020-01-07,758738.03,,3156125.16,,
2020-01-08,702356.76,,3550986.6875,,
2020-01-09,941862.6,,3945848.215,,
2020-01-10,1321692.12,,4340709.7425,,
2020-01-11,1252547.19,,4735571.27,,
2020-01-12,1106116.25,,3948945.36,,
2020-01-13,1245151.8,,3490032.84,,
2020-01-14,1538545.64,,3006682.13,,
2020-01-15,1536483.3199999998,,2674749.56,,
2020-01-16,1534421.0,,2663420.01,,
2020-01-17,1532358.68,,2520236.9,,
2020-01-18,,,2379051.89,,
2020-01-19,,,2741972.19,,
2020-01-20,1526171.72,,4244078.51,,
2020-01-21,1266507.41,,4393376.45,,
2020-01-22,1116691.56,,3540094.43,,
2020-01-23,999092.79,,3086095.89,,
2020-01-24,1241164.35,,3969363.0,,
2020-01-25,1520411.94,,3607053.9,,
2020-01-26,1558958.4,,3045000.68,,
2020-01-27,1578635.775,,2797204.49,,
2020-01-28,1598313.15,,2655299.63,,
2020-01-29,1617990.525,,2722723.5,,
2020-01-30,,,2645948.46,,
2020-01-31,,,3097999.05,,
2020-02-01,,,3121110.95,,
2020-02-02,,,2819568.0,,
2020-02-03,1716377.4,,2634955.44,,
2020-02-04,1505133.5,,2517287.25,,
2020-02-05,1396469.3,,2422398.5,,
2020-02-06,1331317.58,,2311879.92,,
2020-02-07,1322568.0,,2308289.4,,
2020-02-08,1464814.13,,4212785.82,,
2020-02-09,1631401.43,,4463647.41,,
2020-02-10,1454395.05,,3535765.76,,
2020-02-11,1379906.64,,3189714.27,,
2020-02-12,1367580.6,,3351626.49,,
2020-02-13,1344371.0,,3376314.48,,
2020-02-14,1333570.55,,3141741.9,,
2020-02-15,1603847.21,,2950391.21,,
2020-02-16,1638153.4614285715,,2803074.3,,
2020-02-17,1672459.7128571428,,2726309.16,,
2020-02-18,1706765.9642857143,,2629489.68,,
2020-02-19,,,2616810.6,,
2020-02-20,,,2618661.6,,
2020-02-21,,,2477402.79,,
2020-02-22,1843990.97,,2587485.36,,
2020-02-23,1593203.13,,2718129.06,,
2020-02-24,1416537.77,,2499364.88,,
2020-02-25,1306521.36,,2451000.66,,
2020-02-26,1288460.25,,2359154.94,,
2020-02-27,1116264.38,,2288997.77,,
2020-02-28,1077408.0,,2240444.18,,
2020-02-29,1073981.39,,2202088.19,,
2020-03-01,1021737.47,,2684371.07,,
2020-03-02,892144.85,,2606620.86,,
2020-03-03,758374.7,,2431684.8,,
2020-03-04,732661.74,,2365525.5,,
2020-03-05,711126.18,,2295126.36,,
2020-03-06,732687.08,,2237293.97,,
2020-03-07,803594.61,,2197041.39,,
2020-03-08,769740.53,,2139722.88,,
2020-03-09,794066.85,,2080923.63,,
2020-03-10,850449.83,,2022196.89,,
2020-03-11,780339.47,,1997436.05,,
2020-03-12,696540.15,,1997786.24,,
2020-03-13,756155.39,,2109184.86,,
2020-03-14,1072383.75,,2197746.5,,
2020-03-15,1150871.4,,2105694.41,,
2020-03-16,1177584.57,,2059598.58,,
2020-03-17,1160655.8290000001,,2080519.44,,
2020-03-18,1143727.088,,2870260.43,,
2020-03-19,1126798.347,,2796088.08,,
2020-03-20,,,3198558.27,,
2020-03-21,,,3833700.69,,
2020-03-22,,,3205551.08,,
2020-03-23,,,2861394.51,,
2020-03-24,,,2747327.18,,
2020-03-25,,,2661695.19,,
2020-03-26,,,2561863.8,,
2020-03-27,,,2473872.86,,
2020-03-28,,,2419608.89,,
2020-03-29,,,2330527.95,,
2020-03-30,,,2155613.67,,
2020-03-31,,,2079466.26,,
2020-04-01,,,2138321.25,2565621.15,
2020-04-02,,,2103772.38,2489569.64,
2020-04-03,,,2039487.75,2440734.8,
2020-04-04,,,2002266.0,2363649.2,
2020-04-05,839009.75,,1971937.2,2320709.27,
2020-04-06,718472.48,,1881025.04,2291360.12,
2020-04-07,663733.31,,1876312.61,2103226.14,
2020-04-08,614255.04,,1842435.0,1837693.74,
2020-04-09,589919.22,,1851385.5,1725327.26,
2020-04-10,569320.29,,1995351.54,1909997.33,
2020-04-11,591673.32,,2476172.39,2243848.4,
2020-04-12,589658.0,,2269616.4,1982107.94,
2020-04-13,593809.29,,2130843.18,1906442.28,
2020-04-14,642663.27,,2042403.38,1750017.35,
2020-04-15,724768.65,,1933718.94,1721783.91,
2020-04-16,804614.76,,1927796.55,1406691.2,
2020-04-17,833748.3,,1857448.16,1658871.53,
2020-04-18,769146.03,,1866272.01,1535110.95,
2020-04-19,658629.45,,1753936.68,1475971.98,
2020-04-20,566482.5,,1707842.88,1413009.59,
2020-04-21,514615.5,,1599751.7,1433340.56,
2020-04-22,467471.25,,1585133.07,1417988.24,
2020-04-23,440923.5,,1575247.8,1386955.05,
2020-04-24,427356.0,,1529598.03,1408205.43,
2020-04-25,395839.31,,1603615.56,1418773.74,
2020-04-26,384419.84,,1625222.46,1444238.21,
2020-04-27,380298.6,,1599663.36,1396673.04,
2020-04-28,373817.12,,1510645.11,1367998.29,
2020-04-29,368965.63,,1497468.39,1335451.55,
2020-04-30,362488.91,,1499087.34,1300129.28,
2020-05-01,353348.01,,1407406.8,1277587.88,
2020-05-02,345687.75,,1457759.75,1266154.5,
2020-05-03,339821.55,,1319256.96,1219963.38,
2020-05-04,333147.15,,1376427.9,1236551.97,
2020-05-05,318262.5,,1417205.34,1271170.5,
2020-05-06,353705.94,,1696461.81,1395587.66,
2020-05-07,341685.54,,1610026.26,1331729.13,
2020-05-08,336676.5,,1548289.38,1288729.86,
2020-05-09,326470.5,,1544849.13,1274852.04,
2020-05-10,312689.7,,1517496.96,1262361.38,
2020-05-11,293121.45,,1340465.67,1189027.13,
2020-05-12,291443.85,,1298417.88,1147910.48,
2020-05-13,293221.8,,1201458.81,1111968.0,
2020-05-14,288137.25,,1176060.02,1111968.0,
2020-05-15,273948.75,,1148428.77,1111968.0,
2020-05-16,265578.71,,1219278.41,1111968.0,
2020-05-17,256775.36,,1107665.63,1111968.0,
2020-05-18,252506.25,,981815.12,1111968.0,
2020-05-19,247104.0,,1010512.74,1111968.0,
2020-05-20,235354.5,,1027023.96,1111968.0,
2020-05-21,228566.25,,1010467.77,1111968.0,
2020-05-22,227080.35,,982974.51,1111968.0,
2020-05-23,224319.6,,1055207.6,1111968.0,
2020-05-24,224530.47,,1149919.44,1111968.0,
2020-05-25,221341.37,,1161235.7,1168229.63,
2020-05-26,220911.75,,1117266.06,1203860.55,
2020-05-27,225022.5,,1007859.72,1164319.2,
2020-05-28,234187.7,,957939.93,1132055.1,
2020-05-29,235582.56,,1002425.52,1165594.16,
2020-05-30,251088.08,,1061729.96,1213115.01,
2020-05-31,249278.81,,1015746.9,1144706.94,
2020-06-01,233181.41,,946742.46,1071121.86,
2020-06-02,222909.44,,930939.89,1143738.87,
2020-06-03,214434.72,,966130.67,1148784.21,
2020-06-04,209004.75,,1002892.8,1144824.45,
2020-06-05,208234.17,,893126.52,1058711.1,
2020-06-06,216342.9,,919660.34,1133968.11,
2020-06-07,206175.78,,950702.07,1106203.02,
2020-06-08,183551.09,,907814.91,1076262.3,
2020-06-09,173592.81,,842473.86,1038140.37,
2020-06-10,183761.19,,843097.11,1042407.63,
2020-06-11,192692.43,,853649.73,1036756.73,
2020-06-12,191269.53,,889992.06,1057475.24,
2020-06-13,199091.52,,904940.91,1094537.22,
2020-06-14,202483.89,,888349.05,1075757.73,
2020-06-15,201026.88,,790812.0,1006234.2,
2020-06-16,186858.0,,769654.29,1002649.5,
2020-06-17,193248.0,,720643.55,984500.22,
2020-06-18,202114.08,,779214.15,1041246.62,
2020-06-19,197167.86,,782554.71,1021029.65,
2020-06-20,194829.89,,797017.5,1075348.8,
2020-06-21,183121.43,,869966.79,1061174.85,
2020-06-22,177989.22,,753122.67,976135.47,
2020-06-23,177683.99,,747753.66,955660.47,
2020-06-24,182798.15,,762425.1,1008497.4,
2020-06-25,185133.24,,762169.65,1018495.7,
2020-06-26,185220.99,,760226.63,1040898.38,
2020-06-27,192311.19,,777606.08,1043280.69,
2020-06-28,181407.74,,827236.11,1014293.4,
2020-06-29,164080.49,,715854.51,978409.5,
2020-06-30,166125.6,,692242.83,979861.35,
2020-07-01,162414.0,,699261.23,956183.03,
2020-07-02,144593.78,,695339.55,979959.53,
2020-07-03,136758.24,,705692.93,1034689.26,
2020-07-04,167837.31,,768892.68,1013735.72,
2020-07-05,179658.0,,744443.33,983008.68,
2020-07-06,161004.24,,667480.73,959268.78,
2020-07-07,160045.56,,655820.27,967526.25,
2020-07-08,127491.3,,691919.73,979725.75,
2020-07-09,70848.0,,670983.96,942504.9,
2020-07-10,70853.58,,652244.88,916218.47,
2020-07-11,72011.57,,711054.66,1043210.76,
2020-07-12,70848.0,,722747.25,958362.68,
2020-07-13,133569.9,,613103.25,955103.04,
2020-07-14,158776.43,,674268.06,956933.15,
2020-07-15,162099.54,,697283.55,993592.35,
2020-07-16,167616.0,,654282.0,933842.63,
2020-07-17,165910.5,,651740.85,1013658.38,
2020-07-18,158210.82,,746037.74,1016119.5,
2020-07-19,144477.77,,696912.48,943074.0,
2020-07-20,152239.05,,627288.75,905663.06,
2020-07-21,158832.0,,671872.47,969683.81,
2020-07-22,158524.8,,667348.95,934794.38,
2020-07-23,161334.72,,590508.18,926717.7,
2020-07-24,164881.85,,645213.02,960023.25,
2020-07-25,170042.0,,682543.29,940455.18,
2020-07-26,166813.92,,674530.88,927130.38,
2020-07-27,152502.3,,602697.81,876300.0,
2020-07-28,140061.6,,620597.1,876257.78,
2020-07-29,148599.36,,593851.5,883900.02,
2020-07-30,154882.98,,586948.5,923728.65,
2020-07-31,156094.2,,662251.5,945699.12,
2020-08-01,163800.0,,701059.5,941063.75,
2020-08-02,167328.0,,692528.13,922460.64,
2020-08-03,152055.6,,679011.98,885587.87,
2020-08-04,144468.0,,676986.9,948081.14,
2020-08-05,143759.79,,650378.7,895682.85,
2020-08-06,150871.32,,707813.78,940716.3,
2020-08-07,153765.59,,680807.18,924064.35,
2020-08-08,166374.9,,704823.9,932816.42,
2020-08-09,167616.0,,704333.76,842178.29,
2020-08-10,164718.0,,690462.36,800513.46,
2020-08-11,159980.18,,685581.96,789752.04,
2020-08-12,166017.92,,690840.11,817011.09,
2020-08-13,175948.02,,672272.06,814632.29,
2020-08-14,183374.87,,711227.34,820328.7,
2020-08-15,176573.7,,727772.31,823841.12,
2020-08-16,163785.6,,744301.65,799886.28,
2020-08-17,157442.4,,642451.26,775401.9,
2020-08-18,159282.0,,636822.21,792603.27,
2020-08-19,162118.85,,621841.5,770602.05,
2020-08-20,164023.07,,654043.14,786138.0,
2020-08-21,168200.37,,680106.21,799657.01,
2020-08-22,165574.58,,686147.57,785512.77,
2020-08-23,121668.78,,696928.95,777637.8,
2020-08-24,135105.64,,675018.71,761003.25,
2020-08-25,138069.02,,677932.76,773372.03,
2020-08-26,139580.68,,674065.26,776551.5,
2020-08-27,140592.14,,675853.08,731554.5,
2020-08-28,141518.08,,647421.36,744280.29,
2020-08-29,146496.31,,707334.96,806055.69,
2020-08-30,150072.56,,693940.53,746662.59,
2020-08-31,136280.04,,622402.2,709402.17,
2020-09-01,139300.83,,627057.41,731184.6,
2020-09-02,140048.71,,609294.11,743763.15,
2020-09-03,135917.16,,607171.95,737280.03,
2020-09-04,131731.31,,586577.0,702865.95,
2020-09-05,134085.04,,635911.5,652929.0,
2020-09-06,135073.57,,636799.1,734579.1,
2020-09-07,132148.24,,618646.81,720758.76,
2020-09-08,136054.73,,624120.23,768476.57,
2020-09-09,140092.69,,651977.7,795113.25,
2020-09-10,141164.19,,638976.44,791406.86,
2020-09-11,147107.26,,604606.92,814948.37,
2020-09-12,142767.19,,684711.44,847684.5,
2020-09-13,135268.24,,659886.27,833674.92,
2020-09-14,132000.8,,661943.09,758964.81,
2020-09-15,139219.18,,638714.93,795040.49,
2020-09-16,142466.58,,618249.68,831216.42,
2020-09-17,149968.33,,648048.48,861739.79,
2020-09-18,170981.91,,660938.82,804195.51,
2020-09-19,171040.93,,666533.58,834601.5,
2020-09-20,168796.32,,620533.43,798830.04,
2020-09-21,169274.42,,657812.78,825672.06,
2020-09-22,171890.49,,635136.75,829148.55,
2020-09-23,170505.36,,614877.77,801036.78,
2020-09-24,173871.01,,619578.59,810151.7,
2020-09-25,175012.99,,631675.32,784157.42,
2020-09-26,177132.36,,625674.71,827635.88,
2020-09-27,177841.58,,718311.24,821056.53,
2020-09-28,178408.15,,666691.5,801594.6,
2020-09-29,174052.67,,650345.76,765261.39,
2020-09-30,190186.84,,634720.5,795804.6,
2020-10-01,195264.0,,629269.28,775176.2,
2020-10-02,195792.84,,666701.82,695873.21,
2020-10-03,201638.07,,666260.12,696739.64,
2020-10-04,201767.18,,657152.99,666884.55,
2020-10-05,205059.87,,640084.62,664114.17,
2020-10-06,207792.0,,636261.78,656108.73,
2020-10-07,206988.75,,634725.68,665470.56,
2020-10-08,214926.75,,658664.46,648779.58,
2020-10-09,233307.0,,629758.53,612602.94,
2020-10-10,242111.25,,647202.51,658242.08,
2020-10-11,247944.56,,657847.89,633290.93,
2020-10-12,256028.18,,672612.48,661137.83,
2020-10-13,260219.48,,644360.73,653109.42,
2020-10-14,274982.54,,636513.23,633378.0,
2020-10-15,284024.93,,661986.0,648292.73,
2020-10-16,284836.5,,627789.6,631916.78,
2020-10-17,282528.0,,661572.75,646740.06,
2020-10-18,285616.53,,637814.76,621316.02,
2020-10-19,292096.26,,631993.97,652208.97,
2020-10-20,283009.95,,605873.4,611166.32,
2020-10-21,269753.0,,603154.61,634492.58,
2020-10-22,272711.84,,626995.01,644094.02,
2020-10-23,274240.89,,660987.12,642057.96,
2020-10-24,273577.5,,670654.8,661845.35,
2020-10-25,268535.25,,623432.91,617286.17,
2020-10-26,260354.25,,600736.68,641748.08,
2020-10-27,258949.8,,616210.59,620577.69,
2020-10-28,257495.45,,604615.35,594741.87,
2020-10-29,268479.0,,565704.75,620419.65,
2020-10-30,281549.79,,619937.4,609530.78,
2020-10-31,283885.6,,657453.17,632143.19,
2020-11-01,276068.25,,632644.58,607710.38,
2020-11-02,264201.75,,645414.3,639861.92,
2020-11-03,267732.18,,677692.44,647018.36,
2020-11-04,282610.98,,788162.91,704924.78,
2020-11-05,309293.55,,1049076.08,869134.08,
2020-11-06,340036.65,,902518.74,758144.75,
2020-11-07,375848.01,,903710.28,768038.7,
2020-11-08,372629.34,,897326.19,753486.62,
2020-11-09,342791.33,,879723.75,727965.08,
2020-11-10,321732.68,,895420.34,726909.83,
2020-11-11,321392.7,,839927.39,708638.54,
2020-11-12,335274.12,,822863.75,687269.7,
2020-11-13,343257.75,,829677.0,717499.16,
2020-11-14,353448.54,,839147.85,694289.34,
2020-11-15,360140.85,,825545.01,738935.34,
2020-11-16,355632.21,,871583.69,766292.37,
2020-11-17,363546.81,,908147.33,749731.38,
2020-11-18,376731.0,,808981.4,708249.09,
2020-11-19,385661.25,,711926.82,662300.63,
2020-11-20,387419.63,,794574.9,663909.66,
2020-11-21,384012.86,,923617.23,752097.57,
2020-11-22,373948.11,,905687.81,779208.92,
2020-11-23,380740.5,,886319.33,740157.96,
2020-11-24,391801.46,,833471.6,711153.3,
2020-11-25,396241.64,,851418.92,717093.95,
2020-11-26,405546.75,,956378.21,817117.34,
2020-11-27,397371.38,,998718.99,842414.34,
2020-11-28,413907.75,,925971.09,778334.61,
2020-11-29,419526.09,,922496.22,771534.84,
2020-11-30,431216.55,,852730.56,766576.59,
2020-12-01,440780.4,,803609.01,741888.59,
2020-12-02,428185.04,,777045.74,705652.13,
2020-12-03,407659.28,,803182.86,691061.01,
2020-12-04,400480.88,,810654.24,723438.95,
2020-12-05,393255.0,,842768.78,727216.61,
2020-12-06,384291.18,,759795.42,715838.79,
2020-12-07,376395.84,,803611.83,700721.58,
2020-12-08,369456.44,,774924.63,668215.79,
2020-12-09,376719.39,,811585.44,737097.44,
2020-12-10,377419.5,,842393.46,753196.74,
2020-12-11,371240.37,,803970.6,734052.0,
2020-12-12,369524.97,,817295.87,714278.51,
2020-12-13,364338.0,,787405.91,663337.25,
2020-12-14,360288.0,,793226.27,608568.33,
2020-12-15,358627.5,,868894.56,714533.01,
2020-12-16,363629.25,,1135958.31,1131329.43,
2020-12-17,375819.75,,1980344.88,1646676.11,
2020-12-18,378725.63,,1479969.25,1246041.75,
2020-12-19,414186.08,,1182531.09,1039650.06,
2020-12-20,481007.7,,1176777.5,1081829.76,
2020-12-21,540356.22,,1094906.27,1032299.27,
2020-12-22,572904.77,,1035891.93,992457.11,
2020-12-23,518805.36,,989717.04,920524.41,
2020-12-24,428959.04,,1025320.1,968228.73,
2020-12-25,391671.81,,977704.91,946024.95,
2020-12-26,382835.16,,930039.66,862638.81,
2020-12-27,381084.75,,924025.11,860448.93,
2020-12-28,375718.5,,898853.6,842963.66,
2020-12-29,365836.5,,920725.97,871569.9,
2020-12-30,360288.0,,856169.06,835104.8,
2020-12-31,360467.28,,874952.94,858576.72,
2021-01-01,363421.76,,834516.0,785270.67,
2021-01-02,357519.65,,848415.6,823391.48,
2021-01-03,345469.05,,788868.33,818678.01,
2021-01-04,352752.17,,818202.9,822189.17,
2021-01-05,353509.11,,806638.14,830606.88,
2021-01-06,346453.92,,721599.59,790474.56,
2021-01-07,348239.25,,741515.0,779401.35,
2021-01-08,358925.58,,809658.33,765238.64,
2021-01-09,363144.96,,834459.84,814591.92,
2021-01-10,359401.05,,730393.16,711373.31,
2021-01-11,347792.22,,786125.43,739088.01,
2021-01-12,324751.05,,756507.24,718318.08,
2021-01-13,318957.75,,852303.69,693723.27,
2021-01-14,326065.5,,907240.14,697736.37,
2021-01-15,324283.5,,1027283.48,933050.97,
2021-01-16,340463.25,,976178.06,840401.67,
2021-01-17,369227.7,,1973841.6,2431475.55,
2021-01-18,389944.53,,2898783.24,4253054.4,
2021-01-19,400605.75,,3823724.88,3734333.84,
2021-01-20,436104.0,,3865627.29,4429224.59,
2021-01-21,479129.85,,3907529.7,2559176.37,
2021-01-22,537899.72,,2649458.06,1916001.15,
2021-01-23,591099.66,,2248766.46,1677055.65,
2021-01-24,593997.21,,1988463.57,1594087.71,
2021-01-25,572696.82,,1823796.98,1518246.72,
2021-01-26,503000.78,,1714333.23,1432708.34,
2021-01-27,440643.38,,1585856.9,1352204.03,
2021-01-28,414229.55,,1643328.98,1474907.4,
2021-01-29,417095.96,,1995355.52,1928565.55,
2021-01-30,422251.47,,2307565.92,1939937.28,
2021-01-31,426067.29,,2265522.9,1947209.94,
2021-02-01,437514.21,,2253140.82,1814077.01,
2021-02-02,443677.5,,2016634.11,1660801.68,
2021-02-03,452333.43,,1944917.85,1663425.35,
2021-02-04,459419.04,,1866577.23,1603258.64,
2021-02-05,473344.38,,1781614.65,1593922.38,
2021-02-06,496688.63,,1740600.6,1516892.25,
2021-02-07,496481.18,,1675299.06,1466505.44,
2021-02-08,472551.62,,1621253.7,1432496.61,
2021-02-09,447078.33,,1569675.2,1375650.69,
2021-02-10,423879.26,,1566320.07,1384662.66,
2021-02-11,414608.4,,1503018.21,1390102.23,
2021-02-12,421060.05,,1454670.33,1433256.78,
2021-02-13,423850.95,,1454979.42,1424456.28,
2021-02-14,421896.6,,1450132.2,1361407.29,
2021-02-15,419074.79,,1423943.94,1369493.63,
2021-02-16,416311.74,,1415680.8,1365706.89,
2021-02-17,412857.0,,2321851.22,2123596.05,
2021-02-18,443475.0,,4151185.41,2367714.21,
2021-02-19,495623.25,,3377294.16,2916523.31,
2021-02-20,678769.65,,4021013.39,2672480.77,
2021-02-21,700621.2,,2832598.49,2038926.24,
2021-02-22,732985.2,,2425976.7,1885667.49,
2021-02-23,772399.13,,2363445.98,1939588.41,
2021-02-24,839412.8,,2268044.87,2027523.62,
2021-02-25,942017.76,,2164053.81,1949246.06,
2021-02-26,1109850.39,,2007710.48,1860739.71,
2021-02-27,1251714.83,,1986900.27,1815894.62,
2021-02-28,1155311.37,,1917294.72,1797658.68,
2021-03-01,882604.31,,1912008.54,1845073.28,
2021-03-02,678622.32,,1864121.58,1754100.83,
2021-03-03,583760.7,,1812388.5,1716183.75,
2021-03-04,545032.17,,1799100.78,1705902.57,
2021-03-05,521156.43,,1746269.7,1647423.06,
2021-03-06,525676.86,,1722257.7,1589609.76,
2021-03-07,533430.0,,1666524.45,1585968.78,
2021-03-08,526819.5,,1649302.98,1588936.74,
2021-03-09,513174.83,,1620361.97,1508580.62,
2021-03-10,489216.83,,1559552.43,1448498.7,
2021-03-11,476054.1,,1594483.2,1480757.97,
2021-03-12,477758.79,,1598228.21,1585718.88,
2021-03-13,474456.92,,1577661.63,1520741.94,
2021-03-14,473040.0,,1568685.0,1508682.53,
2021-03-15,474052.5,,1495073.49,1439015.43,
2021-03-16,471136.5,,1468929.15,1447337.61,
2021-03-17,450171.0,,1366984.76,1477954.5,
2021-03-18,432122.4,,1391438.72,1473993.39,
2021-03-19,433167.3,,1388315.52,1388569.16,
2021-03-20,434828.25,,1416348.3,1416683.58,
2021-03-21,431231.94,,1378960.28,1380852.72,
2021-03-22,419085.0,,1381558.55,1328816.63,
2021-03-23,412625.43,,1400377.85,1392732.68,
2021-03-24,409828.77,,1419947.91,1534024.44,
2021-03-25,414199.98,,1783828.71,1897492.7,
2021-03-26,396954.27,,1615908.75,1686883.89,
2021-03-27,396778.5,,1672221.71,1705746.38,
2021-03-28,392364.0,,1550076.53,1575612.41,
2021-03-29,390827.61,,1497856.35,1529350.77,
2021-03-30,389587.1,,1467284.45,1479268.74,
2021-03-31,382279.5,,1417735.74,1458254.07,
2021-04-01,379727.24,,1364845.98,1468335.0,
2021-04-02,374322.38,,1503934.05,1618584.06,
2021-04-03,374503.5,,1582259.82,1582434.06,
2021-04-04,377581.5,,1498522.55,1433406.38,
2021-04-05,374847.75,,1452677.15,1335039.06,
2021-04-06,373612.5,,1446705.71,1264578.47,
2021-04-07,373547.16,,1317957.66,1300409.67,
2021-04-08,360194.27,,1363078.58,1323758.7,
2021-04-09,352489.59,,1273768.68,1274435.66,
2021-04-10,355881.24,,1367989.02,1408875.39,
2021-04-11,339813.09,,1438381.31,1394795.75,
2021-04-12,329744.25,,1365015.12,1331440.67,
2021-04-13,332474.94,,1240513.92,1258352.16,
2021-04-14,340796.97,,1215467.22,1265901.18,
2021-04-15,330936.17,,1218910.86,1222091.82,
2021-04-16,321680.88,,1201874.16,1236845.31,
2021-04-17,318477.96,,1144909.85,1238149.68,
2021-04-18,311074.2,,1192648.94,1189767.38,
2021-04-19,303385.5,,1040158.46,1100756.42,
2021-04-20,304600.5,,1053846.5,1110164.55,
2021-04-21,305856.0,,1049764.61,1186015.8,
2021-04-22,299539.17,,1074473.37,1165908.41,
2021-04-23,280339.92,,1091480.16,1143252.36,
2021-04-24,270479.25,,1057227.78,1089240.65,
2021-04-25,272848.5,,1087165.5,1057306.8,
2021-04-26,274205.25,,1016410.74,1048193.4,
2021-04-27,274752.0,,1015516.86,1052560.64,
2021-04-28,274752.0,,1056186.98,1148037.77,
2021-04-29,274752.0,,998306.34,1125582.59,
2021-04-30,274752.0,,965085.68,1105874.36,
2021-05-01,274752.0,,957858.0,1118619.95,
2021-05-02,274752.0,,980339.48,1089601.22,
2021-05-03,275154.17,,917123.52,1055682.72,
2021-05-04,270096.93,,905459.34,1043028.87,
2021-05-05,268147.13,,881160.72,1027876.02,
2021-05-06,252698.63,,889041.6,1026191.22,
2021-05-07,244821.3,,846245.25,1010722.2,
2021-05-08,240756.75,,874659.05,1016516.64,
2021-05-09,238032.0,,910883.99,995563.83,
2021-05-10,238399.56,,853041.3,955874.45,
2021-05-11,241129.89,,840453.93,957003.53,
2021-05-12,233572.37,,827834.93,967134.18,
2021-05-13,228599.37,,779056.46,904867.44,
2021-05-14,234390.38,,765644.91,980175.92,
2021-05-15,240400.62,,867530.4,1002316.4,
2021-05-16,244659.6,,857727.63,966690.84,
2021-05-17,230541.71,,837870.75,925897.41,
2021-05-18,220146.3,,829319.55,967230.0,
2021-05-19,211907.79,,817596.68,910433.37,
2021-05-20,213966.0,,788049.54,881888.79,
2021-05-21,221730.75,,791046.21,908412.45,
2021-05-22,221478.75,,781179.6,908733.0,
2021-05-23,217305.0,,841994.79,945252.0,
2021-05-24,220164.12,,765093.53,848196.0,
2021-05-25,212681.52,,744914.63,874604.58,
2021-05-26,209379.6,,720280.35,853004.34,
2021-05-27,203461.65,,701488.91,823356.71,
2021-05-28,204281.55,,696124.52,887237.46,
2021-05-29,199416.15,,729673.8,860489.33,
2021-05-30,190222.74,,742487.45,859742.12,
2021-05-31,183287.84,,625481.61,787145.72,
2021-06-01,191914.65,,630168.69,810322.71,
2021-06-02,179054.78,,630571.37,813710.58,
2021-06-03,179424.0,,651362.4,804661.94,
2021-06-04,181440.0,,606704.64,834976.5,
2021-06-05,177184.08,,627478.91,790210.92,
2021-06-06,173222.28,,724741.98,874035.68,
2021-06-07,182984.72,,629018.55,799899.78,
2021-06-08,190747.67,,583908.15,805333.14,
2021-06-09,184590.99,,575347.47,902981.4,
2021-06-10,176580.0,,543545.91,878611.19,
2021-06-11,174257.33,,579026.6,1023654.23,
2021-06-12,171770.49,,618725.63,1126455.72,
2021-06-13,159232.01,,641418.98,976499.94,
2021-06-14,153792.0,,590317.17,1056877.58,
2021-06-15,150786.0,,556870.88,659326.83,
2021-06-16,147793.14,,563097.9,508307.34,
2021-06-17,156695.22,,511221.66,643348.5,
2021-06-18,157050.0,,552575.21,656787.09,
2021-06-19,160641.72,,606490.25,664420.37,
2021-06-20,147823.83,,622713.08,749877.68,
2021-06-21,149616.0,,566956.92,752260.5,
2021-06-22,151683.53,,511521.66,833361.0,
2021-06-23,146362.46,,482773.05,814993.92,
2021-06-24,153631.35,,497838.33,780646.2,
2021-06-25,141044.18,,497249.24,729778.11,
2021-06-26,140652.0,,545708.09,733920.26,
2021-06-27,141367.05,,579886.55,731161.8,
2021-06-28,129944.07,,501777.38,724861.5,
2021-06-29,125048.25,,495664.56,719271.51,
2021-06-30,125413.92,,474301.4,747673.13,
2021-07-01,120124.44,,427765.74,1038741.9,
2021-07-02,116098.2,,444207.12,1168293.06,
2021-07-03,111383.37,,473034.36,1138648.16,
2021-07-04,117811.98,,489550.47,1160254.55,
2021-07-05,113014.94,,453059.03,1133063.85,
2021-07-06,120103.38,,458640.83,1098495.6,
2021-07-07,123444.0,,469700.34,1112832.23,
2021-07-08,125458.2,,412811.58,1059660.14,
2021-07-09,132249.51,,458085.75,1015400.7,
2021-07-10,123514.2,,475055.82,990105.11,
2021-07-11,125458.81,,531927.0,958767.63,
2021-07-12,127403.42,,432760.8,939557.1,
2021-07-13,121293.45,,455423.19,897331.46,
2021-07-14,124428.6,,434123.48,839585.82,
2021-07-15,126194.4,,452880.36,879153.95,
2021-07-16,124026.98,,430623.33,906448.88,
2021-07-17,129046.95,,491701.01,943404.84,
2021-07-18,121361.22,,491409.51,898452.93,
2021-07-19,115128.36,,432493.85,944000.03,
2021-07-20,110663.82,,453397.11,987877.98,
2021-07-21,106235.91,,442637.81,984919.91,
2021-07-22,112789.04,,455336.58,967183.43,
2021-07-23,117011.12,,512102.81,982152.95,
2021-07-24,103868.37,,529233.69,1021649.58,
2021-07-25,112857.39,,487824.29,1018937.52,
2021-07-26,120826.31,,462487.02,1009758.83,
2021-07-27,118843.83,,469774.29,897100.14,
2021-07-28,125717.94,,481754.13,925135.74,
2021-07-29,133211.88,,457976.4,972822.83,
2021-07-30,136812.78,,478181.79,966917.9,
2021-07-31,123302.61,,505636.59,1001751.68,
2021-08-01,125495.6,,500146.62,984102.36,
2021-08-02,112303.8,,491384.61,1017232.98,
2021-08-03,112122.0,,421274.94,1061283.3,
2021-08-04,116676.0,,423918.36,1105975.2,
2021-08-05,110828.25,,478734.83,1074046.08,
2021-08-06,112145.49,,459651.86,1063792.2,
2021-08-07,130248.32,,472932.71,1074256.05,
2021-08-08,127380.38,,496254.66,1120420.95,
2021-08-09,122901.3,,448474.74,1140211.05,
2021-08-10,123192.0,,422156.0,1083523.05,
2021-08-11,127080.0,,483464.52,1075639.98,
2021-08-12,131120.28,,476469.69,1102031.69,
2021-08-13,125254.49,,469776.59,1132031.01,
2021-08-14,114552.0,,484636.61,1113327.42,
2021-08-15,116934.53,,508379.49,1098512.85,
2021-08-16,111467.7,,493482.57,1116979.47,
2021-08-17,109230.84,,478964.7,1147865.0,
2021-08-18,113846.9,,474723.72,1103395.61,
2021-08-19,109311.08,,455670.57,1114854.27,
2021-08-20,102720.96,,468524.64,1082624.24,
2021-08-21,118822.95,,489197.16,1067442.32,
2021-08-22,116604.0,,510186.23,1037314.25,
2021-08-23,112014.0,,480850.97,1076267.22,
2021-08-24,111132.0,,487211.46,1028528.1,
2021-08-25,113742.0,,465741.21,1126940.1,
2021-08-26,128236.68,,466225.68,1095444.6,
2021-08-27,124466.93,,461773.38,1050867.33,
2021-08-28,115721.82,,442280.94,1016044.49,
2021-08-29,123897.74,,493973.55,1064598.69,
2021-08-30,143560.49,,463406.01,1084688.34,
2021-08-31,153990.77,,485042.52,1007091.27,
2021-09-01,167882.19,,470544.15,944569.44,
2021-09-02,166212.0,,479864.72,923587.07,
2021-09-03,168173.82,,440787.08,892187.69,
2021-09-04,181710.0,,472627.05,901710.69,
2021-09-05,186623.19,,486989.37,968670.84,
2021-09-06,180837.14,,433677.24,842377.38,
2021-09-07,176464.58,,408710.93,923055.38,
2021-09-08,175207.05,,503873.63,1054043.1,
2021-09-09,177331.46,,476555.82,800931.0,
2021-09-10,177192.0,,413175.09,750410.52,
2021-09-11,179105.22,,465331.65,744646.29,
2021-09-12,187156.8,,500160.24,778182.71,
2021-09-13,185005.98,,489171.83,718133.52,
2021-09-14,180241.48,,463023.15,767934.06,
2021-09-15,190144.34,,489614.49,769635.66,
2021-09-16,179700.26,,506716.38,795380.39,
2021-09-17,178325.51,,500413.5,780642.08,
2021-09-18,173916.86,,474510.21,735612.0,
2021-09-19,183096.0,,478323.09,795527.39,
2021-09-20,181170.0,,481303.37,775153.13,
2021-09-21,175248.0,,482488.88,770481.78,
2021-09-22,176376.69,,485160.78,718744.05,
2021-09-23,183489.89,,466098.03,684694.07,
2021-09-24,188720.6,,470709.81,767006.27,
2021-09-25,191466.0,,479270.09,759962.7,
2021-09-26,185842.35,,486728.39,772430.97,
2021-09-27,189799.83,,498769.35,738325.74,
2021-09-28,193203.59,,486271.1,705399.06,
2021-09-29,199010.16,,492550.8,753902.4,
2021-09-30,191920.5,,490632.0,744003.9,
2021-10-01,196327.22,,498941.04,755980.5,
2021-10-02,203772.56,,506067.92,728930.12,
2021-10-03,196694.91,,508134.53,750695.34,
2021-10-04,191351.52,,480473.22,733445.7,
2021-10-05,196056.0,,479963.03,681174.57,
2021-10-06,198225.0,,483558.51,750063.12,
2021-10-07,191404.94,,474416.56,695597.22,
2021-10-08,194744.88,,480523.5,694192.16,
2021-10-09,187949.7,,477392.15,683415.12,
2021-10-10,186158.88,,478167.3,662309.0,
2021-10-11,183626.1,,470157.83,691919.42,
2021-10-12,208021.5,,473963.63,708476.57,
2021-10-13,224143.88,,510476.73,732245.34,
2021-10-14,204591.38,,491952.06,721743.3,
2021-10-15,202373.1,,491436.69,749962.73,
2021-10-16,200953.85,,487533.51,750086.73,
2021-10-17,212677.65,,470844.29,666149.88,
2021-10-18,218549.25,,478502.36,764962.35,
2021-10-19,215285.81,,482495.1,785957.9,
2021-10-20,227036.88,,481406.37,726381.35,
2021-10-21,226807.29,,462757.26,721594.38,
2021-10-22,233858.25,,466422.89,728624.54,
2021-10-23,250884.0,,484664.3,752334.12,
2021-10-24,253152.0,,485717.1,788395.82,
2021-10-25,250435.89,,480319.85,800886.08,
2021-10-26,240354.5,,479302.79,831708.36,
2021-10-27,245686.5,,476574.21,812875.2,
2021-10-28,253927.58,,499968.71,730166.4,
2021-10-29,261927.54,,481925.04,730166.4,
2021-10-30,269591.54,,501593.48,730166.4,
2021-10-31,272257.16,,513063.38,730166.4,
2021-11-01,263218.68,,535430.88,730166.4,
2021-11-02,261454.01,,605748.62,730166.4,
2021-11-03,265391.96,,539855.21,730166.4,
2021-11-04,251803.98,,499727.17,730166.4,
2021-11-05,250845.57,,491449.73,730166.4,
2021-11-06,242014.86,,508767.21,730166.4,
2021-11-07,236378.25,,483325.11,730166.4,
2021-11-08,236740.5,,472976.73,730166.4,
2021-11-09,235890.0,,473001.74,730166.4,
2021-11-10,234201.83,,432318.48,730166.4,
2021-11-11,240822.45,,441486.53,730166.4,
2021-11-12,246600.0,,441332.52,730166.4,
2021-11-13,254853.0,,436046.45,730166.4,
2021-11-14,255861.0,,462450.57,730166.4,
2021-11-15,261090.0,,478611.36,730166.4,
2021-11-16,263857.5,,450044.67,730166.4,
2021-11-17,277149.96,,463821.39,730166.4,
2021-11-18,279826.11,,472728.0,730166.4,
2021-11-19,280650.87,,503267.1,730166.4,
2021-11-20,291592.89,,682848.57,730166.4,
2021-11-21,308691.81,,666283.05,730166.4,
2021-11-22,335664.0,,575531.0,730166.4,
2021-11-23,353889.0,,581704.8,730166.4,
2021-11-24,356521.5,,589148.42,730166.4,
2021-11-25,368064.0,,520918.2,730166.4,
2021-11-26,375151.5,,494571.84,730166.4,
2021-11-27,375840.0,,569604.72,730166.4,
2021-11-28,376589.25,,557456.24,730166.4,
2021-11-29,367294.5,,480570.14,730166.4,
2021-11-30,357007.5,,501600.24,730166.4,
2021-12-01,354581.15,,551102.01,728878.35,
2021-12-02,361463.31,,557256.86,595160.58,
2021-12-03,373871.03,,584577.84,619034.45,
2021-12-04,377237.25,,543424.04,563862.36,
2021-12-05,374463.0,,563803.77,561857.57,
2021-12-06,367598.25,,560672.4,530218.58,
2021-12-07,366363.0,,563832.08,524436.38,
2021-12-08,374159.25,,562156.26,526295.31,
2021-12-09,366423.75,,670201.41,609782.73,
2021-12-10,352188.0,,664914.24,582011.09,
2021-12-11,355104.0,,602831.06,526750.43,
2021-12-12,363933.0,,584933.85,548590.49,
2021-12-13,363082.5,,603489.68,498075.98,
2021-12-14,347861.25,,728082.87,546700.41,
2021-12-15,344101.5,,618079.86,534788.73,
2021-12-16,344736.0,,621420.68,543385.86,
2021-12-17,349460.01,,679299.08,547443.47,
2021-12-18,344015.1,,757980.93,627079.95,
2021-12-19,326984.45,,826410.45,697944.57,
2021-12-20,325717.61,,874814.13,746126.65,
2021-12-21,359947.53,,1393250.57,1185386.54,
2021-12-22,384358.95,,1138203.45,993078.03,
2021-12-23,396476.55,,1075530.21,981668.73,
2021-12-24,423513.27,,1143158.52,1038554.7,
2021-12-25,451113.12,,1042610.73,912142.22,
2021-12-26,466961.27,,982495.13,882669.14,
2021-12-27,456264.0,,911323.38,820805.01,
2021-12-28,422816.36,,927465.45,808510.71,
2021-12-29,397495.26,,912133.34,732771.36,
2021-12-30,379125.72,,874998.23,735778.71,
2021-12-31,374483.25,,889236.23,750033.0,
2022-01-01,369685.53,,786947.12,646638.6,
2022-01-02,363140.87,,850943.28,736604.19,
2022-01-03,360892.04,,857555.69,728504.88,
2022-01-04,374902.07,,845108.33,680792.44,
2022-01-05,385995.78,,835053.84,728023.32,
2022-01-06,384648.75,,843387.42,717624.38,
2022-01-07,370806.66,,869493.21,722317.95,
2022-01-08,360542.75,,777796.83,660913.28,
2022-01-09,358506.0,,844342.92,748862.43,
2022-01-10,353314.78,,803750.85,683367.18,
2022-01-11,348123.56,,763304.51,670395.68,
2022-01-12,344912.09,,756867.0,616421.97,
2022-01-13,351116.73,,790872.12,706481.52,
2022-01-14,344290.5,,1320776.07,1182019.89,
2022-01-15,344452.5,,1231250.52,926606.46,
2022-01-16,497090.97,,1310427.0,1006132.8,
2022-01-17,727401.6,,1166208.3,980026.8,
2022-01-18,531737.1,,1076869.35,926396.55,
2022-01-19,487834.13,,1719533.15,1795188.45,
2022-01-20,456652.89,,2060617.37,1417034.23,
2022-01-21,438487.29,,1395180.6,1135617.63,
2022-01-22,419323.1,,1189014.39,994967.75,
2022-01-23,405567.0,,1208933.57,1117053.12,
2022-01-24,403915.95,,1610332.8,1333068.29,
2022-01-25,412928.28,,1553438.1,1207725.24,
2022-01-26,413800.11,,2026975.07,2524189.59,
2022-01-27,1105608.87,,3090104.41,3987696.96,
2022-01-28,1275947.69,,4153233.75,2860818.47,
2022-01-29,1060948.49,,4164649.67,3152222.19,
2022-01-30,742167.9,,3146153.75,2117856.47,
2022-01-31,641912.4,,2419057.19,1845788.66,
2022-02-01,619401.65,,2259393.32,1796483.7,
2022-02-02,603557.6,,2098465.24,1645514.6,
2022-02-03,598101.75,,2029136.52,1605355.14,
2022-02-04,584763.75,,2407453.32,2446787.94,
2022-02-05,577528.2,,4429999.86,3424413.47,
2022-02-06,594734.4,,3242831.31,2334183.2,
2022-02-07,531938.25,,3152972.6,2624668.88,
2022-02-08,519419.25,,3116622.99,2376188.7,
2022-02-09,545451.75,,2752946.9,2183489.91,
2022-02-10,567652.5,,3623288.78,3955903.11,
2022-02-11,585465.75,,4176986.72,3043687.16,
2022-02-12,541415.25,,3047010.48,2393597.1,
2022-02-13,561802.5,,2697643.64,2166902.82,
2022-02-14,578346.57,,2478643.01,1991777.97,
2022-02-15,580090.41,,2306521.28,1869970.1,
2022-02-16,583022.43,,2219655.39,1791720.15,
2022-02-17,595663.38,,2115215.58,1757632.26,
2022-02-18,585834.84,,2079125.42,1717047.24,
2022-02-19,572958.0,,2006887.31,1670214.6,
2022-02-20,559208.97,,1948817.25,1636516.55,
2022-02-21,519877.44,,1884702.32,1587853.08,
2022-02-22,508606.29,,1877321.49,1576270.67,
2022-02-23,516425.85,,1863085.56,1551319.86,
2022-02-24,521674.47,,1753282.47,1517969.27,
2022-02-25,506955.6,,1980700.82,2060535.72,
2022-02-26,504084.69,,4620731.69,5035318.91,
2022-02-27,503446.95,,3924957.87,2983643.58,
2022-02-28,488772.18,,2993893.5,2523415.2,
2022-03-01,492990.3,,2716255.77,2282535.54,
2022-03-02,511564.73,,2624673.6,2186525.48,
2022-03-03,493479.9,,2551868.49,2115761.03,
2022-03-04,482815.13,,2689824.2,2303188.65,
2022-03-05,473546.25,,2523950.27,2116790.15,
2022-03-06,475328.25,,2391318.29,2062458.45,
2022-03-07,471906.0,,2367677.25,2008354.58,
2022-03-08,463320.0,,2300902.95,1937021.58,
2022-03-09,460080.0,,2392394.93,1971882.0,
2022-03-10,458980.16,,2442662.67,2266141.78,
2022-03-11,456506.91,,4054117.55,4257187.28,
2022-03-12,462386.25,,4272123.09,3638002.5,
2022-03-13,472351.41,,3851663.57,3492182.97,
2022-03-14,504341.73,,3759168.72,3186542.3,
2022-03-15,517136.63,,3334240.2,2856449.09,
2022-03-16,512541.23,,3137482.02,2679262.74,
2022-03-17,498071.52,,2903368.1,2463043.68,
2022-03-18,486040.5,,2893354.7,2577928.77,
2022-03-19,471764.25,,2835954.63,2445479.61,
2022-03-20,459411.75,,2665544.33,2352220.98,
2022-03-21,448554.51,,2548122.86,2216938.97,
2022-03-22,444944.25,,2476170.24,2178884.48,
2022-03-23,452498.63,,2417426.09,2140124.96,
2022-03-24,450522.0,,2986117.62,2599635.84,
2022-03-25,464937.75,,4520281.86,3833511.37,
2022-03-26,487867.5,,4378889.94,3034708.35,
2022-03-27,508701.78,,3421929.99,2708169.32,
2022-03-28,556284.06,,3138887.48,2544755.27,
2022-03-29,567594.0,,2952276.96,2421299.91,
2022-03-30,579732.75,,2830877.82,2371743.54,
2022-03-31,585315.86,,2741152.97,2282012.7,
2022-04-01,541849.95,,2635707.06,2205540.9,
2022-04-02,475547.63,,2564373.29,2196784.8,
2022-04-03,456287.85,,2528346.0,2182565.25,
2022-04-04,439794.18,,2433805.47,2117935.44,
2022-04-05,437279.76,,2280896.55,1998893.93,
2022-04-06,434970.0,,2230112.31,2003740.53,
2022-04-07,412212.06,,2183541.45,1960281.72,
2022-04-08,395621.1,,2202326.09,1962560.24,
2022-04-09,391047.75,,2191224.48,1915023.0,
2022-04-10,381116.07,,2149954.8,1902681.98,
2022-04-11,367000.47,,2006149.34,1789367.46,
2022-04-12,371610.09,,1913976.66,1766844.14,
2022-04-13,378632.61,,1896696.93,1750663.23,
2022-04-14,371628.0,,1832576.52,1645077.09,
2022-04-15,368064.0,,1792729.5,1685617.47,
2022-04-16,365613.75,,1851960.35,1670652.36,
2022-04-17,360774.0,,1720861.55,1542231.83,
2022-04-18,354574.26,,1645599.84,1518226.64,
2022-04-19,340388.51,,1622617.08,1487919.0,
2022-04-20,342587.07,,1557929.34,1521837.3,
2022-04-21,338721.75,,1498411.16,1494578.4,
2022-04-22,327057.75,,1561968.0,1473529.32,
2022-04-23,321408.0,,1526841.48,1410665.33,
2022-04-24,321408.0,,1489329.81,1433008.95,
2022-04-25,318532.5,,1380530.22,1342096.65,
2022-04-26,320542.11,,1324995.81,1354281.47,
2022-04-27,323407.89,,1368870.6,1367365.8,
2022-04-28,314158.5,,1333628.22,1372599.21,
2022-04-29,315874.89,,1275501.81,1324151.4,
2022-04-30,308471.27,,1311951.36,1333672.59,
2022-05-01,287936.55,,1318878.81,1327027.8,
2022-05-02,282366.0,,1281853.88,1311694.08,
2022-05-03,288465.3,,1251185.09,1284226.08,
2022-05-04,292446.45,,1251238.26,1296991.34,
2022-05-05,287226.0,,1264267.38,1276739.81,
2022-05-06,282604.23,,1361088.63,1349660.25,
2022-05-07,285066.09,,1336395.85,1315023.72,
2022-05-08,279589.32,,1261249.34,1272599.0,
2022-05-09,268980.75,,1170825.9,1245383.58,
2022-05-10,277492.5,,1154609.03,1217301.08,
2022-05-11,276608.25,,1160817.6,1225070.51,
2022-05-12,267949.22,,1148749.17,1172453.39,
2022-05-13,266043.2,,1166990.82,1193806.64,
2022-05-14,257093.28,,1180756.07,1196346.14,
2022-05-15,245679.3,,1282264.23,1172787.54,
2022-05-16,241197.3,,1160157.8,1121790.9,
2022-05-17,238336.92,,962948.57,1131446.85,
2022-05-18,241246.13,,1134258.24,1132520.9,
2022-05-19,243281.84,,1107354.89,1139562.29,
2022-05-20,240746.63,,1067166.38,1121794.37,
2022-05-21,228091.82,,1063866.81,1126585.2,
2022-05-22,221730.75,,1034094.39,1109223.51,
2022-05-23,209808.0,,959525.67,1090004.85,
2022-05-24,210536.28,,965394.45,1110320.19,
2022-05-25,213552.54,,961666.71,1105906.77,
2022-05-26,211235.67,,951347.13,1076067.5,
2022-05-27,212897.21,,922667.94,1044773.37,
2022-05-28,210316.73,,961330.82,1090260.68,
2022-05-29,204593.72,,970141.5,1052766.0,
2022-05-30,200184.75,,863370.38,1029649.5,
2022-05-31,203875.47,,840040.88,1008513.0,
2022-06-01,202983.84,,842253.36,997443.0,
2022-06-02,201796.02,,867607.46,1051620.9,
2022-06-03,217361.16,,909018.83,1039259.4,
2022-06-04,192831.39,,855803.93,1011903.9,
2022-06-05,181386.0,,919089.93,1037926.5,
2022-06-06,175681.58,,860040.0,965653.5,
2022-06-07,182409.03,,811599.53,1007653.74,
2022-06-08,193455.45,,841462.97,962845.98,
2022-06-09,185302.13,,786513.84,950272.65,
2022-06-10,179610.93,,786494.76,940850.48,
2022-06-11,165885.8,,799932.26,956518.88,
2022-06-12,167755.01,,800290.22,955414.8,
2022-06-13,160560.0,,783294.66,952591.13,
2022-06-14,160088.72,,758316.27,926362.95,
2022-06-15,167115.24,,770997.83,911707.95,
2022-06-16,163177.07,,747462.96,908159.52,
2022-06-17,164280.38,,722857.26,925903.83,
2022-06-18,161567.1,,751948.32,968887.34,
2022-06-19,160570.04,,771927.35,921703.92,
2022-06-20,155368.17,,745053.48,908601.87,
2022-06-21,160991.82,,727693.05,907813.5,
2022-06-22,160665.26,,711726.75,886117.13,
2022-06-23,160154.15,,747383.22,849183.27,
2022-06-24,160122.11,,704633.73,889892.04,
2022-06-25,159138.0,,715817.39,920858.94,
2022-06-26,158939.06,,722864.66,900260.34,
2022-06-27,147186.99,,665110.13,855378.78,
2022-06-28,150552.0,,644113.08,866043.66,
2022-06-29,152548.16,,664470.32,827139.0,
2022-06-30,146735.19,,635032.58,836572.5,
2022-07-01,143409.24,,600845.54,841962.3,
2022-07-02,139684.14,,624404.55,860468.42,
2022-07-03,134675.78,,662080.5,831867.35,
2022-07-04,123151.95,,595004.24,816572.12,
2022-07-05,133633.8,,650057.28,832666.61,
2022-07-06,133216.2,,616203.96,826139.4,
2022-07-07,128286.0,,603727.08,855723.0,
2022-07-08,124686.0,,588339.78,794109.3,
2022-07-09,118116.0,,631075.19,857254.04,
2022-07-10,119232.0,,654848.19,821504.06,
2022-07-11,110629.71,,585027.93,771751.79,
2022-07-12,105233.4,,553366.28,759131.66,
2022-07-13,123030.68,,648417.74,824292.96,
2022-07-14,123166.13,,582790.5,795375.63,
2022-07-15,121122.5,,607369.04,781079.34,
2022-07-16,121589.15,,658506.21,859272.81,
2022-07-17,116352.0,,631849.88,806684.73,
2022-07-18,109512.0,,607371.17,786344.42,
2022-07-19,113062.23,,588090.41,780555.96,
2022-07-20,117949.73,,580678.97,780973.5,
2022-07-21,120420.0,,584483.58,763443.0,
2022-07-22,121392.0,,583511.94,807544.14,
2022-07-23,130410.0,,617190.29,831251.73,
2022-07-24,123800.13,,597457.13,821209.07,
2022-07-25,106690.91,,560342.88,755129.88,
2022-07-26,103156.92,,562441.08,771596.36,
2022-07-27,111240.0,,524648.25,757236.74,
2022-07-28,114318.0,,594647.49,751726.5,
2022-07-29,113172.03,,574503.18,804300.63,
2022-07-30,111072.06,,636526.62,810596.91,
2022-07-31,111726.0,,622661.52,752642.01,
2022-08-01,115264.17,,563450.31,782250.32,
2022-08-02,113426.37,,560267.96,754575.0,
2022-08-03,120564.0,,563877.6,764537.55,
2022-08-04,120384.0,,561797.04,757663.53,
2022-08-05,115254.0,,547506.14,773232.6,
2022-08-06,117756.0,,607367.64,819211.89,
2022-08-07,119610.0,,623160.71,758589.56,
2022-08-08,114354.0,,576723.48,769883.1,
2022-08-09,114354.0,,588451.5,775702.5,
2022-08-10,118908.0,,582264.77,755884.5,
2022-08-11,124922.25,,582250.73,767427.9,
2022-08-12,129708.0,,610001.54,784281.11,
2022-08-13,135917.55,,635619.57,822425.72,
2022-08-14,136672.65,,636122.9,806799.33,
2022-08-15,139501.8,,546766.61,743364.21,
2022-08-16,134788.5,,594272.91,754497.06,
2022-08-17,133786.21,,615274.67,739239.6,
2022-08-18,137685.24,,589698.44,733172.79,
2022-08-19,140906.25,,589414.44,741320.13,
2022-08-20,147867.75,,585955.32,758849.94,
2022-08-21,144072.0,,654875.66,783385.92,
2022-08-22,148536.0,,650147.69,772190.25,
2022-08-23,151560.0,,623328.45,790882.2,
2022-08-24,151200.0,,627806.52,773128.5,
2022-08-25,149629.46,,601769.9,744068.34,
2022-08-26,148122.0,,602384.66,747463.97,
2022-08-27,160259.22,,655667.46,769006.67,
2022-08-28,152208.0,,592899.54,713467.23,
2022-08-29,148789.53,,516713.22,703255.44,
2022-08-30,141932.52,,545605.5,717381.26,
2022-08-31,139211.91,,594401.51,726910.35,
2022-09-01,150280.88,,553163.66,732823.85,
2022-09-02,151321.37,,586821.68,715052.57,
2022-09-03,168683.09,,601890.32,742500.14,
2022-09-04,173741.22,,600165.41,717181.5,
2022-09-05,162971.19,,606139.62,742057.5,
2022-09-06,152904.33,,582709.8,755724.0,
2022-09-07,161821.26,,592665.83,743046.0,
2022-09-08,171558.0,,610132.44,725869.62,
2022-09-09,178454.34,,629414.55,778967.52,
2022-09-10,178350.26,,625826.97,740836.05,
2022-09-11,181145.88,,633244.26,746573.33,
2022-09-12,177083.1,,591079.17,713607.0,
2022-09-13,180142.2,,596801.37,762372.72,
2022-09-14,185076.0,,591238.77,696128.01,
2022-09-15,185528.3,,593468.1,717790.01,
2022-09-16,182824.25,,614659.98,671011.95,
2022-09-17,184199.4,,649124.61,,
2022-09-18,200312.46,,612550.5,,
2022-09-19,198535.01,,586329.72,,
2022-09-20,190282.46,,596238.06,,
2022-09-21,204950.88,,606576.06,,
2022-09-22,214075.62,,592142.04,,
2022-09-23,213670.22,,609976.13,,
2022-09-24,220560.03,,650837.93,,
2022-09-25,220289.22,,628249.47,,
2022-09-26,222684.75,,614495.13,,
2022-09-27,225523.98,,638361.12,,
2022-09-28,221874.57,,645126.15,,
2022-09-29,223176.29,,604447.89,,
2022-09-30,231010.34,,590223.06,,
2022-10-01,235008.0,,634467.69,,
2022-10-02,235905.75,,616096.35,,
2022-10-03,237072.15,,627253.8,,
2022-10-04,234462.42,,624088.73,,
2022-10-05,238717.8,,682056.17,,
2022-10-06,245812.5,,624058.92,,
2022-10-07,254942.19,,646970.49,,
2022-10-08,263847.15,,634150.35,,
2022-10-09,265234.5,,657911.13,,
2022-10-10,263088.0,,588246.5,,
2022-10-11,264101.31,,661848.36,,
2022-10-12,268048.44,,615642.74,,
2022-10-13,270195.75,,613853.28,,
2022-10-14,269496.45,,601709.78,,
2022-10-15,267735.78,,615578.93,,
2022-10-16,272484.0,,635023.44,,
2022-10-17,271937.25,,613687.28,,
2022-10-18,271410.75,,596283.47,,
2022-10-19,287430.66,,570596.99,,
2022-10-20,290443.05,,544402.47,,
2022-10-21,284472.0,,574427.76,,
2022-10-22,272039.54,,598084.88,,
2022-10-23,275358.74,,636215.03,,
2022-10-24,269567.1,,633430.46,,
2022-10-25,255156.71,,632216.33,,
2022-10-26,253382.85,,631007.6,,
2022-10-27,265074.75,,643758.48,,
2022-10-28,265295.25,,626999.49,,
2022-10-29,265288.5,,627775.5,,
2022-10-30,258644.25,,658091.81,,
2022-10-31,257625.0,,678260.64,,
2022-11-01,247497.75,,633548.96,,
2022-11-02,248348.25,,619303.07,,
2022-11-03,259004.25,,609535.49,,
2022-11-04,264748.5,,625399.82,,
2022-11-05,267946.65,,657756.47,,
2022-11-06,266977.58,,669379.68,,
2022-11-07,266976.0,,613581.89,,
2022-11-08,260824.14,,644220.68,,
2022-11-09,291888.54,,702232.67,,
2022-11-10,421244.82,,685394.9,,
2022-11-11,418083.75,,702031.8,,
2022-11-12,418912.16,,696176.19,,
2022-11-13,422109.18,,700583.04,,
2022-11-14,420714.0,,661748.04,,
2022-11-15,418115.25,,596154.8,,
2022-11-16,418310.78,,649063.68,,
2022-11-17,425594.25,,667564.95,,
2022-11-18,427295.25,,720451.8,,
2022-11-19,428571.0,,696442.53,,
2022-11-20,428895.0,,660652.13,,
2022-11-21,427173.75,,656286.56,,
2022-11-22,432904.5,,653293.71,,
2022-11-23,429867.0,,671121.14,,
2022-11-24,423827.55,,670538.25,,
2022-11-25,419450.57,,726952.47,,
2022-11-26,419919.56,,830022.72,,
2022-11-27,422468.59,,776204.57,,
2022-11-28,422332.29,,743705.73,,
2022-11-29,420828.48,,739834.32,,
2022-11-30,419144.49,,737877.95,,
2022-12-01,419696.64,,714204.93,,
2022-12-02,421130.88,,745452.62,,
2022-12-03,422350.03,,695697.36,,
2022-12-04,422496.0,,652005.8,,
2022-12-05,422496.0,,589733.36,,
2022-12-06,422496.0,,661501.56,,
2022-12-07,422496.0,,701871.66,,
2022-12-08,421969.63,,644077.26,,
2022-12-09,419774.4,,668790.54,,
2022-12-10,418608.01,,634753.8,,
2022-12-11,418608.0,,648440.72,,
2022-12-12,418608.0,,616076.19,,
2022-12-13,418608.0,,621282.24,,
2022-12-14,418608.0,,558531.86,,
2022-12-15,418608.0,,660219.17,,
2022-12-16,418608.0,,632796.27,,
2022-12-17,420313.46,,638370.3,,
2022-12-18,422415.18,,685400.58,,
2022-12-19,419428.02,,613319.18,,
2022-12-20,420759.36,,580342.5,,
2022-12-21,420565.33,,607219.05,,
2022-12-22,418608.0,,690034.16,,
2022-12-23,418608.0,,621615.35,,
2022-12-24,418608.0,,726800.99,,
2022-12-25,94089.9,,608215.59,,
2022-12-26,349002.35,,760880.81,,
2022-12-27,427607.09,,748372.71,,
2022-12-28,430214.92,,748537.58,,
2022-12-29,428697.38,,655207.23,,
2022-12-30,421082.55,,645452.51,,
2022-12-31,411037.79,,729487.92,,
2023-01-01,410832.0,,567295.74,,
2023-01-02,410832.0,,605305.5,,
2023-01-03,409727.7,,669700.2,,
2023-01-04,403764.75,,659674.98,,
2023-01-05,408827.25,,566536.04,,
2023-01-06,412250.72,,635797.74,,
2023-01-07,413139.2,,607940.88,,
2023-01-08,421260.75,,645991.13,,
2023-01-09,421584.75,,651326.93,,
2023-01-10,417231.0,,668870.82,,
2023-01-11,418523.85,,580876.26,,
2023-01-12,181605.69,,616519.14,,
2023-01-13,410795.6,,732988.14,,
2023-01-14,397564.65,,614096.33,,
2023-01-15,401577.75,,691826.4,,
2023-01-16,406697.04,,670576.5,,
2023-01-17,400852.58,,681041.16,,
2023-01-18,402914.25,,682041.74,,
2023-01-19,413019.0,,680533.2,,
2023-01-20,413444.25,,595368.51,,
2023-01-21,410832.0,,611979.87,,
2023-01-22,407430.0,,658928.88,,
2023-01-23,397836.36,,580467.47,,
2023-01-24,381903.3,,590770.5,,
2023-01-25,372363.93,,553777.11,,
2023-01-26,375394.5,,505865.37,,
2023-01-27,383717.25,,558331.83,,
2023-01-28,378142.29,,576134.25,,
2023-01-29,374023.17,,598380.05,,
2023-01-30,366361.47,,615736.65,,
2023-01-31,353242.17,,810690.45,,
2023-02-01,367173.0,,1349049.6,,
2023-02-02,430961.85,,2032848.72,,
2023-02-03,482957.55,,1316686.35,,
2023-02-04,514470.15,,1416302.46,,
2023-02-05,521024.58,,1784168.79,,
2023-02-06,533345.76,,2378905.01,,
2023-02-07,764851.95,,4476217.86,,
2023-02-08,1515263.85,,4546693.8,,
2023-02-09,1169630.33,,2836292.21,,
2023-02-10,892300.86,,2048833.74,,
2023-02-11,821236.55,,1726235.1,,
2023-02-12,785378.34,,1502630.7,,
2023-02-13,762679.8,,1484507.7,,
2023-02-14,750792.24,,1374820.95,,
2023-02-15,759799.49,,1347358.1,,
2023-02-16,744101.42,,1304505.51,,
2023-02-17,687564.18,,1292958.63,,
2023-02-18,618557.04,,1192779.36,,
2023-02-19,572343.21,,1133026.43,,
2023-02-20,538153.88,,1216426.35,,
2023-02-21,516157.88,,1163743.65,,
2023-02-22,509328.0,,1204326.78,,
2023-02-23,506929.5,,1182066.96,,
2023-02-24,501957.0,,1249378.14,,
2023-02-25,493092.0,,1184012.97,,
2023-02-26,487093.5,,1112071.02,,
2023-02-27,485372.25,,1100944.58,,
2023-02-28,481788.0,,1168038.6,,
2023-03-01,471177.0,,1087952.06,,
2023-03-02,459513.0,,1135739.12,,
2023-03-03,450906.75,,1084844.48,,
2023-03-04,433836.0,,1092890.7,,
2023-03-05,424161.0,,1079999.33,,
2023-03-06,415807.88,,1040101.88,,
2023-03-07,407068.34,,1037227.83,,
2023-03-08,403033.68,,1018973.15,,
2023-03-09,399172.19,,1060211.76,,
2023-03-10,402110.42,,1008945.47,,
2023-03-11,399946.68,,1032399.29,,
2023-03-12,392937.48,,1013247.69,,
2023-03-13,380917.8,,964549.38,,
2023-03-14,390786.84,,1054523.52,,
2023-03-15,482283.09,,1178233.29,,
2023-03-16,473877.36,,1247064.9,,
2023-03-17,457467.75,,1155866.27,,
2023-03-18,441126.0,,1122340.68,,
2023-03-19,439020.0,,1384460.99,,
2023-03-20,452794.95,,2306242.32,,
2023-03-21,482865.84,,1896359.36,,
2023-03-22,504725.85,,1669575.57,,
2023-03-23,490862.79,,1479913.92,,
2023-03-24,474207.21,,1428057.47,,
2023-03-25,476644.5,,1484678.25,,
2023-03-26,206482.5,,1389147.64,,
2023-03-27,477621.9,,1402021.61,,
2023-03-28,460262.25,,1308684.69,,
2023-03-29,448701.84,,1285620.84,,
2023-03-30,439984.44,,1246540.68,,
2023-03-31,425959.47,,1279306.92,,
2023-04-01,413388.05,,1284113.36,,
2023-04-02,411459.75,,1242350.81,,
2023-04-03,403591.14,,1121268.78,,
2023-04-04,387156.02,,1134402.51,,
2023-04-05,387276.53,,1152262.14,,
2023-04-06,383292.0,,1146271.59,,
2023-04-07,380477.25,,1184769.57,,
2023-04-08,376817.09,,1105937.13,,
2023-04-09,368916.8,,1066651.34,,
2023-04-10,373564.71,,1114724.22,,
2023-04-11,373065.75,,1075197.12,,
2023-04-12,392283.0,,1270908.9,,
2023-04-13,751209.98,,1978541.22,,
2023-04-14,760842.995,,2096559.0,,
2023-04-15,770476.01,,1610146.91,,
2023-04-16,651350.34,,1449260.46,,
2023-04-17,553997.61,,1393773.32,,
2023-04-18,515164.59,,1190245.56,,
2023-04-19,477809.1,,1202453.7,,
2023-04-20,451008.0,,1128455.48,,
2023-04-21,437668.2,,1091982.44,,
2023-04-22,428444.82,,1144439.88,,
2023-04-23,420749.1,,1130922.59,,
2023-04-24,408386.7,,1034273.99,,
2023-04-25,394690.05,,1051269.45,,
2023-04-26,386656.2,,1075649.63,,
2023-04-27,382279.5,,1024485.29,,
2023-04-28,374497.56,,960112.29,,
2023-04-29,359260.65,,1103163.75,,
2023-04-30,353896.83,,1261749.0,,
2023-05-01,340840.44,,1091019.75,,
2023-05-02,333072.0,,1067522.85,,
2023-05-03,335724.75,,935904.8,,
2023-05-04,331877.25,,904242.81,,
2023-05-05,327037.5,,841584.83,,
2023-05-06,315758.7,,876508.95,,
2023-05-07,311607.0,,911687.22,,
2023-05-08,302771.25,,899327.9,,
2023-05-09,291741.75,,817394.97,,
2023-05-10,287205.75,,794952.9,,
2023-05-11,282669.75,,791672.6,,
2023-05-12,276276.56,,839262.77,,
2023-05-13,273126.24,,801988.68,,
2023-05-14,266915.25,,826166.64,,
2023-05-15,259903.36,,723003.3,,
2023-05-16,254268.68,,712079.76,,
2023-05-17,254963.25,,673001.09,,
2023-05-18,254317.5,,651956.72,,
2023-05-19,249582.38,,658112.45,,
2023-05-20,244515.38,,730010.88,,
2023-05-21,244080.0,,680121.0,,
2023-05-22,246883.5,,654873.03,,
2023-05-23,248134.68,,637170.5,,
2023-05-24,251081.82,,593825.64,,
2023-05-25,245765.25,,592189.71,,
2023-05-26,237638.25,,630697.26,,
2023-05-27,231372.77,,622689.84,,
2023-05-28,225490.95,,659569.05,,
2023-05-29,235048.95,,575547.0,,
2023-05-30,246061.8,,580947.48,,
2023-05-31,239260.5,,547503.71,,
2023-06-01,241119.0,,569597.45,,
2023-06-02,237129.08,,566912.84,,
2023-06-03,233276.54,,563974.76,,
2023-06-04,237248.1,,581652.78,,
2023-06-05,232761.6,,551966.96,,
2023-06-06,227253.83,,560263.05,,
2023-06-07,231697.08,,517430.1,,
2023-06-08,230046.44,,501864.72,,
2023-06-09,228528.45,,507905.78,,
2023-06-10,224110.58,,588918.29,,
2023-06-11,223847.64,,537224.1,,
2023-06-12,217052.64,,488650.91,,
2023-06-13,213086.61,,507761.81,,
2023-06-14,208831.5,,502125.29,,
2023-06-15,206546.4,,466330.34,,
2023-06-16,202422.38,,473356.23,,
2023-06-17,206532.99,,505451.99,,
2023-06-18,213631.2,,486479.48,,
2023-06-19,208992.15,,476514.57,,
2023-06-20,205177.5,,457555.5,,
2023-06-21,210958.74,,445615.28,,
2023-06-22,219776.85,,438213.5,,
2023-06-23,218253.6,,455366.4,,
2023-06-24,203065.38,,461271.75,,
2023-06-25,191410.29,,462683.25,,
2023-06-26,191142.0,,413577.21,,
2023-06-27,186879.96,,400930.01,,
2023-06-28,190442.25,,390639.39,,
2023-06-29,201800.57,,396057.51,,
2023-06-30,210237.71,,384766.2,,
2023-07-01,214414.29,,444194.42,,
2023-07-02,201030.8,,461904.44,,
2023-07-03,194512.28,,400228.16,,
2023-07-04,193950.0,,368958.44,,
2023-07-05,190777.5,,378644.7,,
2023-07-06,190084.5,,373209.6,,
2023-07-07,188928.0,,352731.18,,
2023-07-08,194274.0,,397179.0,,
2023-07-09,194436.0,,441676.23,,
2023-07-10,180108.0,,359014.2,,
2023-07-11,178906.77,,373423.5,,
2023-07-12,182757.24,,340086.6,,
2023-07-13,183177.23,,338549.7,,
2023-07-14,180360.0,,308846.54,,
2023-07-15,175428.0,,328922.99,,
2023-07-16,166589.33,,368921.64,,
2023-07-17,164395.76,,319364.1,,
2023-07-18,160937.28,,300404.4,,
2023-07-19,165579.6,,290949.0,,
2023-07-20,172021.05,,272179.76,,
2023-07-21,162538.34,,277790.82,,
2023-07-22,157686.26,,303184.8,,
2023-07-23,156114.0,,328577.46,,
2023-07-24,156384.0,,288223.17,,
2023-07-25,155016.0,,284143.44,,
2023-07-26,154069.83,,329896.98,,
2023-07-27,161812.31,,332742.66,,
2023-07-28,161817.48,,342995.28,,
2023-07-29,161966.79,,398219.58,,
2023-07-30,157410.0,,363140.1,,
2023-07-31,157248.0,,339506.7,,
2023-08-01,160542.0,,361813.98,,
2023-08-02,161529.53,,363966.06,,
2023-08-03,153950.09,,361855.05,,
2023-08-04,153078.98,,341283.15,,
2023-08-05,155474.46,,340696.32,,
2023-08-06,156609.99,,388716.06,,
2023-08-07,155902.32,,408430.26,,
2023-08-08,148287.83,,405719.01,,
2023-08-09,152379.72,,407328.78,,
2023-08-10,163066.32,,378985.85,,
2023-08-11,167413.14,,417698.39,,
2023-08-12,167836.5,,417039.3,,
2023-08-13,178935.3,,463775.34,,
2023-08-14,183724.2,,386027.13,,
2023-08-15,188802.0,,394493.25,,
2023-08-16,193176.0,,389619.99,,
2023-08-17,200056.5,,435386.76,,
2023-08-18,202091.49,,429900.36,,
2023-08-19,205632.18,,421592.66,,
2023-08-20,196951.5,,448466.48,,
2023-08-21,184032.0,,432398.88,,
2023-08-22,178524.0,,432713.81,,
2023-08-23,187644.96,,421893.3,,
2023-08-24,182974.59,,449726.46,,
2023-08-25,176181.93,,421123.64,,
2023-08-26,185851.98,,410290.64,,
2023-08-27,188938.08,,439261.32,,
2023-08-28,193345.2,,468909.15,,
2023-08-29,194936.4,,467919.0,,
2023-08-30,204940.68,,444032.82,,
2023-08-31,211481.78,,463843.41,,
2023-09-01,207551.79,,448556.72,,
2023-09-02,213540.3,,428597.58,,
2023-09-03,212104.8,,479667.39,,
2023-09-04,211842.45,,434518.47,,
2023-09-05,205823.25,,423540.98,,
2023-09-06,205996.5,,432128.42,,
2023-09-07,209934.0,,405489.89,,
2023-09-08,215871.75,,408489.02,,
2023-09-09,214312.5,,368507.3,,
2023-09-10,210822.3,,414951.12,,
2023-09-11,210951.45,,426157.89,,
2023-09-12,198978.75,,407906.19,,
2023-09-13,199755.0,,435146.73,,
2023-09-14,208286.24,,421521.42,,
2023-09-15,218527.83,,426815.49,,
2023-09-16,215056.35,,407892.9,,
2023-09-17,213584.22,,428608.02,,
2023-09-18,217997.15,,401116.14,,
2023-09-19,207052.79,,417312.9,,
2023-09-20,205099.65,,435002.64,,
2023-09-21,214627.68,,401033.94,,
2023-09-22,222013.35,,414339.74,,
2023-09-23,222175.71,,378325.82,,
2023-09-24,222719.22,,437165.85,,
2023-09-25,223615.58,,428109.21,,
2023-09-26,222767.51,,388598.12,,
2023-09-27,223380.63,,448658.63,,
2023-09-28,228042.81,,414363.68,,
2023-09-29,229449.78,,410800.8,,
2023-09-30,226581.75,,396029.1,,
2023-10-01,221318.73,,406758.9,,
2023-10-02,218251.89,,450435.68,,
2023-10-03,214895.25,,439851.05,,
2023-10-04,225132.75,,437282.97,,
2023-10-05,237591.0,,432461.69,,
2023-10-06,241056.0,,408827.19,,
2023-10-07,242410.5,,414929.16,,
2023-10-08,246728.7,,442294.8,,
2023-10-09,252739.35,,414718.2,,
2023-10-10,248084.82,,443920.8,,
2023-10-11,247818.96,,454726.85,,
2023-10-12,242005.95,,471052.67,,
2023-10-13,238491.0,,456617.67,,
2023-10-14,247165.2,,442095.41,,
2023-10-15,249876.0,,483264.69,,
2023-10-16,251704.58,,543040.68,,
2023-10-17,275337.9,,539176.2,,
2023-10-18,283500.0,,504370.62,,
2023-10-19,286874.87,,493669.2,,
2023-10-20,288386.33,,511230.84,,
2023-10-21,285201.0,,503733.54,,
2023-10-22,285261.75,,473069.24,,
2023-10-23,286072.97,,475238.16,,
2023-10-24,280785.83,,436585.13,,
2023-10-25,281353.5,,431908.22,,
2023-10-26,288417.24,,410742.05,,
2023-10-27,280079.96,,416424.23,,
2023-10-28,277305.21,,427140.83,,
2023-10-29,283723.02,,428818.88,,
2023-10-30,288115.29,,432203.78,,
2023-10-31,271781.91,,400261.92,,
2023-11-01,254960.96,,438307.49,,
2023-11-02,254883.92,,439252.38,,
2023-11-03,258053.27,,420826.59,,
2023-11-04,253903.05,,415210.34,,
2023-11-05,259190.55,,409901.4,,
2023-11-06,265099.59,,412262.72,,
2023-11-07,252508.5,,345885.87,,
2023-11-08,241777.31,,381532.77,,
2023-11-09,246644.73,,400231.2,,
2023-11-10,252307.17,,365369.37,,
2023-11-11,254581.65,,395144.22,,
2023-11-12,271307.48,,395440.85,,
2023-11-13,290172.38,,482335.32,,
2023-11-14,308124.0,,459763.23,,
2023-11-15,326450.25,,524174.4,,
2023-11-16,285409.8,,472258.8,,
2023-11-17,308502.09,,435542.4,,
2023-11-18,301587.75,,473943.15,,
2023-11-19,311744.25,,507246.32,,
2023-11-20,323149.5,,766583.82,,
2023-11-21,365920.56,,685784.7,,
2023-11-22,422371.04,,554933.91,,
2023-11-23,462121.88,,543583.59,,
2023-11-24,467588.61,,523841.13,,
2023-11-25,477508.5,,556190.12,,
2023-11-26,467846.55,,600713.03,,
2023-11-27,434826.59,,580979.15,,
2023-11-28,412827.17,,638583.08,,
2023-11-29,402703.11,,612046.52,,
2023-11-30,410943.38,,658869.86,,
2023-12-01,416552.63,,611699.04,,
2023-12-02,419941.26,,599081.9,,
2023-12-03,433942.65,,537458.81,,
2023-12-04,446692.05,,554653.31,,
2023-12-05,457362.45,,594694.76,,
2023-12-06,484408.8,,554856.3,,
2023-12-07,480492.0,,592564.92,,
2023-12-08,476815.5,,668082.84,,
2023-12-09,468343.13,,615676.02,,
2023-12-10,459016.88,,586823.87,,
2023-12-11,465545.52,,604615.86,,
2023-12-12,470612.16,,621854.07,,
2023-12-13,475325.28,,612603.06,,
2023-12-14,480034.08,,645339.6,,
2023-12-15,484742.88,,673187.67,,
2023-12-16,489451.68,,553639.28,,
2023-12-17,494164.8,,607427.34,,
2023-12-18,496187.72,,604969.74,,
2023-12-19,490389.66,,624341.31,,
2023-12-20,484629.93,,554743.59,,
2023-12-21,482051.25,,595748.22,,
2023-12-22,487761.75,,634406.1,,
2023-12-23,490029.75,,1810542.0,,
2023-12-24,490857.89,,1844912.28,,
2023-12-25,516302.42,,1241942.19,,
2023-12-26,569305.89,,1080852.83,,
2023-12-27,610625.16,,998884.56,,
2023-12-28,632144.93,,932475.44,,
2023-12-29,649308.65,,864076.05,,
2023-12-30,687274.38,,871363.8,,
2023-12-31,750761.42,,872673.3,,
2024-01-01,852152.99,,851738.15,,
2024-01-02,967152.6,,839865.59,,
2024-01-03,972354.51,,758736.09,,
2024-01-04,852224.67,,763969.41,,
2024-01-05,717012.0,,767394.98,,
2024-01-06,622464.08,,781660.8,,
2024-01-07,569480.63,,753375.51,,
2024-01-08,535506.75,,729204.17,,
2024-01-09,520763.94,,744573.33,,
2024-01-10,505292.76,,709467.27,,
2024-01-11,492264.9,,916904.55,,
2024-01-12,493216.52,,1971783.74,,
2024-01-13,496358.55,,3789593.25,,
2024-01-14,509218.7,,3918876.3,,
2024-01-15,523255.41,,4048159.35,,
2024-01-16,535997.79,,2835224.96,,
2024-01-17,578218.05,,2289788.66,,
2024-01-18,643651.56,,1928845.98,,
2024-01-19,719053.34,,1659215.19,,
2024-01-20,801512.01,,1657424.42,,
2024-01-21,912291.98,,1565727.05,,
2024-01-22,996172.65,,1479568.2,,
2024-01-23,935355.06,,1536724.34,,
2024-01-24,751179.2,,1861806.63,,
2024-01-25,611110.22,,2136811.31,,
2024-01-26,585331.16,,2656109.01,,
2024-01-27,652158.05,,4592406.47,,
2024-01-28,707485.64,,3749816.43,,
2024-01-29,735034.46,,3233979.36,,
2024-01-30,809303.18,,3748865.5166666666,,
2024-01-31,893717.73,,4263751.673333334,,
2024-02-01,957196.76,,4778637.83,,
2024-02-02,1039788.18,,3977105.03,,
2024-02-03,1155961.04,,3749743.82,,
2024-02-04,1245889.89,,4318703.76,,
2024-02-05,1348738.43,,4962749.78,,
2024-02-06,1594738.49,,5206076.7,,
2024-02-07,1652109.17,,4208386.13,,
2024-02-08,1709479.85,,3800272.49,,
2024-02-09,1766850.53,,3448090.61,,
2024-02-10,,,3179441.33,,
2024-02-11,,,2968545.87,,
2024-02-12,1938962.57,,2834916.9,,
2024-02-13,1808789.85,,2695029.96,,
2024-02-14,1651002.08,,2624984.37,,
2024-02-15,1463663.7,,2556640.25,,
2024-02-16,1388014.92,,2852548.91,,
2024-02-17,1161173.43,,3740476.43,,
2024-02-18,1003680.36,,3819310.37,,
2024-02-19,950133.83,,3783532.46,,
2024-02-20,932615.1,,3783920.0,,
2024-02-21,952078.1,,3345417.51,,
2024-02-22,1043606.12,,3031240.98,,
2024-02-23,1297556.55,,2889931.98,,
2024-02-24,1789463.93,,2756722.92,,
2024-02-25,1757649.478,,2619524.79,,
2024-02-26,1725835.0259999998,,2441275.95,,
2024-02-27,1694020.574,,2441013.18,,
2024-02-28,,,2355873.71,,
2024-02-29,1630391.67,,2274005.48,,
2024-03-01,1364656.165,,2084889.68,,
2024-03-02,1098920.66,,2203058.48,,
2024-03-03,968575.23,,2176670.51,,
2024-03-04,879910.07,,2071468.26,,
2024-03-05,813149.33,,2025171.51,,
2024-03-06,760084.65,,1951812.83,,
2024-03-07,724559.22,,1920149.07,,
2024-03-08,707313.51,,1914023.4,,
2024-03-09,688716.95,,1873121.93,,
2024-03-10,667562.22,,1825946.22,,
2024-03-11,637787.16,,1804322.34,,
2024-03-12,611396.6,,1668627.45,,
2024-03-13,593662.19,,1675070.4,,
2024-03-14,573807.42,,1682185.71,,
2024-03-15,557051.31,,1657724.01,,
2024-03-16,556859.25,,1680313.52,,
2024-03-17,540771.75,,1693982.54,,
2024-03-18,518103.0,,1669568.85,,
2024-03-19,532853.28,,1782723.03,,
2024-03-20,556960.23,,2054991.39,,
2024-03-21,597095.6,,2461269.81,,
2024-03-22,695515.68,,2218929.05,,
2024-03-23,768622.77,,2138562.57,,
2024-03-24,748578.2,,2054647.64,,
2024-03-25,681393.74,,1938652.77,,
2024-03-26,594148.82,,1888896.33,,
2024-03-27,552281.63,,1793386.47,,
2024-03-28,542263.5,,1732791.39,,
2024-03-29,529310.48,,1681104.18,,
2024-03-30,502060.41,,1735328.66,,
2024-03-31,489503.25,,1680672.65,,
2024-04-01,480842.73,,1626511.01,,
2024-04-02,470764.08,,1541005.1,,
2024-04-03,456127.56,,1520458.97,,
2024-04-04,438345.27,,1483157.04,,
2024-04-05,414072.9,,1502682.65,,
2024-04-06,399552.75,,1483397.19,,
2024-04-07,401346.0,,1427192.61,,
2024-04-08,394922.25,,1483586.43,,
2024-04-09,388221.8,,1556448.71,,
2024-04-10,405551.03,,1708519.73,,
2024-04-11,403253.78,,1763244.15,,
2024-04-12,409150.98,,1677344.88,,
2024-04-13,420900.75,,1609391.64,,
2024-04-14,431077.95,,1546914.81,,
2024-04-15,403442.82,,1496616.09,,
2024-04-16,393460.65,,1490411.76,,
2024-04-17,400927.5,,1280777.58,,
2024-04-18,389268.0,,1361688.48,,
2024-04-19,369886.5,,1179293.48,,
2024-04-20,360693.0,,1466691.59,,
2024-04-21,364844.88,,1291460.76,,
2024-04-22,351197.19,,1217175.96,,
2024-04-23,346335.75,,1210083.53,,
2024-04-24,343723.5,,1210759.97,,
2024-04-25,341597.25,,1153038.39,,
2024-04-26,319878.63,,1094109.15,,
2024-04-27,321490.08,,1120944.65,,
2024-04-28,313636.32,,1242178.61,,
2024-04-29,306262.08,,1168430.18,,
2024-04-30,300038.47,,1247501.7,,
2024-05-01,295384.32,,1245469.5,,
2024-05-02,290736.0,,1157030.63,,
2024-05-03,286092.0,,1251889.44,,
2024-05-04,281448.0,,1179092.84,,
2024-05-05,277147.62,,1156211.03,,
2024-05-06,273365.28,,1158109.16,,
2024-05-07,269589.6,,1149502.89,,
2024-05-08,265813.92,,1089735.33,,
2024-05-09,262192.19,,1006157.01,,
2024-05-10,258914.88,,955820.13,,
2024-05-11,255644.64,,1043675.25,,
2024-05-12,252374.4,,978616.56,,
2024-05-13,249404.19,,986626.43,,
2024-05-14,247013.28,,978227.46,,
2024-05-15,244641.6,,1005763.88,,
2024-05-16,242269.92,,880984.58,,
2024-05-17,239893.92,,940876.47,,
2024-05-18,237594.21,,892869.5,,
2024-05-19,235496.16,,930987.68,,
2024-05-20,233409.6,,847062.39,,
2024-05-21,231318.72,,878758.85,,
2024-05-22,229073.55,,828654.08,,
2024-05-23,225454.15,,811167.71,,
2024-05-24,223888.5,,865288.74,,
2024-05-25,221730.75,,879099.08,,
2024-05-26,215604.0,,789394.08,,
2024-05-27,207933.75,,763196.25,,
2024-05-28,200610.0,,796762.53,,
2024-05-29,200998.94,,790430.09,,
2024-05-30,205198.2,,798742.26,,
2024-05-31,203142.6,,836431.55,,
2024-06-01,203460.39,,851599.82,,
2024-06-02,205401.78,,742446.9,,
2024-06-03,194706.0,,715465.89,,
2024-06-04,183264.03,,646906.43,,
2024-06-05,188330.4,,644553.68,,
2024-06-06,189375.75,,654840.65,,
2024-06-07,187400.7,,698601.47,,
2024-06-08,188475.48,,650670.5,,
2024-06-09,180414.68,,642214.85,,
2024-06-10,157877.64,,622955.16,,
2024-06-11,145692.0,,627734.28,,
2024-06-12,150299.28,,615237.06,,
2024-06-13,152802.72,,611736.38,,
2024-06-14,153306.0,,627447.66,,
2024-06-15,151236.0,,595169.78,,
2024-06-16,146880.0,,584011.1,,
2024-06-17,145314.0,,566558.46,,
2024-06-18,144018.0,,602920.61,,
2024-06-19,141318.0,,582293.46,,
2024-06-20,137088.0,,587050.76,,
2024-06-21,130932.0,,577161.15,,
2024-06-22,127422.0,,580602.42,,
2024-06-23,125190.0,,560664.84,,
2024-06-24,118026.0,,580850.1,,
2024-06-25,116478.0,,588188.16,,
2024-06-26,116752.28,,563931.63,,
2024-06-27,119639.75,,588984.3,,
2024-06-28,115436.25,,553144.86,,
2024-06-29,116727.93,,555164.1,,
2024-06-30,118352.34,,546787.13,,
2024-07-01,115614.0,,554951.7,,
2024-07-02,113616.0,,519749.48,,
2024-07-03,118314.0,,480167.99,,
2024-07-04,123290.91,,459613.02,,
2024-07-05,112095.68,,491995.26,,
2024-07-06,110466.45,,530834.72,,
2024-07-07,112698.0,,534085.44,,
2024-07-08,110600.91,,515034.69,,
2024-07-09,107343.9,,475446.35,,
2024-07-10,100103.22,,494359.73,,
2024-07-11,106681.1,,505269.09,,
2024-07-12,103452.39,,455511.03,,
2024-07-13,98364.15,,505938.47,,
2024-07-14,91422.0,,449823.24,,
2024-07-15,91614.5,,495612.09,,
2024-07-16,98729.15,,459167.34,,
2024-07-17,101488.5,,459491.03,,
2024-07-18,105943.5,,484709.1,,
2024-07-19,110775.38,,484346.72,,
2024-07-20,114170.4,,498852.0,,
2024-07-21,116478.0,,481588.4,,
2024-07-22,115344.0,,472011.56,,
2024-07-23,105030.0,,473069.82,,
2024-07-24,106758.0,,468214.05,,
2024-07-25,105624.0,,442243.35,,
2024-07-26,100280.16,,460560.54,,
2024-07-27,99159.57,,488551.31,,
2024-07-28,94592.7,,525712.55,,
2024-07-29,96497.42,,491295.0,,
2024-07-30,98736.3,,482368.1,,
2024-07-31,112719.6,,484573.73,,
2024-08-01,113432.9,,496909.5,,
2024-08-02,113387.49,,495775.23,,
2024-08-03,111460.91,,541097.22,,
2024-08-04,113760.0,,507325.26,,
2024-08-05,114734.97,,510681.0,,
2024-08-06,121568.67,,500230.17,,
2024-08-07,119052.0,,530361.92,,
2024-08-08,110070.0,,509585.96,,
2024-08-09,110970.0,,532087.26,,
2024-08-10,114924.78,,524238.53,,
2024-08-11,109192.86,,538624.7,,
2024-08-12,113584.5,,515929.56,,
2024-08-13,126452.7,,515207.97,,
2024-08-14,126587.16,,536739.66,,
2024-08-15,125024.64,,531018.3,,
2024-08-16,135756.0,,573860.7,,
2024-08-17,149558.72,,555804.84,,
2024-08-18,160083.81,,510090.63,,
2024-08-19,169626.38,,571573.17,,
2024-08-20,164586.52,,512892.56,,
2024-08-21,158058.0,,513945.66,,
2024-08-22,158496.75,,512231.25,,
2024-08-23,159688.35,,561959.03,,
2024-08-24,165510.0,,562036.67,,
2024-08-25,175150.98,,529271.37,,
2024-08-26,175901.72,,579262.95,,
2024-08-27,179418.11,,520017.17,,
2024-08-28,180218.25,,511849.31,,
2024-08-29,183524.93,,511274.73,,
2024-08-30,196372.58,,545383.14,,
2024-08-31,199682.51,,539781.0,,
2024-09-01,199510.11,,502803.0,,
2024-09-02,200340.0,,520495.02,,
2024-09-03,196313.31,,509048.1,,
2024-09-04,194251.11,,517276.5,,
2024-09-05,202308.39,,518554.5,,
2024-09-06,204894.54,,553519.77,,
2024-09-07,209304.0,,517950.57,,
2024-09-08,227682.449,,506713.83,,
2024-09-09,227099.88,,502660.0975,,
2024-09-10,211090.6375,,531737.46,,
2024-09-11,202060.3975,,529262.5375000001,,
2024-09-12,197757.2815,,513806.6275,,
2024-09-13,202941.0,,484728.8275,,
2024-09-14,199114.65,,542085.6775,,
2024-09-15,202069.35,,499970.2975,,
2024-09-16,203051.25,,486943.47,,
2024-09-17,198030.6,,516598.29,,
2024-09-18,200417.4,,512557.11,,
2024-09-19,207814.5,,498699.3475,,
2024-09-20,217893.24,,512926.4575,,
2024-09-21,215053.0675,,565444.14,,
2024-09-22,215556.7,,541387.7275,,
2024-09-23,202836.51,,551786.73,,
2024-09-24,187182.0,,515747.31,,
2024-09-25,187143.45,,517389.1675,,
2024-09-26,200317.7275,,513035.4775,,
2024-09-27,204357.9175,,531346.23,,
2024-09-28,200989.35,,565308.4975,,
2024-09-29,204341.85,,545384.4,,
2024-09-30,201181.5,,480401.43,,
2024-10-01,215462.25,,552121.8,,
2024-10-02,218533.5,,574624.95,,
2024-10-03,221037.75,,599908.17,,
2024-10-04,215509.5,,559946.07,,
2024-10-05,214785.0,,613925.925,,
2024-10-06,217903.5,,598183.68,,
2024-10-07,217056.15,,522077.625,,
2024-10-08,216501.75,,543295.695,,
2024-10-09,219006.0,,525994.8,,
2024-10-10,224613.0,,530685.24,,
2024-10-11,224282.25,,560387.235,,
2024-10-12,217179.0,,613000.935,,
2024-10-13,221699.25,,635083.08,,
2024-10-14,237969.0,,567771.525,,
2024-10-15,231984.0,,556643.115,,
2024-10-16,221856.75,,541592.85,,
2024-10-17,220407.75,,528034.62,,
2024-10-18,217163.25,,571807.65,,
2024-10-19,226833.75,,609068.25,,
2024-10-20,228944.25,,580373.58,,
2024-10-21,223605.0,,525672.6,,
2024-10-22,221242.5,,535240.875,,
2024-10-23,224975.25,,491828.265,,
2024-10-24,247198.5,,608551.155,,
2024-10-25,250364.25,,511035.075,,
2024-10-26,253104.75,,585695.37,,
2024-10-27,254412.0,,505749.36,,
2024-10-28,253451.25,,532118.64,,
2024-10-29,252254.25,,515565.9,,
2024-10-30,252585.0,,509755.965,,
2024-10-31,254049.75,,530786.115,,
2024-11-01,257215.5,,496660.455,,
2024-11-02,244977.75,,589576.755,,
2024-11-03,248258.25,,553767.225,,
2024-11-04,256839.75,,603972.15,,
2024-11-05,258162.75,,565288.425,,
2024-11-06,281677.5,,595837.215,,
2024-11-07,285626.25,,538882.185,,
2024-11-08,288157.5,,536885.655,,
2024-11-09,278235.0,,581039.07,,
2024-11-10,279166.5,,495338.685,,
2024-11-11,288360.0,,550424.1,,
2024-11-12,289554.75,,533658.18,,
2024-11-13,285909.75,,476142.27,,
2024-11-14,283196.25,,455760.87,,
2024-11-15,290364.75,,513558.9,,
2024-11-16,284796.0,,589138.11,,
2024-11-17,286476.75,,578443.365,,
2024-11-18,287082.9,,616801.23,,
2024-11-19,295042.5,,732745.365,,
2024-11-20,303831.0,,709182.45,,
2024-11-21,312234.75,,707222.4,,
2024-11-22,321023.25,,721774.5,,
2024-11-23,326268.0,,697573.458,,
2024-11-24,331755.75,,701203.894,,
2024-11-25,334854.0,,729125.205,,
2024-11-26,331958.25,,668311.245,,
2024-11-27,325782.0,,656482.485,,
2024-11-28,323736.75,,668329.365,,
2024-11-29,333274.5,,661067.715,,
2024-11-30,344796.75,,617214.78,,
2024-12-01,340807.5,,620166.3,,
2024-12-02,340260.75,,579892.335,,
2024-12-03,340463.25,,596862.27,,
2024-12-04,328900.5,,564531.705,,
2024-12-05,315049.5,,561546.48,,
2024-12-06,318087.0,,615202.5,,
2024-12-07,322542.0,,657096.81,,
2024-12-08,325944.0,,674629.68,,
2024-12-09,330844.5,,614129.34,,
2024-12-10,324769.5,,556175.34,,
2024-12-11,327098.25,,477809.805,,
2024-12-12,336413.25,,462544.77,,
2024-12-13,334732.5,,502849.125,,
2024-12-14,325883.25,,529309.53,,
2024-12-15,328313.25,,523585.905,,
2024-12-16,327078.0,,478166.025,,
2024-12-17,321408.0,,456725.46,,
2024-12-18,318574.35,,497224.14,,
2024-12-19,315636.75,,515912.625,,
2024-12-20,317763.0,,533516.175,,
2024-12-21,325397.25,,484843.065,,
2024-12-22,330824.25,,485278.905,,
2024-12-23,314766.0,,513989.91,,
2024-12-24,301502.25,,576236.445,,
2024-12-25,314624.25,,573626.07,,
2024-12-26,313247.25,,529524.81,,
2024-12-27,301482.0,,564383.67,,
2024-12-28,294495.75,,763371.765,,
2024-12-29,286416.0,,676368.495,,
2024-12-30,286719.75,,894961.38,,
2024-12-31,496458.0,,955287.0,,
2025-01-01,567558.45,,842296.275,,
2025-01-02,521554.5,,855969.525,,
2025-01-03,547908.75,,715262.625,,
2025-01-04,564288.75,,730283.91,,
2025-01-05,566102.25,,648391.71,,
2025-01-06,541707.75,,716438.805,,
2025-01-07,478926.0,,660062.535,,
2025-01-08,443880.0,,615523.005,,
2025-01-09,433795.5,,624304.35,,
2025-01-10,438513.75,,589117.635,,
2025-01-11,435577.5,,602339.865,,
2025-01-12,426930.75,,627243.75,,
2025-01-13,431244.0,,576426.21,,
2025-01-14,416097.0,,605890.515,,
2025-01-15,415246.5,,611645.925,,
2025-01-16,418547.25,,567262.14,,
2025-01-17,410690.25,,522388.83,,
2025-01-18,413505.0,,535034.295,,
2025-01-19,414760.5,,560505.96,,
2025-01-20,407288.25,,552947.82,,
2025-01-21,395725.5,,502815.255,,
2025-01-22,391513.5,,556100.31,,
2025-01-23,394125.75,,515657.1,,
2025-01-24,392667.75,,562552.02,,
2025-01-25,400524.75,,533396.625,,
2025-01-26,420390.0,,491169.06,,
2025-01-27,426363.75,,486286.365,,
2025-01-28,417367.35,,436796.715,,
2025-01-29,409758.75,,452998.845,,
2025-01-30,403238.25,,462729.06,,
2025-01-31,393558.75,,459687.45,,
2025-02-01,392060.25,,544919.97,,
2025-02-02,399512.25,,448524.48,,
2025-02-03,399107.25,,557752.38,,
2025-02-04,393072.75,,578727.12,,
2025-02-05,393842.25,,604637.985,,
2025-02-06,400848.75,,683201.13,,
2025-02-07,427842.0,,805597.98,,
2025-02-08,468200.25,,640927.5,,
2025-02-09,474012.0,,619339.215,,
2025-02-10,458196.75,,629636.925,,
2025-02-11,441479.7,,653122.89,,
2025-02-12,422293.5,,617406.27,,
2025-02-13,418203.0,,669023.655,,
2025-02-14,407328.75,,659124.45,,
2025-02-15,408624.75,,592639.8,,
2025-02-16,416846.25,,566402.58,,
2025-02-17,419094.0,,608252.085,,
2025-02-18,416380.5,,633714.945,,
2025-02-19,409050.0,,585344.925,,
2025-02-20,398094.75,,623300.925,,
2025-02-21,386957.25,,654799.68,,
2025-02-22,390116.25,,675097.425,,
2025-02-23,401618.25,,593980.845,,
2025-02-24,403056.0,,581581.95,,
2025-02-25,395847.0,,557339.85,,
2025-02-26,383251.5,,508487.19,,
2025-02-27,379890.0,,529151.805,,
2025-02-28,377196.75,,536770.365,,
2025-03-01,378168.75,,503400.96,,
2025-03-02,380720.25,,505821.99,,
2025-03-03,374260.5,,465403.335,,
2025-03-04,370008.0,,427594.23,,
2025-03-05,369927.0,,419541.015,,
2025-03-06,368712.0,,361009.215,,
2025-03-07,367193.25,,457250.91,,
2025-03-08,360976.5,,413203.2,,
2025-03-09,366282.0,,373667.1,,
2025-03-10,358749.0,,387815.01,,
2025-03-11,339815.25,,344381.265,,
2025-03-12,341637.75,,325195.92,,
2025-03-13,335666.7,,317699.28,,
2025-03-14,318795.75,,298392.54,,
2025-03-15,310837.5,,324073.26,,
2025-03-16,308650.5,,322437.42,,
2025-03-17,309136.5,,297514.86,,
2025-03-18,305430.75,,293646.15,,
2025-03-19,297330.75,,291727.44,,
2025-03-20,284330.25,,332566.2,,
2025-03-21,286011.0,,490968.84,,
2025-03-22,298120.5,,399611.955,,
2025-03-23,291093.75,,392927.445,,
2025-03-24,293604.75,,409620.33,,
2025-03-25,286719.75,,304174.935,,
2025-03-26,282204.0,,340446.915,,
2025-03-27,286821.0,,336152.04,,
2025-03-28,280138.5,,278825.91,,
2025-03-29,268798.5,,299131.62,,
2025-03-30,261447.75,,366489.99,,
2025-03-31,269952.75,,365408.88,,
2025-04-01,262338.75,,337059.0,,
2025-04-02,274610.25,,368923.32,,
2025-04-03,267016.5,,322272.525,,
2025-04-04,261427.5,,318143.55,,
2025-04-05,257530.5,,305923.095,,
2025-04-06,254049.75,,337533.465,,
2025-04-07,248631.75,,334088.58,,
2025-04-08,251970.75,,281869.92,,
2025-04-09,240048.0,,304879.5,,
2025-04-10,233968.5,,327342.27,,
2025-04-11,242520.75,,361037.94,,
2025-04-12,251372.25,,421713.75,,
2025-04-13,247513.5,,437775.533,,
2025-04-14,246521.25,,422873.16,,
2025-04-15,251403.75,,405777.03,,
2025-04-16,249891.75,,353721.825,,
2025-04-17,248742.0,,312675.48,,
2025-04-18,237496.5,,303660.6,,
2025-04-19,225463.5,,290895.0,,
2025-04-20,226298.25,,297196.8,,
2025-04-21,230283.0,,290495.535,,
2025-04-22,229527.0,,280427.22,,
2025-04-23,217794.3,,259814.88,,
2025-04-24,214076.25,,272489.52,,
2025-04-25,207713.25,,254856.645,,
2025-04-26,207099.0,,274736.295,,
2025-04-27,205287.75,,303006.285,,
2025-04-28,211446.0,,253800.06,,
2025-04-29,215730.0,,234301.47,,
2025-04-30,218439.0,,205334.7,,
2025-05-01,213194.25,,187101.42,,
2025-05-02,201413.25,,237674.595,,
2025-05-03,199172.25,,248661.12,,
2025-05-04,195210.0,,244285.47,,
2025-05-05,195480.0,,225387.495,,
2025-05-06,199136.25,,199248.0,,
2025-05-07,202752.0,,187490.25,,
2025-05-08,199572.75,,182546.79,,
2025-05-09,198598.5,,163106.43,,
2025-05-10,197302.5,,182739.675,,
2025-05-11,184806.0,,214978.08,,
2025-05-12,179045.34,,178541.43,,
2025-05-13,177426.72,,179596.38,,
2025-05-14,176934.24,,203959.425,,
2025-05-15,176441.76,,179509.47,,
2025-05-16,175949.28,,155649.945,,
2025-05-17,175456.8,,185061.735,,
2025-05-18,174960.0,,206960.58,,
2025-05-19,171916.02,,169197.87,,
2025-05-20,164160.0,,172206.9,,
2025-05-21,170946.0,,159718.47,,
2025-05-22,175284.0,,164301.39,,
2025-05-23,174834.0,,150804.42,,
2025-05-24,181008.0,,137701.5,,
2025-05-25,187938.0,,163775.22,,
2025-05-26,186930.0,,136107.03,,
2025-05-27,186768.0,,143195.205,,
2025-05-28,187128.0,,119773.38,,
2025-05-29,185400.0,,96055.77,,
2025-05-30,178524.0,,105021.405,,
2025-05-31,180468.0,,100301.775,,
2025-06-01,175824.0,,142135.605,,
2025-06-02,167724.0,,138413.475,,
2025-06-03,164412.0,,110430.705,,
2025-06-04,162558.0,,137042.97,,
2025-06-05,163548.0,,121492.725,,
2025-06-06,170658.0,,106455.15,,
2025-06-07,171108.0,,104162.1,,
2025-06-08,171612.0,,100458.0,,
2025-06-09,161532.0,,98673.51,,
2025-06-10,157248.0,,103611.78,,
2025-06-11,165492.0,,94954.455,,
2025-06-12,174996.0,,90498.12,,
2025-06-13,186606.0,,92363.67,,
2025-06-14,172242.0,,88495.95,,
2025-06-15,168696.0,,87076.8,,
2025-06-16,174258.0,,84045.0,,
2025-06-17,177876.0,,86634.27,,
2025-06-18,186264.0,,86408.28,,
2025-06-19,187290.0,,85903.875,,
2025-06-20,178056.0,,83125.32,,
2025-06-21,182304.0,,84759.945,,
2025-06-22,191538.0,,89227.755,,
2025-06-23,193158.0,,85628.355,,
2025-06-24,193284.05421686746,,84308.535,,
2025-06-25,193410.10843373495,,85781.925,,
2025-06-26,193536.1626506024,,86569.95,,
2025-06-27,,,87883.995,,
2025-06-28,,,85519.095,,
2025-06-29,,,84992.82,,
2025-06-30,,,85098.78,,
2025-07-01,,,85693.68,,
2025-07-02,,,87732.6,,
2025-07-03,,,87549.18,,
2025-07-04,,,84818.97,,
2025-07-05,,,87031.08,,
2025-07-06,,,87240.735,,
2025-07-07,,,86219.835,,
2025-07-08,,,85339.215,,
2025-07-09,,,82811.475,,
2025-07-10,,,82542.24,,
2025-07-11,,,82274.4,,
2025-07-12,,,82006.56,,
2025-07-13,,,81738.72,,
2025-07-14,,,81470.88,,
2025-07-15,,,82961.01,,
2025-07-16,,,84712.575,,
2025-07-17,,,86216.145,,
2025-07-18,,,83282.505,,
2025-07-19,,,84039.99,,
2025-07-20,,,87981.6,,
2025-07-21,,,84538.77,,
2025-07-22,,,84653.865,,
2025-07-23,,,84325.29,,
2025-07-24,,,83840.265,,
2025-07-25,,,84711.69,,
2025-07-26,,,85343.34,,
2025-07-27,,,85603.89,,
2025-07-28,,,86185.605,,
2025-07-29,,,86242.215,,
2025-07-30,,,85085.37,,
2025-07-31,,,83628.0,,
2025-08-01,,,85444.395,,
2025-08-02,,,84074.145,,
2025-08-03,,,87289.935,,
2025-08-04,,,84382.05,,
2025-08-05,,,83778.165,,
2025-08-06,,,84234.09,,
2025-08-07,,,83983.11,,
2025-08-08,,,83617.485,,
2025-08-09,,,82757.4,,
2025-08-10,,,81656.115,,
2025-08-11,,,82684.8,,
2025-08-12,,,82978.74,,
2025-08-13,,,84156.975,,
2025-08-14,,,82080.0,,
2025-08-15,,,83783.235,,
2025-08-16,,,86766.15,,
2025-08-17,,,85772.745,,
2025-08-18,,,87268.68,,
2025-08-19,,,88341.51,,
2025-08-20,,,91988.13,,
2025-08-21,,,91842.12,,
2025-08-22,,,92092.56,,
2025-08-23,,,95520.06,,
2025-08-24,,,96223.26,,
2025-08-25,,,93753.69,,
2025-08-26,,,91084.575,,
2025-08-27,,,92061.585,,
2025-08-28,,,86759.76,,
2025-08-29,,,89644.17,,
2025-08-30,,,88940.475,,
2025-08-31,,,93455.595,,
2025-09-01,,,91528.635,,
2025-09-02,,,91700.925,,
2025-09-03,,,90941.31,,
2025-09-04,,,88558.5,,
2025-09-05,,,91776.9,,
2025-09-06,,,85570.41,,
2025-09-07,,,89796.765,,
2025-09-08,,,90667.53,,
2025-09-09,,,92020.815,,
2025-09-10,,,89673.48,,
2025-09-11,,,91038.99,,
2025-09-12,,,87985.74,,
2025-09-13,,,89344.005,,
2025-09-14,,,92060.58,,
2025-09-15,,,98165.19,,
2025-09-16,,,91955.55,,
2025-09-17,,,91822.5,,
2025-09-18,,,90720.0,,
2025-09-19,,,91901.25,,
2025-09-20,,,91191.885,,
2025-09-21,,,92013.285,,
2025-09-22,,,91747.395,,
2025-09-23,,,92128.5,,
2025-09-24,,,90075.0,,
2025-09-25,,,90745.38,,
2025-09-26,,,91980.84,,
2025-09-27,,,95337.15,,
2025-09-28,,,98031.51,,
2025-09-29,,,95198.01,,
2025-09-30,,,102254.04,,
2025-10-01,,,110544.75,,
2025-10-02,,,111456.0,,
2025-10-03,,,111456.0,,
2025-10-04,,,110261.61,,
2025-10-05,,,108181.845,,
2025-10-06,,,111456.0,,
2025-10-07,,,113484.285,,
2025-10-08,,,136650.9,,
2025-10-09,,,140663.295,,
2025-10-10,,,133786.65,,
2025-10-11,,,144069.57,,
2025-10-12,,,164369.145,,
2025-10-13,,,167003.37,,
2025-10-14,,,134980.08,,
2025-10-15,,,132933.015,,
2025-10-16,,,150760.8,,
2025-10-17,,,151857.0,,
2025-10-18,,,165588.015,,
2025-10-19,,,187132.29,,
2025-10-20,,,156833.28,,
2025-10-21,,,146412.135,,
2025-10-22,,,138395.595,,
2025-10-23,,,136761.0,,
2025-10-24,,,132592.74,,
2025-10-25,,,149053.86,,
2025-10-26,,,198642.645,,
2025-10-27,,,159104.7,,
2025-10-28,,,129016.485,,
2025-10-29,,,128532.57,,
2025-10-30,,,116537.085,,
2025-10-31,,,116443.98,,
2025-11-01,,,154124.46,,
2025-11-02,,,169996.83,,
2025-11-03,,,141608.34,,
2025-11-04,,,132947.31,,
2025-11-05,,,135533.085,,
2025-11-06,,,135073.59,,
2025-11-07,,,122986.65,,
2025-11-08,,,138364.5,,
2025-11-09,,,152922.36,,
2025-11-10,,,129278.07,,
2025-11-11,,,111461.25,,
2025-11-12,,,111456.0,,
2025-11-13,,,111456.0,,
2025-11-14,,,149315.955,,
2025-11-15,,,292756.17,,
2025-11-16,,,329598.6,,
2025-11-17,,,298549.29,,
2025-11-18,,,250843.05,,
2025-11-19,,,212674.26,,
2025-11-20,,,202202.88,,
2025-11-21,,,185247.0,,
2025-11-22,,,182027.1,,
2025-11-23,,,199372.86,,
2025-11-24,,,216584.895,,
2025-11-25,,,205075.23,,
2025-11-26,,,284364.48,,
2025-11-27,,,226180.29,,
2025-11-28,,,231934.62,,
2025-11-29,,,172384.65,,
2025-11-30,,,179775.36,,
2025-12-01,,,188498.01,,
2025-12-02,,,215778.915,,
2025-12-03,,,236955.645,,
2025-12-04,,,223360.005,,
2025-12-05,,,236407.35,,
2025-12-06,,,235594.02,,
2025-12-07,,,289549.335,,
2025-12-08,,,272860.545,,
2025-12-09,,,254167.305,,
2025-12-10,,,286959.57,,
2025-12-11,,,347988.315,,
2025-12-12,,,427157.79,,
2025-12-13,,,350048.04,,
2025-12-14,,,344045.79,,
2025-12-15,,,323311.47,,
2025-12-16,,,321862.995,,
2025-12-17,,,299446.335,,
2025-12-18,,,355081.785,,
2025-12-19,,,338077.71,,
2025-12-20,,,293000.76,,
2025-12-21,,,280011.42,,
2025-12-22,,,320844.9,,
2025-12-23,,,280278.435,,
2025-12-24,,,304215.825,,
2025-12-25,,,305316.9,,
2025-12-26,,,328230.42,,
2025-12-27,,,310693.305,,
2025-12-28,,,385188.0,,
2025-12-29,,,411693.09,,
2025-12-30,,,494115.54,,
2025-12-31,,,557230.185,,
2026-01-01,,,699193.92,,
2026-01-02,,,1707993.21,,
2026-01-03,,,955426.59,,
2026-01-04,,,735922.635,,
2026-01-05,,,637694.82,,
2026-01-06,,,569471.7,,
2026-01-07,,,437910.795,,
2026-01-08,,,491950.815,,
2026-01-09,,,549322.32,,
2026-01-10,,,668033.37,,
2026-01-11,,,674921.82,,
2026-01-12,,,674535.855,,
2026-01-13,,,1207037.205,,
2026-01-14,,,1923435.81,,
2026-01-15,,,1261159.125,,
2026-01-16,,,1018006.125,,
2026-01-17,,,907956.285,,
2026-01-18,,,982081.875,,
2026-01-19,,,1078326.63,,
2026-01-20,,,1011924.81,,
2026-01-21,,,931902.57,,
2026-01-22,,,914896.515,,
2026-01-23,,,873465.15,,
2026-01-24,,,837237.465,,
2026-01-25,,,848946.42,,
2026-01-26,,,888781.32,,
2026-01-27,,,821793.435,,
2026-01-28,,,810750.18,,
2026-01-29,,,904517.7,,
2026-01-30,,,929679.105,,
2026-01-31,,,840896.205,,
2026-02-01,,,896180.1,,
2026-02-02,,,819889.8,,
2026-02-03,,,1083528.45,,
2026-02-04,,,1118378.31,,
2026-02-05,,,981418.77,,
2026-02-06,,,998782.785,,
2026-02-07,,,958582.98,,
2026-02-08,,,923556.12,,
2026-02-09,,,890684.58,,
2026-02-10,,,894681.24,,
2026-02-11,,,879159.93,,
2026-02-12,,,848786.85,,
2026-02-13,,,912039.3,,
2026-02-14,,,945934.95,,
2026-02-15,,,1153927.5,,
2026-02-16,,,1058861.4,,
2026-02-17,,,970501.44,,
2026-02-18,,,927071.4,,
2026-02-19,,,894175.575,,
2026-02-20,,,910427.94,,
2026-02-21,,,913368.015,,
2026-02-22,,,895190.64,,
2026-02-23,,,889485.81,,
2026-02-24,,,891608.82,,
2026-02-25,,,918535.305,,
2026-02-26,,,996022.8,,
2026-02-27,,,1059024.9,,
2026-02-28,,,993664.26,,
2026-03-01,,,906224.865,,
2026-03-02,,,885744.15,,
2026-03-03,,,835671.93,,
2026-03-04,,,834543.12,,
2026-03-05,,,820383.03,,
2026-03-06,,,805451.25,,
2026-03-07,,,823689.915,,
2026-03-08,,,819157.455,,
2026-03-09,,,757897.725,,
2026-03-10,,,726162.84,,
2026-03-11,,,690238.53,,
2026-03-12,,,748173.12,,
2026-03-13,,,742097.13,,
2026-03-14,,,798952.68,,
2026-03-15,,,814463.955,,
2026-03-16,,,825284.37,,
2026-03-17,,,854483.55,,
2026-03-18,,,856260.33,,
2026-03-19,,,883051.035,,
2026-03-20,,,1407500.67,,
2026-03-21,,,2269106.79,,
2026-03-22,,,3657961.305,,
2026-03-23,,,2733961.44,,
2026-03-24,,,2140771.29,,
2026-03-25,,,1792173.885,,
2026-03-26,,,1665462.27,,
2026-03-27,,,1987527.12,,
2026-03-28,,,1781480.88,,
2026-03-29,,,1641098.04,,
2026-03-30,,,1999309.41,,
2026-03-31,,,2073701.369,,
2026-04-01,,,1857961.015,,
2026-04-02,,,1910052.09,,
2026-04-03,,,1727508.1,,
2026-04-04,,,1641001.65,,
2026-04-05,,,1614829.65,,
2026-04-06,,,1525666.275,,
2026-04-07,,,1528923.165,,
2026-04-08,,,1473729.48,,
2026-05-01,,,914400.27,,
2026-05-02,,,995974.305,,
2026-05-03,,,906697.26,,
2026-05-04,,,946988.565,,
2026-05-05,,,989896.98,,
2026-05-06,,,980402.76,,
2026-05-07,,,938746.125,,
2026-05-08,,,890733.33,,
2026-05-09,,,918073.74,,
2026-05-10,,,836388.645,,
2026-05-11,,,796948.59,,
2026-05-12,,,770521.68,,
2026-05-13,,,618869.97,,
2026-05-14,,,763199.67,,
2026-05-15,,,734126.865,,
2026-05-16,,,810793.785,,
2026-05-17,,,794267.025,,
2026-05-18,,,732961.665,,
2026-05-19,,,747308.34,,
2026-05-20,,,684485.13,,
2026-05-21,235008.00000000003,,735720.06,,
2026-05-22,237402.0,,719461.35,,
2026-05-23,241182.0,,738266.61,,
2026-05-24,241308.0,,733205.85,,
2026-05-25,241686.0,,668383.11,,
2026-05-26,238032.0,,689558.385,,
2026-05-27,237353.14285714287,,592072.86,,
2026-05-28,236674.2857142857,,632055.45,,
2026-05-29,235995.42857142858,,666997.92,,
2026-05-30,,,676792.59,,
2026-05-31,,,633894.39,,
2026-06-01,,,526713.6,,
2026-06-02,233280.00000000003,,542721.6,,
2026-06-03,232866.0,,510681.6,,
2026-06-04,237197.7931034483,,485874.6352941176,,
2026-06-05,232929.0,,486322.2,,
2026-06-06,226062.00000000003,,544838.4,,
2026-06-07,225306.00000000003,,532800.0,,
2026-06-08,223248.00000000003,,494318.7692307692,,
2026-06-09,224739.0,,486192.00000000006,,
2026-06-10,222030.0,,494103.6,,
2026-06-11,220140.0,,438012.0,,
2026-06-12,220353.2307692308,,469186.56,,
2026-06-13,220140.0,,502804.8000000001,,
2026-06-17,208296.0,,411571.2,,
2026-06-18,207360.0,,416642.4,,
2026-06-19,209808.0,,452390.4,,
2026-06-20,209682.0,,476150.4,,
2026-06-21,204505.04347826084,,480384.0,,
2026-06-22,201312.0,,384357.2210526316,,
2026-06-23,201240.0,,411570.0,,
2026-06-24,203445.00000000003,,425186.4,,
2026-06-25,204390.0,,385330.8,,
2026-06-26,206217.0,,406327.2,,
2026-06-27,211950.0,,451296.0,,
2026-06-28,203445.00000000003,,411312.0,,
2026-06-29,202059.0,,390649.2,,
2026-06-30,199791.0,,381270.0,,
2026-07-01,196128.0,,357689.4,,
2026-07-02,197991.0,,376154.4,,
2026-07-03,201429.00000000003,,394542.0,,
2026-07-04,199728.0,,419082.00000000006,,
2026-07-05,197431.9120879121,,364782.0,,
2026-07-06,195135.82417582418,,344109.0,,
2026-07-07,192839.73626373627,,371953.20000000007,,
2026-07-08,,,315432.9247706422,,
2026-07-09,,,350830.8,,
2026-07-10,,,350898.00000000006,,
2026-07-11,183655.38461538465,,415104.0,,
2026-07-12,183168.0,,369414.00000000006,,
2026-07-13,178920.0,,383538.0,,
2026-07-14,185472.00000000003,,341996.4,,
2026-07-15,161568.0,,359931.6,,
2026-07-16,191088.00000000003,,364658.4,,
2026-07-17,191453.53846153847,,333956.07272727275,,
2026-07-18,195696.0,,370170.00000000006,,
2026-07-19,200612.57142857145,,348578.5263157895,,
2026-07-20,187488.00000000003,,344871.60000000003,,
2026-07-21,177696.0,,348108.60000000003,,
2026-07-22,174456.0,,360135.6,,
2026-07-23,175776.0,,296083.5428571428,,
2026-07-24,174887.99999999997,,347139.60000000003,,
2026-07-25,172800.0,,371798.4,,
2026-07-26,177048.0,,383568.0,,
2026-07-27,180432.0,,369240.6,,
2026-07-28,178560.00000000003,,394021.2,,
2026-07-29,180864.0,,395295.6,,
2026-07-30,180000.0,,393790.8000000001,,
2026-07-31,174600.0,,381132.0,,
2026-08-01,177984.0,,360192.60000000003,,
2026-08-02,177007.7922077922,,351283.2,,
2026-08-03,176031.58441558442,,372387.6,,
2026-08-04,175055.37662337662,,389616.0,,
2026-08-05,,,394772.4,,
2026-08-06,,,384735.6,,
2026-08-07,,,401170.8000000001,,
2026-08-08,171150.54545454544,,386724.0,,
2026-08-09,171071.99999999997,,403380.0,,
2026-08-10,173318.4,,364689.3176470588,,
2026-08-11,169992.0,,452853.6,,
2026-08-12,164736.0,,426362.4,,
2026-08-13,167369.14285714284,,387802.9592920354,,
2026-08-14,172079.99999999997,,438835.2,,
