Date,station,original_value,new_value,reason,layer
2013-01-09,JORDAN - BAPTISM SITE,2169042.17,,monthly_IQR_3x (see station/month for bounds),monthly
2013-01-10,JORDAN - BAPTISM SITE,1792399.59,,monthly_IQR_3x (see station/month for bounds),monthly
2013-01-13,JORDAN - BAPTISM SITE,4392918.72,,monthly_IQR_3x (see station/month for bounds),monthly
2013-01-14,JORDAN - BAPTISM SITE,8860800.96,,monthly_IQR_3x (see station/month for bounds),monthly
2013-01-15,JORDAN - BAPTISM SITE,7554026.93,,monthly_IQR_3x (see station/month for bounds),monthly
2013-01-16,JORDAN - BAPTISM SITE,5645842.2,,monthly_IQR_3x (see station/month for bounds),monthly
2013-01-17,JORDAN - BAPTISM SITE,4174321.91,,monthly_IQR_3x (see station/month for bounds),monthly
2013-01-18,JORDAN - BAPTISM SITE,3113481.38,,monthly_IQR_3x (see station/month for bounds),monthly
2013-01-19,JORDAN - BAPTISM SITE,2368718.19,,monthly_IQR_3x (see station/month for bounds),monthly
2013-01-20,JORDAN - BAPTISM SITE,1796065.92,,monthly_IQR_3x (see station/month for bounds),monthly
2018-05-01,JORDAN - BAPTISM SITE,604414.77,,monthly_IQR_3x (see station/month for bounds),monthly
2018-05-02,JORDAN - BAPTISM SITE,584518.63,,monthly_IQR_3x (see station/month for bounds),monthly
2018-12-08,JORDAN - BAPTISM SITE,851535.44,,monthly_IQR_3x (see station/month for bounds),monthly
2018-12-13,JORDAN - BAPTISM SITE,832462.67,,monthly_IQR_3x (see station/month for bounds),monthly
2018-12-14,JORDAN - BAPTISM SITE,905900.89,,monthly_IQR_3x (see station/month for bounds),monthly
2018-12-15,JORDAN - BAPTISM SITE,930846.02,,monthly_IQR_3x (see station/month for bounds),monthly
2018-12-16,JORDAN - BAPTISM SITE,897558.25,,monthly_IQR_3x (see station/month for bounds),monthly
2019-01-26,JORDAN - BAPTISM SITE,1780871.2,,monthly_IQR_3x (see station/month for bounds),monthly
2019-01-27,JORDAN - BAPTISM SITE,1663285.28,,monthly_IQR_3x (see station/month for bounds),monthly
2019-03-01,JORDAN - BAPTISM SITE,2130213.04,,monthly_IQR_3x (see station/month for bounds),monthly
2019-03-05,JORDAN - BAPTISM SITE,1351208.7,,monthly_IQR_3x (see station/month for bounds),monthly
2019-03-06,JORDAN - BAPTISM SITE,1456850.72,,monthly_IQR_3x (see station/month for bounds),monthly
2019-03-07,JORDAN - BAPTISM SITE,1404172.86,,monthly_IQR_3x (see station/month for bounds),monthly
2019-03-08,JORDAN - BAPTISM SITE,1431628.7,,monthly_IQR_3x (see station/month for bounds),monthly
2019-03-09,JORDAN - BAPTISM SITE,1695121.67,,monthly_IQR_3x (see station/month for bounds),monthly
2019-03-10,JORDAN - BAPTISM SITE,2105686.78,,monthly_IQR_3x (see station/month for bounds),monthly
2019-03-11,JORDAN - BAPTISM SITE,2130645.85,,monthly_IQR_3x (see station/month for bounds),monthly
2019-03-12,JORDAN - BAPTISM SITE,1863921.22,,monthly_IQR_3x (see station/month for bounds),monthly
2019-03-13,JORDAN - BAPTISM SITE,1559043.35,,monthly_IQR_3x (see station/month for bounds),monthly
2019-03-14,JORDAN - BAPTISM SITE,1265275.4,,monthly_IQR_3x (see station/month for bounds),monthly
2019-03-25,JORDAN - BAPTISM SITE,1363878.43,,monthly_IQR_3x (see station/month for bounds),monthly
2019-03-26,JORDAN - BAPTISM SITE,1451703.54,,monthly_IQR_3x (see station/month for bounds),monthly
2019-04-01,JORDAN - BAPTISM SITE,947760.27,,monthly_IQR_3x (see station/month for bounds),monthly
2019-04-02,JORDAN - BAPTISM SITE,1010610.58,,monthly_IQR_3x (see station/month for bounds),monthly
2019-04-03,JORDAN - BAPTISM SITE,1006670.14,,monthly_IQR_3x (see station/month for bounds),monthly
2019-04-04,JORDAN - BAPTISM SITE,1080241.58,,monthly_IQR_3x (see station/month for bounds),monthly
2019-04-05,JORDAN - BAPTISM SITE,1206932.3,,monthly_IQR_3x (see station/month for bounds),monthly
2019-04-06,JORDAN - BAPTISM SITE,1234227.14,,monthly_IQR_3x (see station/month for bounds),monthly
2019-04-07,JORDAN - BAPTISM SITE,1165401.71,,monthly_IQR_3x (see station/month for bounds),monthly
2019-04-08,JORDAN - BAPTISM SITE,1162425.62,,monthly_IQR_3x (see station/month for bounds),monthly
2019-04-09,JORDAN - BAPTISM SITE,1282930.93,,monthly_IQR_3x (see station/month for bounds),monthly
2019-04-10,JORDAN - BAPTISM SITE,1483665.94,,monthly_IQR_3x (see station/month for bounds),monthly
2019-04-11,JORDAN - BAPTISM SITE,1637789.23,,monthly_IQR_3x (see station/month for bounds),monthly
2019-04-12,JORDAN - BAPTISM SITE,1491672.75,,monthly_IQR_3x (see station/month for bounds),monthly
2019-04-13,JORDAN - BAPTISM SITE,1043368.37,,monthly_IQR_3x (see station/month for bounds),monthly
2020-01-15,JORDAN - BAPTISM SITE,2075518.35,,monthly_IQR_3x (see station/month for bounds),monthly
2020-01-16,JORDAN - BAPTISM SITE,4905620.19,,monthly_IQR_3x (see station/month for bounds),monthly
2020-01-17,JORDAN - BAPTISM SITE,4974036.3,,monthly_IQR_3x (see station/month for bounds),monthly
2020-01-18,JORDAN - BAPTISM SITE,3283323.62,,monthly_IQR_3x (see station/month for bounds),monthly
2020-01-19,JORDAN - BAPTISM SITE,2132176.01,,monthly_IQR_3x (see station/month for bounds),monthly
2020-01-27,JORDAN - BAPTISM SITE,2333377.58,,monthly_IQR_3x (see station/month for bounds),monthly
2020-01-28,JORDAN - BAPTISM SITE,3044617.65,,monthly_IQR_3x (see station/month for bounds),monthly
2020-01-29,JORDAN - BAPTISM SITE,2739739.14,,monthly_IQR_3x (see station/month for bounds),monthly
2020-01-30,JORDAN - BAPTISM SITE,2535310.53,,monthly_IQR_3x (see station/month for bounds),monthly
2020-01-31,JORDAN - BAPTISM SITE,2406940.43,,monthly_IQR_3x (see station/month for bounds),monthly
2020-02-01,JORDAN - BAPTISM SITE,2296472.63,,monthly_IQR_3x (see station/month for bounds),monthly
2020-02-02,JORDAN - BAPTISM SITE,2016897.84,,monthly_IQR_3x (see station/month for bounds),monthly
2020-02-16,JORDAN - BAPTISM SITE,2510645.09,,monthly_IQR_3x (see station/month for bounds),monthly
2020-02-17,JORDAN - BAPTISM SITE,3061674.63,,monthly_IQR_3x (see station/month for bounds),monthly
2020-02-18,JORDAN - BAPTISM SITE,2914922.16,,monthly_IQR_3x (see station/month for bounds),monthly
2020-02-19,JORDAN - BAPTISM SITE,2646202.5,,monthly_IQR_3x (see station/month for bounds),monthly
2020-02-20,JORDAN - BAPTISM SITE,2445580.49,,monthly_IQR_3x (see station/month for bounds),monthly
2020-02-21,JORDAN - BAPTISM SITE,2173905.41,,monthly_IQR_3x (see station/month for bounds),monthly
2020-03-17,JORDAN - BAPTISM SITE,4470060.38,,monthly_IQR_3x (see station/month for bounds),monthly
2020-03-18,JORDAN - BAPTISM SITE,5434482.96,,monthly_IQR_3x (see station/month for bounds),monthly
2020-03-19,JORDAN - BAPTISM SITE,3365558.1,,monthly_IQR_3x (see station/month for bounds),monthly
2020-03-20,JORDAN - BAPTISM SITE,2161757.66,,monthly_IQR_3x (see station/month for bounds),monthly
2020-03-21,JORDAN - BAPTISM SITE,2169372.42,,monthly_IQR_3x (see station/month for bounds),monthly
2020-03-22,JORDAN - BAPTISM SITE,2894748.44,,monthly_IQR_3x (see station/month for bounds),monthly
2020-03-23,JORDAN - BAPTISM SITE,2487572.28,,monthly_IQR_3x (see station/month for bounds),monthly
2020-03-24,JORDAN - BAPTISM SITE,2229816.24,,monthly_IQR_3x (see station/month for bounds),monthly
2020-03-25,JORDAN - BAPTISM SITE,2296449.05,,monthly_IQR_3x (see station/month for bounds),monthly
2020-03-26,JORDAN - BAPTISM SITE,2121375.15,,monthly_IQR_3x (see station/month for bounds),monthly
2020-03-27,JORDAN - BAPTISM SITE,2087321.4,,monthly_IQR_3x (see station/month for bounds),monthly
2020-03-28,JORDAN - BAPTISM SITE,2180882.07,,monthly_IQR_3x (see station/month for bounds),monthly
2020-03-29,JORDAN - BAPTISM SITE,2101507.83,,monthly_IQR_3x (see station/month for bounds),monthly
2020-03-30,JORDAN - BAPTISM SITE,1900164.62,,monthly_IQR_3x (see station/month for bounds),monthly
2020-03-31,JORDAN - BAPTISM SITE,1672340.85,,monthly_IQR_3x (see station/month for bounds),monthly
2020-04-01,JORDAN - BAPTISM SITE,1483857.45,,monthly_IQR_3x (see station/month for bounds),monthly
2020-04-02,JORDAN - BAPTISM SITE,1350855.0,,monthly_IQR_3x (see station/month for bounds),monthly
2020-04-03,JORDAN - BAPTISM SITE,1187112.47,,monthly_IQR_3x (see station/month for bounds),monthly
2020-04-04,JORDAN - BAPTISM SITE,1006572.29,,monthly_IQR_3x (see station/month for bounds),monthly
2023-04-14,JORDAN - BAPTISM SITE,1294989.66,,monthly_IQR_3x (see station/month for bounds),monthly
2024-02-07,JORDAN - BAPTISM SITE,2223059.63,,monthly_IQR_3x (see station/month for bounds),monthly
2024-02-08,JORDAN - BAPTISM SITE,2909042.1,,monthly_IQR_3x (see station/month for bounds),monthly
2024-02-09,JORDAN - BAPTISM SITE,2982750.3,,monthly_IQR_3x (see station/month for bounds),monthly
2024-02-10,JORDAN - BAPTISM SITE,2553741.99,,monthly_IQR_3x (see station/month for bounds),monthly
2024-02-11,JORDAN - BAPTISM SITE,2156314.37,,monthly_IQR_3x (see station/month for bounds),monthly
2024-02-25,JORDAN - BAPTISM SITE,2500917.08,,monthly_IQR_3x (see station/month for bounds),monthly
2024-02-26,JORDAN - BAPTISM SITE,2864129.13,,monthly_IQR_3x (see station/month for bounds),monthly
2024-02-27,JORDAN - BAPTISM SITE,2722846.73,,monthly_IQR_3x (see station/month for bounds),monthly
2024-02-28,JORDAN - BAPTISM SITE,2192535.63,,monthly_IQR_3x (see station/month for bounds),monthly
2024-03-01,JORDAN - BAPTISM SITE,1312514.51,,monthly_IQR_3x (see station/month for bounds),monthly
1971-02-24,JORDAN - OBSTACLE BRIDGE,7738980.45,,monthly_IQR_3x (see station/month for bounds),monthly
1971-04-13,JORDAN - OBSTACLE BRIDGE,5618105.15,,monthly_IQR_3x (see station/month for bounds),monthly
1971-04-14,JORDAN - OBSTACLE BRIDGE,9386740.43,,monthly_IQR_3x (see station/month for bounds),monthly
1971-04-15,JORDAN - OBSTACLE BRIDGE,8835329.35,,monthly_IQR_3x (see station/month for bounds),monthly
1971-04-16,JORDAN - OBSTACLE BRIDGE,8275832.96,,monthly_IQR_3x (see station/month for bounds),monthly
1971-04-17,JORDAN - OBSTACLE BRIDGE,9500337.99,,monthly_IQR_3x (see station/month for bounds),monthly
1971-04-18,JORDAN - OBSTACLE BRIDGE,11083048.19,,monthly_IQR_3x (see station/month for bounds),monthly
1971-04-19,JORDAN - OBSTACLE BRIDGE,9474907.8,,monthly_IQR_3x (see station/month for bounds),monthly
1971-04-20,JORDAN - OBSTACLE BRIDGE,7982898.6,,monthly_IQR_3x (see station/month for bounds),monthly
1971-04-21,JORDAN - OBSTACLE BRIDGE,6866348.24,,monthly_IQR_3x (see station/month for bounds),monthly
1971-04-22,JORDAN - OBSTACLE BRIDGE,6152283.99,,monthly_IQR_3x (see station/month for bounds),monthly
1971-04-23,JORDAN - OBSTACLE BRIDGE,5802537.81,,monthly_IQR_3x (see station/month for bounds),monthly
1971-04-24,JORDAN - OBSTACLE BRIDGE,5755739.19,,monthly_IQR_3x (see station/month for bounds),monthly
1971-05-01,JORDAN - OBSTACLE BRIDGE,3624415.87,,monthly_IQR_3x (see station/month for bounds),monthly
1971-05-02,JORDAN - OBSTACLE BRIDGE,3569940.52,,monthly_IQR_3x (see station/month for bounds),monthly
1974-01-20,JORDAN - OBSTACLE BRIDGE,5379689.85,,monthly_IQR_3x (see station/month for bounds),monthly
1974-01-21,JORDAN - OBSTACLE BRIDGE,8118417.45,,monthly_IQR_3x (see station/month for bounds),monthly
1974-01-22,JORDAN - OBSTACLE BRIDGE,6352368.15,,monthly_IQR_3x (see station/month for bounds),monthly
1974-03-01,JORDAN - OBSTACLE BRIDGE,7002197.7,,monthly_IQR_3x (see station/month for bounds),monthly
1974-03-02,JORDAN - OBSTACLE BRIDGE,7206853.05,,monthly_IQR_3x (see station/month for bounds),monthly
1975-12-28,JORDAN - OBSTACLE BRIDGE,3463414.44,,monthly_IQR_3x (see station/month for bounds),monthly
1976-11-28,JORDAN - OBSTACLE BRIDGE,4308281.55,,monthly_IQR_3x (see station/month for bounds),monthly
1976-11-29,JORDAN - OBSTACLE BRIDGE,3045986.4,,monthly_IQR_3x (see station/month for bounds),monthly
1976-11-30,JORDAN - OBSTACLE BRIDGE,2644185.0,,monthly_IQR_3x (see station/month for bounds),monthly
1976-12-27,JORDAN - OBSTACLE BRIDGE,4179951.9,,monthly_IQR_3x (see station/month for bounds),monthly
1977-12-06,JORDAN - OBSTACLE BRIDGE,4267663.95,,monthly_IQR_3x (see station/month for bounds),monthly
1977-12-16,JORDAN - OBSTACLE BRIDGE,3876177.9,,monthly_IQR_3x (see station/month for bounds),monthly
1977-12-17,JORDAN - OBSTACLE BRIDGE,4186009.05,,monthly_IQR_3x (see station/month for bounds),monthly
1977-12-18,JORDAN - OBSTACLE BRIDGE,3121749.45,,monthly_IQR_3x (see station/month for bounds),monthly
1978-01-27,JORDAN - OBSTACLE BRIDGE,6868674.75,,monthly_IQR_3x (see station/month for bounds),monthly
1978-03-14,JORDAN - OBSTACLE BRIDGE,7169012.1,,monthly_IQR_3x (see station/month for bounds),monthly
1979-12-27,JORDAN - OBSTACLE BRIDGE,3081977.7,,monthly_IQR_3x (see station/month for bounds),monthly
1980-03-02,JORDAN - OBSTACLE BRIDGE,8415592.35,,monthly_IQR_3x (see station/month for bounds),monthly
1980-03-03,JORDAN - OBSTACLE BRIDGE,7641057.45,,monthly_IQR_3x (see station/month for bounds),monthly
1980-04-04,JORDAN - OBSTACLE BRIDGE,7045917.0,,monthly_IQR_3x (see station/month for bounds),monthly
1981-01-12,JORDAN - OBSTACLE BRIDGE,8479701.97,,monthly_IQR_3x (see station/month for bounds),monthly
1981-01-27,JORDAN - OBSTACLE BRIDGE,5842621.8,,monthly_IQR_3x (see station/month for bounds),monthly
1982-02-03,JORDAN - OBSTACLE BRIDGE,8454780.0,,monthly_IQR_3x (see station/month for bounds),monthly
1983-03-05,JORDAN - OBSTACLE BRIDGE,11552760.0,,monthly_IQR_3x (see station/month for bounds),monthly
1983-03-06,JORDAN - OBSTACLE BRIDGE,10634544.0,,monthly_IQR_3x (see station/month for bounds),monthly
1983-03-07,JORDAN - OBSTACLE BRIDGE,7002999.0,,monthly_IQR_3x (see station/month for bounds),monthly
1985-02-05,JORDAN - OBSTACLE BRIDGE,8752192.63,,monthly_IQR_3x (see station/month for bounds),monthly
1986-11-09,JORDAN - OBSTACLE BRIDGE,3053726.01,,monthly_IQR_3x (see station/month for bounds),monthly
1986-11-10,JORDAN - OBSTACLE BRIDGE,3432759.89,,monthly_IQR_3x (see station/month for bounds),monthly
1986-12-22,JORDAN - OBSTACLE BRIDGE,4822880.01,,monthly_IQR_3x (see station/month for bounds),monthly
1986-12-23,JORDAN - OBSTACLE BRIDGE,3104569.13,,monthly_IQR_3x (see station/month for bounds),monthly
1986-12-28,JORDAN - OBSTACLE BRIDGE,4724234.8,,monthly_IQR_3x (see station/month for bounds),monthly
1986-12-29,JORDAN - OBSTACLE BRIDGE,3189627.72,,monthly_IQR_3x (see station/month for bounds),monthly
1986-12-30,JORDAN - OBSTACLE BRIDGE,4643178.6,,monthly_IQR_3x (see station/month for bounds),monthly
1986-12-31,JORDAN - OBSTACLE BRIDGE,3111742.56,,monthly_IQR_3x (see station/month for bounds),monthly
1987-01-26,JORDAN - OBSTACLE BRIDGE,7658772.51,,monthly_IQR_3x (see station/month for bounds),monthly
1987-01-27,JORDAN - OBSTACLE BRIDGE,5356273.57,,monthly_IQR_3x (see station/month for bounds),monthly
1987-12-23,JORDAN - OBSTACLE BRIDGE,3844227.43,,monthly_IQR_3x (see station/month for bounds),monthly
1987-12-24,JORDAN - OBSTACLE BRIDGE,4463189.96,,monthly_IQR_3x (see station/month for bounds),monthly
1987-12-25,JORDAN - OBSTACLE BRIDGE,4022968.37,,monthly_IQR_3x (see station/month for bounds),monthly
1987-12-26,JORDAN - OBSTACLE BRIDGE,4617240.71,,monthly_IQR_3x (see station/month for bounds),monthly
1987-12-27,JORDAN - OBSTACLE BRIDGE,3828107.12,,monthly_IQR_3x (see station/month for bounds),monthly
1987-12-28,JORDAN - OBSTACLE BRIDGE,3070056.98,,monthly_IQR_3x (see station/month for bounds),monthly
1988-02-02,JORDAN - OBSTACLE BRIDGE,9889475.8,,monthly_IQR_3x (see station/month for bounds),monthly
1988-12-27,JORDAN - OBSTACLE BRIDGE,2568756.42,,monthly_IQR_3x (see station/month for bounds),monthly
1991-12-10,JORDAN - OBSTACLE BRIDGE,5195443.01,,monthly_IQR_3x (see station/month for bounds),monthly
1991-12-11,JORDAN - OBSTACLE BRIDGE,2728792.82,,monthly_IQR_3x (see station/month for bounds),monthly
1991-12-12,JORDAN - OBSTACLE BRIDGE,4040516.44,,monthly_IQR_3x (see station/month for bounds),monthly
1991-12-13,JORDAN - OBSTACLE BRIDGE,5341689.24,,monthly_IQR_3x (see station/month for bounds),monthly
1991-12-14,JORDAN - OBSTACLE BRIDGE,4100963.32,,monthly_IQR_3x (see station/month for bounds),monthly
1991-12-15,JORDAN - OBSTACLE BRIDGE,2846086.45,,monthly_IQR_3x (see station/month for bounds),monthly
1991-12-28,JORDAN - OBSTACLE BRIDGE,4214918.56,,monthly_IQR_3x (see station/month for bounds),monthly
1991-12-29,JORDAN - OBSTACLE BRIDGE,3678943.96,,monthly_IQR_3x (see station/month for bounds),monthly
1991-12-30,JORDAN - OBSTACLE BRIDGE,2625180.86,,monthly_IQR_3x (see station/month for bounds),monthly
1991-12-31,JORDAN - OBSTACLE BRIDGE,4095335.04,,monthly_IQR_3x (see station/month for bounds),monthly
1992-01-01,JORDAN - OBSTACLE BRIDGE,7913734.22,,monthly_IQR_3x (see station/month for bounds),monthly
1992-01-02,JORDAN - OBSTACLE BRIDGE,6734865.17,,monthly_IQR_3x (see station/month for bounds),monthly
1992-02-01,JORDAN - OBSTACLE BRIDGE,8406154.41,,monthly_IQR_3x (see station/month for bounds),monthly
1992-02-04,JORDAN - OBSTACLE BRIDGE,9906933.04,,monthly_IQR_3x (see station/month for bounds),monthly
1992-02-05,JORDAN - OBSTACLE BRIDGE,10896033.0,,monthly_IQR_3x (see station/month for bounds),monthly
1992-02-06,JORDAN - OBSTACLE BRIDGE,10647655.5,,monthly_IQR_3x (see station/month for bounds),monthly
1992-02-07,JORDAN - OBSTACLE BRIDGE,10159643.1,,monthly_IQR_3x (see station/month for bounds),monthly
1992-02-08,JORDAN - OBSTACLE BRIDGE,7758456.19,,monthly_IQR_3x (see station/month for bounds),monthly
1992-12-14,JORDAN - OBSTACLE BRIDGE,2794814.09,,monthly_IQR_3x (see station/month for bounds),monthly
1992-12-15,JORDAN - OBSTACLE BRIDGE,4697615.71,,monthly_IQR_3x (see station/month for bounds),monthly
1992-12-16,JORDAN - OBSTACLE BRIDGE,8045639.82,,monthly_IQR_3x (see station/month for bounds),monthly
1992-12-17,JORDAN - OBSTACLE BRIDGE,6309437.82,,monthly_IQR_3x (see station/month for bounds),monthly
1992-12-18,JORDAN - OBSTACLE BRIDGE,4480805.48,,monthly_IQR_3x (see station/month for bounds),monthly
1992-12-19,JORDAN - OBSTACLE BRIDGE,3643105.54,,monthly_IQR_3x (see station/month for bounds),monthly
1992-12-20,JORDAN - OBSTACLE BRIDGE,3043977.47,,monthly_IQR_3x (see station/month for bounds),monthly
1992-12-21,JORDAN - OBSTACLE BRIDGE,2678143.39,,monthly_IQR_3x (see station/month for bounds),monthly
1992-12-24,JORDAN - OBSTACLE BRIDGE,3080193.17,,monthly_IQR_3x (see station/month for bounds),monthly
1992-12-25,JORDAN - OBSTACLE BRIDGE,3074828.91,,monthly_IQR_3x (see station/month for bounds),monthly
1992-12-26,JORDAN - OBSTACLE BRIDGE,2679044.93,,monthly_IQR_3x (see station/month for bounds),monthly
1992-12-27,JORDAN - OBSTACLE BRIDGE,2572417.47,,monthly_IQR_3x (see station/month for bounds),monthly
1993-01-09,JORDAN - OBSTACLE BRIDGE,5728255.29,,monthly_IQR_3x (see station/month for bounds),monthly
1993-01-10,JORDAN - OBSTACLE BRIDGE,6886322.09,,monthly_IQR_3x (see station/month for bounds),monthly
1993-01-11,JORDAN - OBSTACLE BRIDGE,7535840.61,,monthly_IQR_3x (see station/month for bounds),monthly
1994-12-02,JORDAN - OBSTACLE BRIDGE,6511144.06,,monthly_IQR_3x (see station/month for bounds),monthly
1994-12-03,JORDAN - OBSTACLE BRIDGE,5812827.27,,monthly_IQR_3x (see station/month for bounds),monthly
1994-12-04,JORDAN - OBSTACLE BRIDGE,3493383.68,,monthly_IQR_3x (see station/month for bounds),monthly
1994-12-05,JORDAN - OBSTACLE BRIDGE,2764816.44,,monthly_IQR_3x (see station/month for bounds),monthly
1994-12-19,JORDAN - OBSTACLE BRIDGE,6426510.32,,monthly_IQR_3x (see station/month for bounds),monthly
1994-12-20,JORDAN - OBSTACLE BRIDGE,5847367.28,,monthly_IQR_3x (see station/month for bounds),monthly
1994-12-21,JORDAN - OBSTACLE BRIDGE,4231445.49,,monthly_IQR_3x (see station/month for bounds),monthly
1994-12-22,JORDAN - OBSTACLE BRIDGE,2983140.43,,monthly_IQR_3x (see station/month for bounds),monthly
1994-12-23,JORDAN - OBSTACLE BRIDGE,2614169.93,,monthly_IQR_3x (see station/month for bounds),monthly
1995-02-08,JORDAN - OBSTACLE BRIDGE,9643005.25,,monthly_IQR_3x (see station/month for bounds),monthly
1998-01-26,JORDAN - OBSTACLE BRIDGE,5424932.17,,monthly_IQR_3x (see station/month for bounds),monthly
2002-12-20,JORDAN - OBSTACLE BRIDGE,5029167.8,,monthly_IQR_3x (see station/month for bounds),monthly
2002-12-21,JORDAN - OBSTACLE BRIDGE,4270876.02,,monthly_IQR_3x (see station/month for bounds),monthly
2003-02-04,JORDAN - OBSTACLE BRIDGE,8722426.01,,monthly_IQR_3x (see station/month for bounds),monthly
2003-02-05,JORDAN - OBSTACLE BRIDGE,8370509.01,,monthly_IQR_3x (see station/month for bounds),monthly
2003-02-20,JORDAN - OBSTACLE BRIDGE,8204945.73,,monthly_IQR_3x (see station/month for bounds),monthly
2003-02-21,JORDAN - OBSTACLE BRIDGE,10933662.63,,monthly_IQR_3x (see station/month for bounds),monthly
2003-02-22,JORDAN - OBSTACLE BRIDGE,11375260.32,,monthly_IQR_3x (see station/month for bounds),monthly
2003-02-23,JORDAN - OBSTACLE BRIDGE,8040483.61,,monthly_IQR_3x (see station/month for bounds),monthly
2003-02-25,JORDAN - OBSTACLE BRIDGE,8365765.72,,monthly_IQR_3x (see station/month for bounds),monthly
2003-02-26,JORDAN - OBSTACLE BRIDGE,8806948.78,,monthly_IQR_3x (see station/month for bounds),monthly
2003-02-27,JORDAN - OBSTACLE BRIDGE,7612793.78,,monthly_IQR_3x (see station/month for bounds),monthly
2003-02-28,JORDAN - OBSTACLE BRIDGE,7466429.87,,monthly_IQR_3x (see station/month for bounds),monthly
2003-03-20,JORDAN - OBSTACLE BRIDGE,8085422.35,,monthly_IQR_3x (see station/month for bounds),monthly
2003-03-25,JORDAN - OBSTACLE BRIDGE,8927144.9,,monthly_IQR_3x (see station/month for bounds),monthly
2003-03-26,JORDAN - OBSTACLE BRIDGE,10788919.56,,monthly_IQR_3x (see station/month for bounds),monthly
2003-03-27,JORDAN - OBSTACLE BRIDGE,9055699.38,,monthly_IQR_3x (see station/month for bounds),monthly
2003-03-28,JORDAN - OBSTACLE BRIDGE,7319285.87,,monthly_IQR_3x (see station/month for bounds),monthly
2004-01-24,JORDAN - OBSTACLE BRIDGE,11481345.6,,monthly_IQR_3x (see station/month for bounds),monthly
2004-01-25,JORDAN - OBSTACLE BRIDGE,8402640.94,,monthly_IQR_3x (see station/month for bounds),monthly
2004-01-26,JORDAN - OBSTACLE BRIDGE,6434360.19,,monthly_IQR_3x (see station/month for bounds),monthly
2004-01-27,JORDAN - OBSTACLE BRIDGE,8524492.11,,monthly_IQR_3x (see station/month for bounds),monthly
2004-01-28,JORDAN - OBSTACLE BRIDGE,6841615.35,,monthly_IQR_3x (see station/month for bounds),monthly
2004-02-17,JORDAN - OBSTACLE BRIDGE,7853984.67,,monthly_IQR_3x (see station/month for bounds),monthly
2005-02-06,JORDAN - OBSTACLE BRIDGE,8087641.88,,monthly_IQR_3x (see station/month for bounds),monthly
2005-02-08,JORDAN - OBSTACLE BRIDGE,7583230.3,,monthly_IQR_3x (see station/month for bounds),monthly
2005-12-25,JORDAN - OBSTACLE BRIDGE,2725101.4,,monthly_IQR_3x (see station/month for bounds),monthly
2009-03-01,JORDAN - OBSTACLE BRIDGE,7147237.93,,monthly_IQR_3x (see station/month for bounds),monthly
2009-12-18,JORDAN - OBSTACLE BRIDGE,6011604.0,,monthly_IQR_3x (see station/month for bounds),monthly
2009-12-19,JORDAN - OBSTACLE BRIDGE,5274252.0,,monthly_IQR_3x (see station/month for bounds),monthly
2009-12-20,JORDAN - OBSTACLE BRIDGE,2802852.0,,monthly_IQR_3x (see station/month for bounds),monthly
2010-01-20,JORDAN - OBSTACLE BRIDGE,6920064.0,,monthly_IQR_3x (see station/month for bounds),monthly
2010-01-21,JORDAN - OBSTACLE BRIDGE,8969040.0,,monthly_IQR_3x (see station/month for bounds),monthly
2010-01-25,JORDAN - OBSTACLE BRIDGE,7741296.0,,monthly_IQR_3x (see station/month for bounds),monthly
2010-01-26,JORDAN - OBSTACLE BRIDGE,6268068.0,,monthly_IQR_3x (see station/month for bounds),monthly
2010-12-13,JORDAN - OBSTACLE BRIDGE,2951093.11,,monthly_IQR_3x (see station/month for bounds),monthly
2011-03-10,JORDAN - OBSTACLE BRIDGE,7538401.87,,monthly_IQR_3x (see station/month for bounds),monthly
2012-02-18,JORDAN - OBSTACLE BRIDGE,7531155.29,,monthly_IQR_3x (see station/month for bounds),monthly
2012-03-01,JORDAN - OBSTACLE BRIDGE,7582001.84,,monthly_IQR_3x (see station/month for bounds),monthly
2012-03-02,JORDAN - OBSTACLE BRIDGE,8529131.28,,monthly_IQR_3x (see station/month for bounds),monthly
2012-03-16,JORDAN - OBSTACLE BRIDGE,7094958.01,,monthly_IQR_3x (see station/month for bounds),monthly
2012-12-07,JORDAN - OBSTACLE BRIDGE,3926651.04,,monthly_IQR_3x (see station/month for bounds),monthly
2012-12-08,JORDAN - OBSTACLE BRIDGE,5483111.01,,monthly_IQR_3x (see station/month for bounds),monthly
2012-12-09,JORDAN - OBSTACLE BRIDGE,2794695.75,,monthly_IQR_3x (see station/month for bounds),monthly
2012-12-21,JORDAN - OBSTACLE BRIDGE,8945641.01,,monthly_IQR_3x (see station/month for bounds),monthly
2012-12-22,JORDAN - OBSTACLE BRIDGE,6997478.21,,monthly_IQR_3x (see station/month for bounds),monthly
2012-12-23,JORDAN - OBSTACLE BRIDGE,3815970.36,,monthly_IQR_3x (see station/month for bounds),monthly
2012-12-24,JORDAN - OBSTACLE BRIDGE,2888420.91,,monthly_IQR_3x (see station/month for bounds),monthly
2012-12-25,JORDAN - OBSTACLE BRIDGE,2571816.83,,monthly_IQR_3x (see station/month for bounds),monthly
2013-01-07,JORDAN - OBSTACLE BRIDGE,11479727.4,,monthly_IQR_3x (see station/month for bounds),monthly
2013-01-08,JORDAN - OBSTACLE BRIDGE,11335266.03,,monthly_IQR_3x (see station/month for bounds),monthly
2013-01-09,JORDAN - OBSTACLE BRIDGE,10977360.96,,monthly_IQR_3x (see station/month for bounds),monthly
2013-01-10,JORDAN - OBSTACLE BRIDGE,8489589.99,,monthly_IQR_3x (see station/month for bounds),monthly
2013-01-11,JORDAN - OBSTACLE BRIDGE,6738023.91,,monthly_IQR_3x (see station/month for bounds),monthly
2013-01-12,JORDAN - OBSTACLE BRIDGE,5567592.9,,monthly_IQR_3x (see station/month for bounds),monthly
2016-12-14,JORDAN - OBSTACLE BRIDGE,3362549.42,,monthly_IQR_3x (see station/month for bounds),monthly
2019-01-08,JORDAN - OBSTACLE BRIDGE,7747535.76,,monthly_IQR_3x (see station/month for bounds),monthly
2019-01-09,JORDAN - OBSTACLE BRIDGE,7485333.03,,monthly_IQR_3x (see station/month for bounds),monthly
2019-01-17,JORDAN - OBSTACLE BRIDGE,5955437.46,,monthly_IQR_3x (see station/month for bounds),monthly
2019-04-01,JORDAN - OBSTACLE BRIDGE,7125876.0,,monthly_IQR_3x (see station/month for bounds),monthly
2019-04-02,JORDAN - OBSTACLE BRIDGE,6553786.2,,monthly_IQR_3x (see station/month for bounds),monthly
2019-12-26,JORDAN - OBSTACLE BRIDGE,2559142.11,,monthly_IQR_3x (see station/month for bounds),monthly
2019-12-27,JORDAN - OBSTACLE BRIDGE,4268868.53,,monthly_IQR_3x (see station/month for bounds),monthly
2019-12-28,JORDAN - OBSTACLE BRIDGE,3880278.74,,monthly_IQR_3x (see station/month for bounds),monthly
2020-01-06,JORDAN - OBSTACLE BRIDGE,5897986.44,,monthly_IQR_3x (see station/month for bounds),monthly
2020-01-08,JORDAN - OBSTACLE BRIDGE,5668135.41,,monthly_IQR_3x (see station/month for bounds),monthly
2020-01-09,JORDAN - OBSTACLE BRIDGE,10904203.2,,monthly_IQR_3x (see station/month for bounds),monthly
2020-01-10,JORDAN - OBSTACLE BRIDGE,7150443.54,,monthly_IQR_3x (see station/month for bounds),monthly
2021-01-18,JORDAN - OBSTACLE BRIDGE,5850955.28,,monthly_IQR_3x (see station/month for bounds),monthly
2021-01-20,JORDAN - OBSTACLE BRIDGE,5755912.28,,monthly_IQR_3x (see station/month for bounds),monthly
2022-01-27,JORDAN - OBSTACLE BRIDGE,5904737.55,,monthly_IQR_3x (see station/month for bounds),monthly
2024-01-14,JORDAN - OBSTACLE BRIDGE,5383280.46,,monthly_IQR_3x (see station/month for bounds),monthly
2024-01-30,JORDAN - OBSTACLE BRIDGE,5587041.59,,monthly_IQR_3x (see station/month for bounds),monthly
2024-01-31,JORDAN - OBSTACLE BRIDGE,8146071.98,,monthly_IQR_3x (see station/month for bounds),monthly
1970-01-24,JORDAN - SEDE NEHEMYA,5005069.94,,monthly_IQR_3x (see station/month for bounds),monthly
1970-03-11,JORDAN - SEDE NEHEMYA,9123696.53,,monthly_IQR_3x (see station/month for bounds),monthly
1971-04-13,JORDAN - SEDE NEHEMYA,8748652.61,,monthly_IQR_3x (see station/month for bounds),monthly
1971-04-14,JORDAN - SEDE NEHEMYA,7887234.96,,monthly_IQR_3x (see station/month for bounds),monthly
1971-04-15,JORDAN - SEDE NEHEMYA,6070326.48,,monthly_IQR_3x (see station/month for bounds),monthly
1971-04-16,JORDAN - SEDE NEHEMYA,6801911.41,,monthly_IQR_3x (see station/month for bounds),monthly
1971-04-17,JORDAN - SEDE NEHEMYA,9744252.28,,monthly_IQR_3x (see station/month for bounds),monthly
1971-04-18,JORDAN - SEDE NEHEMYA,8077103.58,,monthly_IQR_3x (see station/month for bounds),monthly
1971-04-19,JORDAN - SEDE NEHEMYA,5616006.73,,monthly_IQR_3x (see station/month for bounds),monthly
1974-01-20,JORDAN - SEDE NEHEMYA,4782871.5,,monthly_IQR_3x (see station/month for bounds),monthly
1974-01-21,JORDAN - SEDE NEHEMYA,5587771.5,,monthly_IQR_3x (see station/month for bounds),monthly
1974-03-01,JORDAN - SEDE NEHEMYA,8977492.51,,monthly_IQR_3x (see station/month for bounds),monthly
1975-02-21,JORDAN - SEDE NEHEMYA,5996036.28,,monthly_IQR_3x (see station/month for bounds),monthly
1975-12-28,JORDAN - SEDE NEHEMYA,3427105.8,,monthly_IQR_3x (see station/month for bounds),monthly
1976-11-28,JORDAN - SEDE NEHEMYA,4473591.52,,monthly_IQR_3x (see station/month for bounds),monthly
1976-11-29,JORDAN - SEDE NEHEMYA,1956255.81,,monthly_IQR_3x (see station/month for bounds),monthly
1976-11-30,JORDAN - SEDE NEHEMYA,1616588.4,,monthly_IQR_3x (see station/month for bounds),monthly
1976-12-26,JORDAN - SEDE NEHEMYA,3197411.06,,monthly_IQR_3x (see station/month for bounds),monthly
1976-12-27,JORDAN - SEDE NEHEMYA,3422956.05,,monthly_IQR_3x (see station/month for bounds),monthly
1977-01-20,JORDAN - SEDE NEHEMYA,4635623.07,,monthly_IQR_3x (see station/month for bounds),monthly
1977-02-08,JORDAN - SEDE NEHEMYA,7243843.18,,monthly_IQR_3x (see station/month for bounds),monthly
1977-12-05,JORDAN - SEDE NEHEMYA,2962947.11,,monthly_IQR_3x (see station/month for bounds),monthly
1977-12-06,JORDAN - SEDE NEHEMYA,3828865.77,,monthly_IQR_3x (see station/month for bounds),monthly
1977-12-09,JORDAN - SEDE NEHEMYA,2541011.24,,monthly_IQR_3x (see station/month for bounds),monthly
1977-12-16,JORDAN - SEDE NEHEMYA,3792077.79,,monthly_IQR_3x (see station/month for bounds),monthly
1977-12-17,JORDAN - SEDE NEHEMYA,4090386.68,,monthly_IQR_3x (see station/month for bounds),monthly
1977-12-18,JORDAN - SEDE NEHEMYA,2444234.7,,monthly_IQR_3x (see station/month for bounds),monthly
1978-01-26,JORDAN - SEDE NEHEMYA,6348992.08,,monthly_IQR_3x (see station/month for bounds),monthly
1978-01-27,JORDAN - SEDE NEHEMYA,6367922.53,,monthly_IQR_3x (see station/month for bounds),monthly
1978-03-14,JORDAN - SEDE NEHEMYA,7512678.44,,monthly_IQR_3x (see station/month for bounds),monthly
1979-12-26,JORDAN - SEDE NEHEMYA,2338922.02,,monthly_IQR_3x (see station/month for bounds),monthly
1979-12-27,JORDAN - SEDE NEHEMYA,2678565.04,,monthly_IQR_3x (see station/month for bounds),monthly
1980-02-17,JORDAN - SEDE NEHEMYA,6928624.22,,monthly_IQR_3x (see station/month for bounds),monthly
1980-02-18,JORDAN - SEDE NEHEMYA,6158874.23,,monthly_IQR_3x (see station/month for bounds),monthly
1980-03-01,JORDAN - SEDE NEHEMYA,6499888.96,,monthly_IQR_3x (see station/month for bounds),monthly
1980-03-02,JORDAN - SEDE NEHEMYA,7290322.24,,monthly_IQR_3x (see station/month for bounds),monthly
1980-04-04,JORDAN - SEDE NEHEMYA,5418257.0,,monthly_IQR_3x (see station/month for bounds),monthly
1981-01-04,JORDAN - SEDE NEHEMYA,4617976.66,,monthly_IQR_3x (see station/month for bounds),monthly
1981-01-11,JORDAN - SEDE NEHEMYA,4716888.32,,monthly_IQR_3x (see station/month for bounds),monthly
1981-01-12,JORDAN - SEDE NEHEMYA,5782793.36,,monthly_IQR_3x (see station/month for bounds),monthly
1981-01-27,JORDAN - SEDE NEHEMYA,5688861.0,,monthly_IQR_3x (see station/month for bounds),monthly
1981-01-31,JORDAN - SEDE NEHEMYA,5147717.09,,monthly_IQR_3x (see station/month for bounds),monthly
1981-02-01,JORDAN - SEDE NEHEMYA,6398910.65,,monthly_IQR_3x (see station/month for bounds),monthly
1982-02-02,JORDAN - SEDE NEHEMYA,8076969.0,,monthly_IQR_3x (see station/month for bounds),monthly
1982-02-03,JORDAN - SEDE NEHEMYA,7370415.0,,monthly_IQR_3x (see station/month for bounds),monthly
1983-03-04,JORDAN - SEDE NEHEMYA,7248456.0,,monthly_IQR_3x (see station/month for bounds),monthly
1983-03-05,JORDAN - SEDE NEHEMYA,12039840.0,,monthly_IQR_3x (see station/month for bounds),monthly
1983-03-06,JORDAN - SEDE NEHEMYA,6553665.0,,monthly_IQR_3x (see station/month for bounds),monthly
1986-11-09,JORDAN - SEDE NEHEMYA,2802546.23,,monthly_IQR_3x (see station/month for bounds),monthly
1986-11-10,JORDAN - SEDE NEHEMYA,2685267.16,,monthly_IQR_3x (see station/month for bounds),monthly
1986-12-21,JORDAN - SEDE NEHEMYA,2661317.8,,monthly_IQR_3x (see station/month for bounds),monthly
1986-12-22,JORDAN - SEDE NEHEMYA,3574374.62,,monthly_IQR_3x (see station/month for bounds),monthly
1986-12-23,JORDAN - SEDE NEHEMYA,2323996.14,,monthly_IQR_3x (see station/month for bounds),monthly
1986-12-27,JORDAN - SEDE NEHEMYA,2391409.7,,monthly_IQR_3x (see station/month for bounds),monthly
1986-12-28,JORDAN - SEDE NEHEMYA,3756041.05,,monthly_IQR_3x (see station/month for bounds),monthly
1986-12-29,JORDAN - SEDE NEHEMYA,2690064.06,,monthly_IQR_3x (see station/month for bounds),monthly
1986-12-30,JORDAN - SEDE NEHEMYA,3477697.07,,monthly_IQR_3x (see station/month for bounds),monthly
1986-12-31,JORDAN - SEDE NEHEMYA,2293762.5,,monthly_IQR_3x (see station/month for bounds),monthly
1987-01-26,JORDAN - SEDE NEHEMYA,5875093.58,,monthly_IQR_3x (see station/month for bounds),monthly
1987-12-23,JORDAN - SEDE NEHEMYA,2995853.92,,monthly_IQR_3x (see station/month for bounds),monthly
1987-12-24,JORDAN - SEDE NEHEMYA,3320277.5,,monthly_IQR_3x (see station/month for bounds),monthly
1987-12-25,JORDAN - SEDE NEHEMYA,3014157.33,,monthly_IQR_3x (see station/month for bounds),monthly
1987-12-26,JORDAN - SEDE NEHEMYA,3541613.65,,monthly_IQR_3x (see station/month for bounds),monthly
1987-12-27,JORDAN - SEDE NEHEMYA,2862760.76,,monthly_IQR_3x (see station/month for bounds),monthly
1987-12-28,JORDAN - SEDE NEHEMYA,2309953.97,,monthly_IQR_3x (see station/month for bounds),monthly
1988-02-02,JORDAN - SEDE NEHEMYA,6967301.6,,monthly_IQR_3x (see station/month for bounds),monthly
1988-12-26,JORDAN - SEDE NEHEMYA,2150988.02,,monthly_IQR_3x (see station/month for bounds),monthly
1991-12-04,JORDAN - SEDE NEHEMYA,2142673.06,,monthly_IQR_3x (see station/month for bounds),monthly
1991-12-10,JORDAN - SEDE NEHEMYA,4177174.23,,monthly_IQR_3x (see station/month for bounds),monthly
1991-12-11,JORDAN - SEDE NEHEMYA,2251070.42,,monthly_IQR_3x (see station/month for bounds),monthly
1991-12-12,JORDAN - SEDE NEHEMYA,4485174.38,,monthly_IQR_3x (see station/month for bounds),monthly
1991-12-13,JORDAN - SEDE NEHEMYA,4279342.82,,monthly_IQR_3x (see station/month for bounds),monthly
1991-12-14,JORDAN - SEDE NEHEMYA,2978494.52,,monthly_IQR_3x (see station/month for bounds),monthly
1991-12-15,JORDAN - SEDE NEHEMYA,2437924.73,,monthly_IQR_3x (see station/month for bounds),monthly
1991-12-28,JORDAN - SEDE NEHEMYA,3812447.27,,monthly_IQR_3x (see station/month for bounds),monthly
1991-12-29,JORDAN - SEDE NEHEMYA,2977322.06,,monthly_IQR_3x (see station/month for bounds),monthly
1991-12-30,JORDAN - SEDE NEHEMYA,2371830.3,,monthly_IQR_3x (see station/month for bounds),monthly
1991-12-31,JORDAN - SEDE NEHEMYA,4333306.73,,monthly_IQR_3x (see station/month for bounds),monthly
1992-01-01,JORDAN - SEDE NEHEMYA,6617175.18,,monthly_IQR_3x (see station/month for bounds),monthly
1992-01-16,JORDAN - SEDE NEHEMYA,5114270.02,,monthly_IQR_3x (see station/month for bounds),monthly
1992-01-20,JORDAN - SEDE NEHEMYA,4559235.65,,monthly_IQR_3x (see station/month for bounds),monthly
1992-01-31,JORDAN - SEDE NEHEMYA,4695850.42,,monthly_IQR_3x (see station/month for bounds),monthly
1992-02-04,JORDAN - SEDE NEHEMYA,8719364.46,,monthly_IQR_3x (see station/month for bounds),monthly
1992-02-05,JORDAN - SEDE NEHEMYA,11513864.93,,monthly_IQR_3x (see station/month for bounds),monthly
1992-02-06,JORDAN - SEDE NEHEMYA,8524530.64,,monthly_IQR_3x (see station/month for bounds),monthly
1992-02-07,JORDAN - SEDE NEHEMYA,7163658.11,,monthly_IQR_3x (see station/month for bounds),monthly
1992-11-24,JORDAN - SEDE NEHEMYA,2172072.16,,monthly_IQR_3x (see station/month for bounds),monthly
1992-12-14,JORDAN - SEDE NEHEMYA,2525589.3,,monthly_IQR_3x (see station/month for bounds),monthly
1992-12-15,JORDAN - SEDE NEHEMYA,5638911.45,,monthly_IQR_3x (see station/month for bounds),monthly
1992-12-16,JORDAN - SEDE NEHEMYA,6220483.24,,monthly_IQR_3x (see station/month for bounds),monthly
1992-12-17,JORDAN - SEDE NEHEMYA,4362839.53,,monthly_IQR_3x (see station/month for bounds),monthly
1992-12-18,JORDAN - SEDE NEHEMYA,3450483.61,,monthly_IQR_3x (see station/month for bounds),monthly
1992-12-19,JORDAN - SEDE NEHEMYA,3038994.82,,monthly_IQR_3x (see station/month for bounds),monthly
1992-12-20,JORDAN - SEDE NEHEMYA,2752173.5,,monthly_IQR_3x (see station/month for bounds),monthly
1992-12-21,JORDAN - SEDE NEHEMYA,2577934.88,,monthly_IQR_3x (see station/month for bounds),monthly
1992-12-22,JORDAN - SEDE NEHEMYA,2345472.13,,monthly_IQR_3x (see station/month for bounds),monthly
1992-12-23,JORDAN - SEDE NEHEMYA,2392727.09,,monthly_IQR_3x (see station/month for bounds),monthly
1992-12-24,JORDAN - SEDE NEHEMYA,3039365.05,,monthly_IQR_3x (see station/month for bounds),monthly
1992-12-25,JORDAN - SEDE NEHEMYA,2769285.63,,monthly_IQR_3x (see station/month for bounds),monthly
1992-12-26,JORDAN - SEDE NEHEMYA,2531741.35,,monthly_IQR_3x (see station/month for bounds),monthly
1992-12-27,JORDAN - SEDE NEHEMYA,2464446.95,,monthly_IQR_3x (see station/month for bounds),monthly
1992-12-28,JORDAN - SEDE NEHEMYA,2295405.4,,monthly_IQR_3x (see station/month for bounds),monthly
1992-12-29,JORDAN - SEDE NEHEMYA,2161397.76,,monthly_IQR_3x (see station/month for bounds),monthly
1993-01-10,JORDAN - SEDE NEHEMYA,5618855.05,,monthly_IQR_3x (see station/month for bounds),monthly
1993-01-11,JORDAN - SEDE NEHEMYA,5094125.6,,monthly_IQR_3x (see station/month for bounds),monthly
1994-11-30,JORDAN - SEDE NEHEMYA,1702975.15,,monthly_IQR_3x (see station/month for bounds),monthly
1994-12-02,JORDAN - SEDE NEHEMYA,10046703.42,,monthly_IQR_3x (see station/month for bounds),monthly
1994-12-03,JORDAN - SEDE NEHEMYA,3604805.49,,monthly_IQR_3x (see station/month for bounds),monthly
1994-12-04,JORDAN - SEDE NEHEMYA,2681885.81,,monthly_IQR_3x (see station/month for bounds),monthly
1994-12-19,JORDAN - SEDE NEHEMYA,5973811.87,,monthly_IQR_3x (see station/month for bounds),monthly
1994-12-20,JORDAN - SEDE NEHEMYA,4464244.55,,monthly_IQR_3x (see station/month for bounds),monthly
1994-12-21,JORDAN - SEDE NEHEMYA,3218508.46,,monthly_IQR_3x (see station/month for bounds),monthly
1994-12-22,JORDAN - SEDE NEHEMYA,2505260.82,,monthly_IQR_3x (see station/month for bounds),monthly
1994-12-23,JORDAN - SEDE NEHEMYA,2182352.26,,monthly_IQR_3x (see station/month for bounds),monthly
1995-01-18,JORDAN - SEDE NEHEMYA,4569641.25,,monthly_IQR_3x (see station/month for bounds),monthly
2002-12-20,JORDAN - SEDE NEHEMYA,5217520.12,,monthly_IQR_3x (see station/month for bounds),monthly
2002-12-21,JORDAN - SEDE NEHEMYA,3342637.48,,monthly_IQR_3x (see station/month for bounds),monthly
2002-12-22,JORDAN - SEDE NEHEMYA,2177231.1,,monthly_IQR_3x (see station/month for bounds),monthly
2003-02-04,JORDAN - SEDE NEHEMYA,6950256.25,,monthly_IQR_3x (see station/month for bounds),monthly
2003-02-20,JORDAN - SEDE NEHEMYA,6857740.2,,monthly_IQR_3x (see station/month for bounds),monthly
2003-02-21,JORDAN - SEDE NEHEMYA,10720131.71,,monthly_IQR_3x (see station/month for bounds),monthly
2003-02-22,JORDAN - SEDE NEHEMYA,7904307.77,,monthly_IQR_3x (see station/month for bounds),monthly
2003-02-25,JORDAN - SEDE NEHEMYA,5943725.64,,monthly_IQR_3x (see station/month for bounds),monthly
2003-02-26,JORDAN - SEDE NEHEMYA,5973785.72,,monthly_IQR_3x (see station/month for bounds),monthly
2003-03-26,JORDAN - SEDE NEHEMYA,9757337.11,,monthly_IQR_3x (see station/month for bounds),monthly
2004-01-24,JORDAN - SEDE NEHEMYA,9407911.01,,monthly_IQR_3x (see station/month for bounds),monthly
2004-01-27,JORDAN - SEDE NEHEMYA,5725507.92,,monthly_IQR_3x (see station/month for bounds),monthly
2004-11-26,JORDAN - SEDE NEHEMYA,1829017.2,,monthly_IQR_3x (see station/month for bounds),monthly
2009-11-03,JORDAN - SEDE NEHEMYA,1755245.8,,monthly_IQR_3x (see station/month for bounds),monthly
2009-12-15,JORDAN - SEDE NEHEMYA,3283527.87,,monthly_IQR_3x (see station/month for bounds),monthly
2009-12-16,JORDAN - SEDE NEHEMYA,6018362.18,,monthly_IQR_3x (see station/month for bounds),monthly
2009-12-17,JORDAN - SEDE NEHEMYA,3420562.24,,monthly_IQR_3x (see station/month for bounds),monthly
2009-12-18,JORDAN - SEDE NEHEMYA,2327091.32,,monthly_IQR_3x (see station/month for bounds),monthly
2010-01-19,JORDAN - SEDE NEHEMYA,5381268.43,,monthly_IQR_3x (see station/month for bounds),monthly
2010-01-20,JORDAN - SEDE NEHEMYA,9079204.09,,monthly_IQR_3x (see station/month for bounds),monthly
2010-01-21,JORDAN - SEDE NEHEMYA,4837223.83,,monthly_IQR_3x (see station/month for bounds),monthly
2010-01-24,JORDAN - SEDE NEHEMYA,5656605.31,,monthly_IQR_3x (see station/month for bounds),monthly
2010-01-25,JORDAN - SEDE NEHEMYA,6619117.63,,monthly_IQR_3x (see station/month for bounds),monthly
2011-03-10,JORDAN - SEDE NEHEMYA,6692507.1,,monthly_IQR_3x (see station/month for bounds),monthly
2012-12-08,JORDAN - SEDE NEHEMYA,3131741.97,,monthly_IQR_3x (see station/month for bounds),monthly
2012-12-20,JORDAN - SEDE NEHEMYA,2472189.68,,monthly_IQR_3x (see station/month for bounds),monthly
2012-12-21,JORDAN - SEDE NEHEMYA,6730598.55,,monthly_IQR_3x (see station/month for bounds),monthly
2012-12-22,JORDAN - SEDE NEHEMYA,4248310.22,,monthly_IQR_3x (see station/month for bounds),monthly
2012-12-23,JORDAN - SEDE NEHEMYA,2851019.31,,monthly_IQR_3x (see station/month for bounds),monthly
2012-12-24,JORDAN - SEDE NEHEMYA,2369356.97,,monthly_IQR_3x (see station/month for bounds),monthly
2013-01-07,JORDAN - SEDE NEHEMYA,9200154.14,,monthly_IQR_3x (see station/month for bounds),monthly
2013-01-08,JORDAN - SEDE NEHEMYA,8034157.82,,monthly_IQR_3x (see station/month for bounds),monthly
2013-01-09,JORDAN - SEDE NEHEMYA,6615749.01,,monthly_IQR_3x (see station/month for bounds),monthly
2013-01-10,JORDAN - SEDE NEHEMYA,4806143.85,,monthly_IQR_3x (see station/month for bounds),monthly
2016-12-14,JORDAN - SEDE NEHEMYA,2870216.85,,monthly_IQR_3x (see station/month for bounds),monthly
2019-01-08,JORDAN - SEDE NEHEMYA,7111793.97,,monthly_IQR_3x (see station/month for bounds),monthly
2019-01-09,JORDAN - SEDE NEHEMYA,4926329.1,,monthly_IQR_3x (see station/month for bounds),monthly
2019-01-17,JORDAN - SEDE NEHEMYA,4529174.15,,monthly_IQR_3x (see station/month for bounds),monthly
2019-04-01,JORDAN - SEDE NEHEMYA,5131808.04,,monthly_IQR_3x (see station/month for bounds),monthly
2019-12-26,JORDAN - SEDE NEHEMYA,2443492.5,,monthly_IQR_3x (see station/month for bounds),monthly
2019-12-27,JORDAN - SEDE NEHEMYA,4041745.76,,monthly_IQR_3x (see station/month for bounds),monthly
2019-12-28,JORDAN - SEDE NEHEMYA,2363789.69,,monthly_IQR_3x (see station/month for bounds),monthly
1986-02-15,YARMUQ - NAHARAYIM,3470673.37,,monthly_IQR_3x (see station/month for bounds),monthly
1986-11-08,YARMUQ - NAHARAYIM,1083467.85,,monthly_IQR_3x (see station/month for bounds),monthly
1986-11-09,YARMUQ - NAHARAYIM,2382606.34,,monthly_IQR_3x (see station/month for bounds),monthly
1986-11-10,YARMUQ - NAHARAYIM,4750248.11,,monthly_IQR_3x (see station/month for bounds),monthly
1986-11-11,YARMUQ - NAHARAYIM,2682701.09,,monthly_IQR_3x (see station/month for bounds),monthly
1986-11-12,YARMUQ - NAHARAYIM,3316341.08,,monthly_IQR_3x (see station/month for bounds),monthly
1986-11-13,YARMUQ - NAHARAYIM,2107359.04,,monthly_IQR_3x (see station/month for bounds),monthly
1986-11-14,YARMUQ - NAHARAYIM,1660167.61,,monthly_IQR_3x (see station/month for bounds),monthly
1986-11-15,YARMUQ - NAHARAYIM,1186466.4,,monthly_IQR_3x (see station/month for bounds),monthly
1986-11-16,YARMUQ - NAHARAYIM,700319.52,,monthly_IQR_3x (see station/month for bounds),monthly
1986-11-17,YARMUQ - NAHARAYIM,256056.84,,monthly_IQR_3x (see station/month for bounds),monthly
1986-12-28,YARMUQ - NAHARAYIM,929315.55,,monthly_IQR_3x (see station/month for bounds),monthly
1986-12-30,YARMUQ - NAHARAYIM,3077929.96,,monthly_IQR_3x (see station/month for bounds),monthly
1986-12-31,YARMUQ - NAHARAYIM,1634598.89,,monthly_IQR_3x (see station/month for bounds),monthly
1987-01-02,YARMUQ - NAHARAYIM,1021024.48,,monthly_IQR_3x (see station/month for bounds),monthly
1987-01-03,YARMUQ - NAHARAYIM,1362390.57,,monthly_IQR_3x (see station/month for bounds),monthly
1987-01-06,YARMUQ - NAHARAYIM,3088744.05,,monthly_IQR_3x (see station/month for bounds),monthly
1987-01-07,YARMUQ - NAHARAYIM,5735464.11,,monthly_IQR_3x (see station/month for bounds),monthly
1987-01-08,YARMUQ - NAHARAYIM,1915128.84,,monthly_IQR_3x (see station/month for bounds),monthly
1987-01-09,YARMUQ - NAHARAYIM,1094851.4,,monthly_IQR_3x (see station/month for bounds),monthly
1987-01-10,YARMUQ - NAHARAYIM,866632.03,,monthly_IQR_3x (see station/month for bounds),monthly
1987-01-11,YARMUQ - NAHARAYIM,973614.77,,monthly_IQR_3x (see station/month for bounds),monthly
1987-01-12,YARMUQ - NAHARAYIM,905863.04,,monthly_IQR_3x (see station/month for bounds),monthly
1987-01-14,YARMUQ - NAHARAYIM,832463.86,,monthly_IQR_3x (see station/month for bounds),monthly
1987-01-15,YARMUQ - NAHARAYIM,812972.16,,monthly_IQR_3x (see station/month for bounds),monthly
1987-01-26,YARMUQ - NAHARAYIM,5585426.1,,monthly_IQR_3x (see station/month for bounds),monthly
1987-01-27,YARMUQ - NAHARAYIM,3589245.5,,monthly_IQR_3x (see station/month for bounds),monthly
1987-01-28,YARMUQ - NAHARAYIM,1459883.31,,monthly_IQR_3x (see station/month for bounds),monthly
1987-01-29,YARMUQ - NAHARAYIM,1051768.63,,monthly_IQR_3x (see station/month for bounds),monthly
1987-03-14,YARMUQ - NAHARAYIM,3008311.5,,monthly_IQR_3x (see station/month for bounds),monthly
1987-03-15,YARMUQ - NAHARAYIM,6073453.8,,monthly_IQR_3x (see station/month for bounds),monthly
1987-03-16,YARMUQ - NAHARAYIM,2664985.59,,monthly_IQR_3x (see station/month for bounds),monthly
1987-03-17,YARMUQ - NAHARAYIM,4058127.27,,monthly_IQR_3x (see station/month for bounds),monthly
1987-03-18,YARMUQ - NAHARAYIM,3302086.97,,monthly_IQR_3x (see station/month for bounds),monthly
1987-03-19,YARMUQ - NAHARAYIM,2484305.64,,monthly_IQR_3x (see station/month for bounds),monthly
1988-02-02,YARMUQ - NAHARAYIM,27776391.98,,monthly_IQR_3x (see station/month for bounds),monthly
1988-02-03,YARMUQ - NAHARAYIM,4526868.31,,monthly_IQR_3x (see station/month for bounds),monthly
1988-02-24,YARMUQ - NAHARAYIM,5030382.51,,monthly_IQR_3x (see station/month for bounds),monthly
1988-02-25,YARMUQ - NAHARAYIM,4070091.27,,monthly_IQR_3x (see station/month for bounds),monthly
1988-03-01,YARMUQ - NAHARAYIM,2151327.8,,monthly_IQR_3x (see station/month for bounds),monthly
1988-03-02,YARMUQ - NAHARAYIM,2535492.0,,monthly_IQR_3x (see station/month for bounds),monthly
1988-03-03,YARMUQ - NAHARAYIM,2191851.65,,monthly_IQR_3x (see station/month for bounds),monthly
1988-03-04,YARMUQ - NAHARAYIM,1925329.12,,monthly_IQR_3x (see station/month for bounds),monthly
1988-03-05,YARMUQ - NAHARAYIM,2748971.56,,monthly_IQR_3x (see station/month for bounds),monthly
1988-03-06,YARMUQ - NAHARAYIM,3138501.91,,monthly_IQR_3x (see station/month for bounds),monthly
1988-03-07,YARMUQ - NAHARAYIM,4718741.58,,monthly_IQR_3x (see station/month for bounds),monthly
1988-03-08,YARMUQ - NAHARAYIM,8879749.24,,monthly_IQR_3x (see station/month for bounds),monthly
1988-03-09,YARMUQ - NAHARAYIM,6254590.94,,monthly_IQR_3x (see station/month for bounds),monthly
1988-03-10,YARMUQ - NAHARAYIM,4596742.47,,monthly_IQR_3x (see station/month for bounds),monthly
1988-03-11,YARMUQ - NAHARAYIM,5539056.64,,monthly_IQR_3x (see station/month for bounds),monthly
1988-03-12,YARMUQ - NAHARAYIM,5843448.02,,monthly_IQR_3x (see station/month for bounds),monthly
1988-03-13,YARMUQ - NAHARAYIM,5942657.07,,monthly_IQR_3x (see station/month for bounds),monthly
1988-03-14,YARMUQ - NAHARAYIM,5580970.21,,monthly_IQR_3x (see station/month for bounds),monthly
1988-03-15,YARMUQ - NAHARAYIM,6230341.58,,monthly_IQR_3x (see station/month for bounds),monthly
1988-03-16,YARMUQ - NAHARAYIM,5954781.58,,monthly_IQR_3x (see station/month for bounds),monthly
1988-03-17,YARMUQ - NAHARAYIM,5570176.94,,monthly_IQR_3x (see station/month for bounds),monthly
1988-03-18,YARMUQ - NAHARAYIM,4797611.85,,monthly_IQR_3x (see station/month for bounds),monthly
1988-03-19,YARMUQ - NAHARAYIM,5229191.07,,monthly_IQR_3x (see station/month for bounds),monthly
1988-03-20,YARMUQ - NAHARAYIM,4680765.98,,monthly_IQR_3x (see station/month for bounds),monthly
1988-03-21,YARMUQ - NAHARAYIM,7380475.58,,monthly_IQR_3x (see station/month for bounds),monthly
1988-03-22,YARMUQ - NAHARAYIM,5677712.39,,monthly_IQR_3x (see station/month for bounds),monthly
1988-03-23,YARMUQ - NAHARAYIM,3863602.01,,monthly_IQR_3x (see station/month for bounds),monthly
1988-03-24,YARMUQ - NAHARAYIM,3023014.4,,monthly_IQR_3x (see station/month for bounds),monthly
1988-04-07,YARMUQ - NAHARAYIM,783239.78,,monthly_IQR_3x (see station/month for bounds),monthly
1988-04-08,YARMUQ - NAHARAYIM,881456.78,,monthly_IQR_3x (see station/month for bounds),monthly
1988-04-09,YARMUQ - NAHARAYIM,1408694.05,,monthly_IQR_3x (see station/month for bounds),monthly
1988-04-11,YARMUQ - NAHARAYIM,633764.68,,monthly_IQR_3x (see station/month for bounds),monthly
1988-04-12,YARMUQ - NAHARAYIM,610150.73,,monthly_IQR_3x (see station/month for bounds),monthly
1988-04-14,YARMUQ - NAHARAYIM,664797.85,,monthly_IQR_3x (see station/month for bounds),monthly
1988-04-15,YARMUQ - NAHARAYIM,942966.8,,monthly_IQR_3x (see station/month for bounds),monthly
1988-04-16,YARMUQ - NAHARAYIM,949104.0,,monthly_IQR_3x (see station/month for bounds),monthly
1988-04-17,YARMUQ - NAHARAYIM,1365759.99,,monthly_IQR_3x (see station/month for bounds),monthly
1988-04-18,YARMUQ - NAHARAYIM,1345368.13,,monthly_IQR_3x (see station/month for bounds),monthly
1988-04-19,YARMUQ - NAHARAYIM,919271.43,,monthly_IQR_3x (see station/month for bounds),monthly
1988-04-20,YARMUQ - NAHARAYIM,670875.8,,monthly_IQR_3x (see station/month for bounds),monthly
1988-04-26,YARMUQ - NAHARAYIM,689733.79,,monthly_IQR_3x (see station/month for bounds),monthly
1988-04-27,YARMUQ - NAHARAYIM,709215.83,,monthly_IQR_3x (see station/month for bounds),monthly
1988-04-30,YARMUQ - NAHARAYIM,612013.43,,monthly_IQR_3x (see station/month for bounds),monthly
1988-05-01,YARMUQ - NAHARAYIM,636327.36,,monthly_IQR_3x (see station/month for bounds),monthly
1988-05-02,YARMUQ - NAHARAYIM,540505.46,,monthly_IQR_3x (see station/month for bounds),monthly
1991-12-31,YARMUQ - NAHARAYIM,1526192.34,,monthly_IQR_3x (see station/month for bounds),monthly
1992-01-01,YARMUQ - NAHARAYIM,10080881.66,,monthly_IQR_3x (see station/month for bounds),monthly
1992-01-02,YARMUQ - NAHARAYIM,15452255.59,,monthly_IQR_3x (see station/month for bounds),monthly
1992-01-03,YARMUQ - NAHARAYIM,2920501.73,,monthly_IQR_3x (see station/month for bounds),monthly
1992-01-04,YARMUQ - NAHARAYIM,2172386.56,,monthly_IQR_3x (see station/month for bounds),monthly
1992-01-05,YARMUQ - NAHARAYIM,1944815.15,,monthly_IQR_3x (see station/month for bounds),monthly
1992-01-06,YARMUQ - NAHARAYIM,1622386.79,,monthly_IQR_3x (see station/month for bounds),monthly
1992-01-07,YARMUQ - NAHARAYIM,1735506.36,,monthly_IQR_3x (see station/month for bounds),monthly
1992-01-08,YARMUQ - NAHARAYIM,1631333.1,,monthly_IQR_3x (see station/month for bounds),monthly
1992-01-09,YARMUQ - NAHARAYIM,1548613.76,,monthly_IQR_3x (see station/month for bounds),monthly
1992-01-10,YARMUQ - NAHARAYIM,1167717.81,,monthly_IQR_3x (see station/month for bounds),monthly
1992-01-11,YARMUQ - NAHARAYIM,911391.28,,monthly_IQR_3x (see station/month for bounds),monthly
1992-01-18,YARMUQ - NAHARAYIM,816824.38,,monthly_IQR_3x (see station/month for bounds),monthly
1992-01-19,YARMUQ - NAHARAYIM,934004.9,,monthly_IQR_3x (see station/month for bounds),monthly
1992-01-20,YARMUQ - NAHARAYIM,1860099.03,,monthly_IQR_3x (see station/month for bounds),monthly
1992-01-21,YARMUQ - NAHARAYIM,2204543.08,,monthly_IQR_3x (see station/month for bounds),monthly
1992-01-22,YARMUQ - NAHARAYIM,1466184.82,,monthly_IQR_3x (see station/month for bounds),monthly
1992-01-31,YARMUQ - NAHARAYIM,847810.36,,monthly_IQR_3x (see station/month for bounds),monthly
1992-02-01,YARMUQ - NAHARAYIM,17223036.96,,monthly_IQR_3x (see station/month for bounds),monthly
1992-02-02,YARMUQ - NAHARAYIM,5884740.35,,monthly_IQR_3x (see station/month for bounds),monthly
1992-02-03,YARMUQ - NAHARAYIM,4680529.21,,monthly_IQR_3x (see station/month for bounds),monthly
1992-02-04,YARMUQ - NAHARAYIM,14879112.77,,monthly_IQR_3x (see station/month for bounds),monthly
1992-02-05,YARMUQ - NAHARAYIM,45550789.74,,monthly_IQR_3x (see station/month for bounds),monthly
1992-02-06,YARMUQ - NAHARAYIM,29326039.77,,monthly_IQR_3x (see station/month for bounds),monthly
1992-02-07,YARMUQ - NAHARAYIM,18311795.31,,monthly_IQR_3x (see station/month for bounds),monthly
1992-02-08,YARMUQ - NAHARAYIM,9238493.43,,monthly_IQR_3x (see station/month for bounds),monthly
1992-02-09,YARMUQ - NAHARAYIM,6040595.93,,monthly_IQR_3x (see station/month for bounds),monthly
1992-02-10,YARMUQ - NAHARAYIM,5500353.8,,monthly_IQR_3x (see station/month for bounds),monthly
1992-02-11,YARMUQ - NAHARAYIM,5241200.54,,monthly_IQR_3x (see station/month for bounds),monthly
1992-02-12,YARMUQ - NAHARAYIM,12333842.84,,monthly_IQR_3x (see station/month for bounds),monthly
1992-02-13,YARMUQ - NAHARAYIM,25850536.54,,monthly_IQR_3x (see station/month for bounds),monthly
1992-02-14,YARMUQ - NAHARAYIM,12660492.52,,monthly_IQR_3x (see station/month for bounds),monthly
1992-02-15,YARMUQ - NAHARAYIM,7211138.26,,monthly_IQR_3x (see station/month for bounds),monthly
1992-02-16,YARMUQ - NAHARAYIM,5290606.97,,monthly_IQR_3x (see station/month for bounds),monthly
1992-02-17,YARMUQ - NAHARAYIM,5039631.07,,monthly_IQR_3x (see station/month for bounds),monthly
1992-02-18,YARMUQ - NAHARAYIM,4272997.5,,monthly_IQR_3x (see station/month for bounds),monthly
1992-02-19,YARMUQ - NAHARAYIM,2816562.7,,monthly_IQR_3x (see station/month for bounds),monthly
1992-02-20,YARMUQ - NAHARAYIM,2950190.2,,monthly_IQR_3x (see station/month for bounds),monthly
1992-02-21,YARMUQ - NAHARAYIM,4182808.32,,monthly_IQR_3x (see station/month for bounds),monthly
1992-02-22,YARMUQ - NAHARAYIM,5260021.5,,monthly_IQR_3x (see station/month for bounds),monthly
1992-02-23,YARMUQ - NAHARAYIM,5120738.02,,monthly_IQR_3x (see station/month for bounds),monthly
1992-02-24,YARMUQ - NAHARAYIM,12654506.23,,monthly_IQR_3x (see station/month for bounds),monthly
1992-02-25,YARMUQ - NAHARAYIM,18867816.54,,monthly_IQR_3x (see station/month for bounds),monthly
1992-02-26,YARMUQ - NAHARAYIM,15427804.16,,monthly_IQR_3x (see station/month for bounds),monthly
1992-02-27,YARMUQ - NAHARAYIM,15365204.26,,monthly_IQR_3x (see station/month for bounds),monthly
1992-02-28,YARMUQ - NAHARAYIM,18120464.07,,monthly_IQR_3x (see station/month for bounds),monthly
1992-02-29,YARMUQ - NAHARAYIM,18620036.04,,monthly_IQR_3x (see station/month for bounds),monthly
1992-03-01,YARMUQ - NAHARAYIM,21388111.7,,monthly_IQR_3x (see station/month for bounds),monthly
1992-03-02,YARMUQ - NAHARAYIM,14754839.89,,monthly_IQR_3x (see station/month for bounds),monthly
1992-03-03,YARMUQ - NAHARAYIM,10753824.65,,monthly_IQR_3x (see station/month for bounds),monthly
1992-03-04,YARMUQ - NAHARAYIM,11276694.99,,monthly_IQR_3x (see station/month for bounds),monthly
1992-03-05,YARMUQ - NAHARAYIM,11460619.39,,monthly_IQR_3x (see station/month for bounds),monthly
1992-03-06,YARMUQ - NAHARAYIM,10759505.49,,monthly_IQR_3x (see station/month for bounds),monthly
1992-03-07,YARMUQ - NAHARAYIM,10269763.16,,monthly_IQR_3x (see station/month for bounds),monthly
1992-03-08,YARMUQ - NAHARAYIM,7713753.35,,monthly_IQR_3x (see station/month for bounds),monthly
1992-03-09,YARMUQ - NAHARAYIM,6145622.18,,monthly_IQR_3x (see station/month for bounds),monthly
1992-03-10,YARMUQ - NAHARAYIM,4311534.68,,monthly_IQR_3x (see station/month for bounds),monthly
1992-03-11,YARMUQ - NAHARAYIM,3281178.14,,monthly_IQR_3x (see station/month for bounds),monthly
1992-03-12,YARMUQ - NAHARAYIM,3158769.71,,monthly_IQR_3x (see station/month for bounds),monthly
1992-03-13,YARMUQ - NAHARAYIM,2931558.0,,monthly_IQR_3x (see station/month for bounds),monthly
1992-03-14,YARMUQ - NAHARAYIM,2893422.0,,monthly_IQR_3x (see station/month for bounds),monthly
1992-03-15,YARMUQ - NAHARAYIM,2937170.63,,monthly_IQR_3x (see station/month for bounds),monthly
1992-03-16,YARMUQ - NAHARAYIM,3283918.56,,monthly_IQR_3x (see station/month for bounds),monthly
1992-03-17,YARMUQ - NAHARAYIM,4123021.56,,monthly_IQR_3x (see station/month for bounds),monthly
1992-03-18,YARMUQ - NAHARAYIM,4307991.06,,monthly_IQR_3x (see station/month for bounds),monthly
1992-03-19,YARMUQ - NAHARAYIM,3192671.3,,monthly_IQR_3x (see station/month for bounds),monthly
1992-03-20,YARMUQ - NAHARAYIM,3196877.76,,monthly_IQR_3x (see station/month for bounds),monthly
1992-03-21,YARMUQ - NAHARAYIM,3675778.27,,monthly_IQR_3x (see station/month for bounds),monthly
1992-03-22,YARMUQ - NAHARAYIM,5041836.95,,monthly_IQR_3x (see station/month for bounds),monthly
1992-03-23,YARMUQ - NAHARAYIM,5170062.9,,monthly_IQR_3x (see station/month for bounds),monthly
1992-03-24,YARMUQ - NAHARAYIM,3195323.64,,monthly_IQR_3x (see station/month for bounds),monthly
1992-03-25,YARMUQ - NAHARAYIM,2687922.49,,monthly_IQR_3x (see station/month for bounds),monthly
1992-03-26,YARMUQ - NAHARAYIM,2321144.96,,monthly_IQR_3x (see station/month for bounds),monthly
1992-03-27,YARMUQ - NAHARAYIM,2153025.46,,monthly_IQR_3x (see station/month for bounds),monthly
1992-03-28,YARMUQ - NAHARAYIM,1915194.24,,monthly_IQR_3x (see station/month for bounds),monthly
1992-04-01,YARMUQ - NAHARAYIM,1312194.26,,monthly_IQR_3x (see station/month for bounds),monthly
1992-04-02,YARMUQ - NAHARAYIM,1154745.09,,monthly_IQR_3x (see station/month for bounds),monthly
1992-04-03,YARMUQ - NAHARAYIM,1188442.29,,monthly_IQR_3x (see station/month for bounds),monthly
1992-04-04,YARMUQ - NAHARAYIM,910894.82,,monthly_IQR_3x (see station/month for bounds),monthly
1992-04-05,YARMUQ - NAHARAYIM,817769.44,,monthly_IQR_3x (see station/month for bounds),monthly
1992-04-06,YARMUQ - NAHARAYIM,763271.63,,monthly_IQR_3x (see station/month for bounds),monthly
1992-04-07,YARMUQ - NAHARAYIM,734040.16,,monthly_IQR_3x (see station/month for bounds),monthly
1992-04-08,YARMUQ - NAHARAYIM,647602.85,,monthly_IQR_3x (see station/month for bounds),monthly
1992-04-16,YARMUQ - NAHARAYIM,628559.64,,monthly_IQR_3x (see station/month for bounds),monthly
1992-04-20,YARMUQ - NAHARAYIM,606533.96,,monthly_IQR_3x (see station/month for bounds),monthly
1992-05-01,YARMUQ - NAHARAYIM,480461.76,,monthly_IQR_3x (see station/month for bounds),monthly
1992-05-02,YARMUQ - NAHARAYIM,490989.6,,monthly_IQR_3x (see station/month for bounds),monthly
1992-05-03,YARMUQ - NAHARAYIM,501517.44,,monthly_IQR_3x (see station/month for bounds),monthly
1992-05-04,YARMUQ - NAHARAYIM,512040.96,,monthly_IQR_3x (see station/month for bounds),monthly
1992-05-05,YARMUQ - NAHARAYIM,522568.8,,monthly_IQR_3x (see station/month for bounds),monthly
1992-05-06,YARMUQ - NAHARAYIM,464581.29,,monthly_IQR_3x (see station/month for bounds),monthly
1992-05-07,YARMUQ - NAHARAYIM,363687.1,,monthly_IQR_3x (see station/month for bounds),monthly
1992-05-08,YARMUQ - NAHARAYIM,651411.5,,monthly_IQR_3x (see station/month for bounds),monthly
1992-05-09,YARMUQ - NAHARAYIM,1173957.77,,monthly_IQR_3x (see station/month for bounds),monthly
1992-05-10,YARMUQ - NAHARAYIM,518774.91,,monthly_IQR_3x (see station/month for bounds),monthly
1992-05-11,YARMUQ - NAHARAYIM,380767.04,,monthly_IQR_3x (see station/month for bounds),monthly
1992-05-12,YARMUQ - NAHARAYIM,594398.67,,monthly_IQR_3x (see station/month for bounds),monthly
1992-05-13,YARMUQ - NAHARAYIM,632636.32,,monthly_IQR_3x (see station/month for bounds),monthly
1992-05-14,YARMUQ - NAHARAYIM,595772.78,,monthly_IQR_3x (see station/month for bounds),monthly
1992-05-15,YARMUQ - NAHARAYIM,478922.12,,monthly_IQR_3x (see station/month for bounds),monthly
1992-05-16,YARMUQ - NAHARAYIM,666262.83,,monthly_IQR_3x (see station/month for bounds),monthly
1992-05-17,YARMUQ - NAHARAYIM,438756.48,,monthly_IQR_3x (see station/month for bounds),monthly
1992-05-18,YARMUQ - NAHARAYIM,406350.79,,monthly_IQR_3x (see station/month for bounds),monthly
1992-05-19,YARMUQ - NAHARAYIM,396576.0,,monthly_IQR_3x (see station/month for bounds),monthly
1992-05-20,YARMUQ - NAHARAYIM,418852.89,,monthly_IQR_3x (see station/month for bounds),monthly
1992-05-21,YARMUQ - NAHARAYIM,551961.27,,monthly_IQR_3x (see station/month for bounds),monthly
1992-05-22,YARMUQ - NAHARAYIM,410266.08,,monthly_IQR_3x (see station/month for bounds),monthly
1992-05-23,YARMUQ - NAHARAYIM,390782.88,,monthly_IQR_3x (see station/month for bounds),monthly
1992-05-24,YARMUQ - NAHARAYIM,378606.86,,monthly_IQR_3x (see station/month for bounds),monthly
1992-05-25,YARMUQ - NAHARAYIM,378432.0,,monthly_IQR_3x (see station/month for bounds),monthly
1992-05-26,YARMUQ - NAHARAYIM,373757.76,,monthly_IQR_3x (see station/month for bounds),monthly
1992-05-27,YARMUQ - NAHARAYIM,364409.28,,monthly_IQR_3x (see station/month for bounds),monthly
1992-05-28,YARMUQ - NAHARAYIM,355060.8,,monthly_IQR_3x (see station/month for bounds),monthly
1992-05-29,YARMUQ - NAHARAYIM,345712.32,,monthly_IQR_3x (see station/month for bounds),monthly
1992-06-01,YARMUQ - NAHARAYIM,317666.88,,monthly_IQR_3x (see station/month for bounds),monthly
1992-06-02,YARMUQ - NAHARAYIM,308318.4,,monthly_IQR_3x (see station/month for bounds),monthly
1992-06-03,YARMUQ - NAHARAYIM,298969.92,,monthly_IQR_3x (see station/month for bounds),monthly
1992-06-04,YARMUQ - NAHARAYIM,289621.44,,monthly_IQR_3x (see station/month for bounds),monthly
1992-06-05,YARMUQ - NAHARAYIM,280272.96,,monthly_IQR_3x (see station/month for bounds),monthly
1992-06-06,YARMUQ - NAHARAYIM,270924.48,,monthly_IQR_3x (see station/month for bounds),monthly
1992-06-07,YARMUQ - NAHARAYIM,261576.0,,monthly_IQR_3x (see station/month for bounds),monthly
1992-06-08,YARMUQ - NAHARAYIM,252227.52,,monthly_IQR_3x (see station/month for bounds),monthly
1992-06-09,YARMUQ - NAHARAYIM,242879.04,,monthly_IQR_3x (see station/month for bounds),monthly
1992-06-10,YARMUQ - NAHARAYIM,233534.88,,monthly_IQR_3x (see station/month for bounds),monthly
1992-06-11,YARMUQ - NAHARAYIM,224190.72,,monthly_IQR_3x (see station/month for bounds),monthly
1992-06-12,YARMUQ - NAHARAYIM,214842.24,,monthly_IQR_3x (see station/month for bounds),monthly
1992-06-13,YARMUQ - NAHARAYIM,205493.76,,monthly_IQR_3x (see station/month for bounds),monthly
1992-11-15,YARMUQ - NAHARAYIM,245194.56,,monthly_IQR_3x (see station/month for bounds),monthly
1992-11-16,YARMUQ - NAHARAYIM,255990.24,,monthly_IQR_3x (see station/month for bounds),monthly
1992-11-17,YARMUQ - NAHARAYIM,266785.92,,monthly_IQR_3x (see station/month for bounds),monthly
1992-11-18,YARMUQ - NAHARAYIM,277585.92,,monthly_IQR_3x (see station/month for bounds),monthly
1992-11-19,YARMUQ - NAHARAYIM,288385.92,,monthly_IQR_3x (see station/month for bounds),monthly
1992-11-20,YARMUQ - NAHARAYIM,299185.92,,monthly_IQR_3x (see station/month for bounds),monthly
1992-11-21,YARMUQ - NAHARAYIM,309985.92,,monthly_IQR_3x (see station/month for bounds),monthly
1992-11-22,YARMUQ - NAHARAYIM,320785.92,,monthly_IQR_3x (see station/month for bounds),monthly
1992-11-23,YARMUQ - NAHARAYIM,331581.6,,monthly_IQR_3x (see station/month for bounds),monthly
1992-11-24,YARMUQ - NAHARAYIM,342377.28,,monthly_IQR_3x (see station/month for bounds),monthly
1992-11-25,YARMUQ - NAHARAYIM,353177.28,,monthly_IQR_3x (see station/month for bounds),monthly
1992-11-26,YARMUQ - NAHARAYIM,363977.28,,monthly_IQR_3x (see station/month for bounds),monthly
1992-11-27,YARMUQ - NAHARAYIM,374777.28,,monthly_IQR_3x (see station/month for bounds),monthly
1992-11-28,YARMUQ - NAHARAYIM,385577.28,,monthly_IQR_3x (see station/month for bounds),monthly
1992-11-29,YARMUQ - NAHARAYIM,396377.28,,monthly_IQR_3x (see station/month for bounds),monthly
1992-11-30,YARMUQ - NAHARAYIM,407172.96,,monthly_IQR_3x (see station/month for bounds),monthly
1992-12-12,YARMUQ - NAHARAYIM,553832.64,,monthly_IQR_3x (see station/month for bounds),monthly
1992-12-13,YARMUQ - NAHARAYIM,580806.72,,monthly_IQR_3x (see station/month for bounds),monthly
1992-12-14,YARMUQ - NAHARAYIM,607780.8,,monthly_IQR_3x (see station/month for bounds),monthly
1992-12-15,YARMUQ - NAHARAYIM,1249731.87,,monthly_IQR_3x (see station/month for bounds),monthly
1992-12-16,YARMUQ - NAHARAYIM,6165625.85,,monthly_IQR_3x (see station/month for bounds),monthly
1992-12-17,YARMUQ - NAHARAYIM,9471432.04,,monthly_IQR_3x (see station/month for bounds),monthly
1992-12-18,YARMUQ - NAHARAYIM,8783251.91,,monthly_IQR_3x (see station/month for bounds),monthly
1992-12-19,YARMUQ - NAHARAYIM,9535650.98,,monthly_IQR_3x (see station/month for bounds),monthly
1992-12-20,YARMUQ - NAHARAYIM,9361446.26,,monthly_IQR_3x (see station/month for bounds),monthly
1992-12-21,YARMUQ - NAHARAYIM,9381344.63,,monthly_IQR_3x (see station/month for bounds),monthly
1992-12-22,YARMUQ - NAHARAYIM,8117038.15,,monthly_IQR_3x (see station/month for bounds),monthly
1992-12-23,YARMUQ - NAHARAYIM,5802595.83,,monthly_IQR_3x (see station/month for bounds),monthly
1992-12-24,YARMUQ - NAHARAYIM,7462224.48,,monthly_IQR_3x (see station/month for bounds),monthly
1992-12-25,YARMUQ - NAHARAYIM,7087144.29,,monthly_IQR_3x (see station/month for bounds),monthly
1992-12-26,YARMUQ - NAHARAYIM,6470625.6,,monthly_IQR_3x (see station/month for bounds),monthly
1992-12-27,YARMUQ - NAHARAYIM,5279993.09,,monthly_IQR_3x (see station/month for bounds),monthly
1992-12-28,YARMUQ - NAHARAYIM,3585823.71,,monthly_IQR_3x (see station/month for bounds),monthly
1992-12-29,YARMUQ - NAHARAYIM,2882728.01,,monthly_IQR_3x (see station/month for bounds),monthly
1992-12-30,YARMUQ - NAHARAYIM,2742374.88,,monthly_IQR_3x (see station/month for bounds),monthly
1992-12-31,YARMUQ - NAHARAYIM,2640658.98,,monthly_IQR_3x (see station/month for bounds),monthly
1993-01-01,YARMUQ - NAHARAYIM,2608930.08,,monthly_IQR_3x (see station/month for bounds),monthly
1993-01-02,YARMUQ - NAHARAYIM,2571164.05,,monthly_IQR_3x (see station/month for bounds),monthly
1993-01-03,YARMUQ - NAHARAYIM,1900723.07,,monthly_IQR_3x (see station/month for bounds),monthly
1993-01-04,YARMUQ - NAHARAYIM,1204683.05,,monthly_IQR_3x (see station/month for bounds),monthly
1993-01-05,YARMUQ - NAHARAYIM,1567807.87,,monthly_IQR_3x (see station/month for bounds),monthly
1993-01-06,YARMUQ - NAHARAYIM,1031099.14,,monthly_IQR_3x (see station/month for bounds),monthly
1993-01-07,YARMUQ - NAHARAYIM,1966195.91,,monthly_IQR_3x (see station/month for bounds),monthly
1993-01-08,YARMUQ - NAHARAYIM,5267963.87,,monthly_IQR_3x (see station/month for bounds),monthly
1993-01-09,YARMUQ - NAHARAYIM,9166547.8,,monthly_IQR_3x (see station/month for bounds),monthly
1993-01-10,YARMUQ - NAHARAYIM,10275990.86,,monthly_IQR_3x (see station/month for bounds),monthly
1993-01-11,YARMUQ - NAHARAYIM,14168420.53,,monthly_IQR_3x (see station/month for bounds),monthly
1993-01-12,YARMUQ - NAHARAYIM,13804152.0,,monthly_IQR_3x (see station/month for bounds),monthly
1993-01-13,YARMUQ - NAHARAYIM,12867724.08,,monthly_IQR_3x (see station/month for bounds),monthly
1993-01-14,YARMUQ - NAHARAYIM,9549190.16,,monthly_IQR_3x (see station/month for bounds),monthly
1993-01-15,YARMUQ - NAHARAYIM,8324241.45,,monthly_IQR_3x (see station/month for bounds),monthly
1993-01-16,YARMUQ - NAHARAYIM,7428436.28,,monthly_IQR_3x (see station/month for bounds),monthly
1993-01-17,YARMUQ - NAHARAYIM,5857649.91,,monthly_IQR_3x (see station/month for bounds),monthly
1993-01-18,YARMUQ - NAHARAYIM,4797159.43,,monthly_IQR_3x (see station/month for bounds),monthly
1993-01-19,YARMUQ - NAHARAYIM,4175603.44,,monthly_IQR_3x (see station/month for bounds),monthly
1993-01-20,YARMUQ - NAHARAYIM,4212255.47,,monthly_IQR_3x (see station/month for bounds),monthly
1993-01-21,YARMUQ - NAHARAYIM,3778982.81,,monthly_IQR_3x (see station/month for bounds),monthly
1993-01-22,YARMUQ - NAHARAYIM,3188361.15,,monthly_IQR_3x (see station/month for bounds),monthly
1993-01-23,YARMUQ - NAHARAYIM,2779273.2,,monthly_IQR_3x (see station/month for bounds),monthly
1993-01-24,YARMUQ - NAHARAYIM,2582071.4,,monthly_IQR_3x (see station/month for bounds),monthly
1993-01-25,YARMUQ - NAHARAYIM,2469495.36,,monthly_IQR_3x (see station/month for bounds),monthly
1993-01-26,YARMUQ - NAHARAYIM,2564672.36,,monthly_IQR_3x (see station/month for bounds),monthly
1993-01-27,YARMUQ - NAHARAYIM,2653148.24,,monthly_IQR_3x (see station/month for bounds),monthly
1993-01-28,YARMUQ - NAHARAYIM,2787007.0,,monthly_IQR_3x (see station/month for bounds),monthly
1993-01-29,YARMUQ - NAHARAYIM,3629798.97,,monthly_IQR_3x (see station/month for bounds),monthly
1993-01-30,YARMUQ - NAHARAYIM,3746564.49,,monthly_IQR_3x (see station/month for bounds),monthly
1993-01-31,YARMUQ - NAHARAYIM,3848494.46,,monthly_IQR_3x (see station/month for bounds),monthly
1993-02-01,YARMUQ - NAHARAYIM,5755062.7,,monthly_IQR_3x (see station/month for bounds),monthly
1993-02-02,YARMUQ - NAHARAYIM,6890072.79,,monthly_IQR_3x (see station/month for bounds),monthly
1993-02-03,YARMUQ - NAHARAYIM,4558895.62,,monthly_IQR_3x (see station/month for bounds),monthly
1993-02-04,YARMUQ - NAHARAYIM,3265326.9,,monthly_IQR_3x (see station/month for bounds),monthly
1993-02-12,YARMUQ - NAHARAYIM,3880620.99,,monthly_IQR_3x (see station/month for bounds),monthly
1993-02-13,YARMUQ - NAHARAYIM,5102184.44,,monthly_IQR_3x (see station/month for bounds),monthly
1993-02-14,YARMUQ - NAHARAYIM,4163690.63,,monthly_IQR_3x (see station/month for bounds),monthly
1993-02-15,YARMUQ - NAHARAYIM,2997577.47,,monthly_IQR_3x (see station/month for bounds),monthly
1993-02-16,YARMUQ - NAHARAYIM,3062297.76,,monthly_IQR_3x (see station/month for bounds),monthly
1993-02-17,YARMUQ - NAHARAYIM,2744485.5,,monthly_IQR_3x (see station/month for bounds),monthly
1993-03-18,YARMUQ - NAHARAYIM,2015338.86,,monthly_IQR_3x (see station/month for bounds),monthly
1993-03-19,YARMUQ - NAHARAYIM,2395567.53,,monthly_IQR_3x (see station/month for bounds),monthly
1993-03-20,YARMUQ - NAHARAYIM,1923876.9,,monthly_IQR_3x (see station/month for bounds),monthly
1993-11-20,YARMUQ - NAHARAYIM,238705.92,,monthly_IQR_3x (see station/month for bounds),monthly
1993-11-21,YARMUQ - NAHARAYIM,264496.5,,monthly_IQR_3x (see station/month for bounds),monthly
1993-11-22,YARMUQ - NAHARAYIM,266772.96,,monthly_IQR_3x (see station/month for bounds),monthly
1993-11-23,YARMUQ - NAHARAYIM,265744.8,,monthly_IQR_3x (see station/month for bounds),monthly
1993-11-24,YARMUQ - NAHARAYIM,264716.64,,monthly_IQR_3x (see station/month for bounds),monthly
1993-11-25,YARMUQ - NAHARAYIM,263688.48,,monthly_IQR_3x (see station/month for bounds),monthly
1993-11-26,YARMUQ - NAHARAYIM,262660.32,,monthly_IQR_3x (see station/month for bounds),monthly
1993-11-27,YARMUQ - NAHARAYIM,261632.16,,monthly_IQR_3x (see station/month for bounds),monthly
1993-11-28,YARMUQ - NAHARAYIM,260604.0,,monthly_IQR_3x (see station/month for bounds),monthly
1993-11-29,YARMUQ - NAHARAYIM,259575.84,,monthly_IQR_3x (see station/month for bounds),monthly
1993-11-30,YARMUQ - NAHARAYIM,258547.68,,monthly_IQR_3x (see station/month for bounds),monthly
1994-11-04,YARMUQ - NAHARAYIM,2275156.83,,monthly_IQR_3x (see station/month for bounds),monthly
1994-11-05,YARMUQ - NAHARAYIM,308170.66,,monthly_IQR_3x (see station/month for bounds),monthly
1994-11-06,YARMUQ - NAHARAYIM,249771.63,,monthly_IQR_3x (see station/month for bounds),monthly
1994-11-08,YARMUQ - NAHARAYIM,311792.57,,monthly_IQR_3x (see station/month for bounds),monthly
1994-11-09,YARMUQ - NAHARAYIM,316180.96,,monthly_IQR_3x (see station/month for bounds),monthly
1994-11-10,YARMUQ - NAHARAYIM,299043.85,,monthly_IQR_3x (see station/month for bounds),monthly
1994-11-11,YARMUQ - NAHARAYIM,285143.06,,monthly_IQR_3x (see station/month for bounds),monthly
1994-11-28,YARMUQ - NAHARAYIM,265542.1,,monthly_IQR_3x (see station/month for bounds),monthly
1994-11-29,YARMUQ - NAHARAYIM,261053.86,,monthly_IQR_3x (see station/month for bounds),monthly
1994-12-19,YARMUQ - NAHARAYIM,1608724.02,,monthly_IQR_3x (see station/month for bounds),monthly
1994-12-20,YARMUQ - NAHARAYIM,1446058.17,,monthly_IQR_3x (see station/month for bounds),monthly
1994-12-21,YARMUQ - NAHARAYIM,732855.27,,monthly_IQR_3x (see station/month for bounds),monthly
1994-12-22,YARMUQ - NAHARAYIM,741102.71,,monthly_IQR_3x (see station/month for bounds),monthly
1995-02-08,YARMUQ - NAHARAYIM,5181907.02,,monthly_IQR_3x (see station/month for bounds),monthly
1995-02-09,YARMUQ - NAHARAYIM,6724757.63,,monthly_IQR_3x (see station/month for bounds),monthly
1995-02-10,YARMUQ - NAHARAYIM,7315547.19,,monthly_IQR_3x (see station/month for bounds),monthly
1995-02-11,YARMUQ - NAHARAYIM,7845764.61,,monthly_IQR_3x (see station/month for bounds),monthly
1995-02-12,YARMUQ - NAHARAYIM,6991844.45,,monthly_IQR_3x (see station/month for bounds),monthly
1995-02-13,YARMUQ - NAHARAYIM,5806080.0,,monthly_IQR_3x (see station/month for bounds),monthly
1995-02-14,YARMUQ - NAHARAYIM,5930903.6,,monthly_IQR_3x (see station/month for bounds),monthly
1995-02-15,YARMUQ - NAHARAYIM,5251690.56,,monthly_IQR_3x (see station/month for bounds),monthly
1995-02-16,YARMUQ - NAHARAYIM,4974176.55,,monthly_IQR_3x (see station/month for bounds),monthly
1995-02-17,YARMUQ - NAHARAYIM,4645659.0,,monthly_IQR_3x (see station/month for bounds),monthly
1995-02-18,YARMUQ - NAHARAYIM,4449608.97,,monthly_IQR_3x (see station/month for bounds),monthly
1995-02-19,YARMUQ - NAHARAYIM,3161467.37,,monthly_IQR_3x (see station/month for bounds),monthly
1997-11-11,YARMUQ - NAHARAYIM,391289.4,,monthly_IQR_3x (see station/month for bounds),monthly
1998-03-20,YARMUQ - NAHARAYIM,1819234.95,,monthly_IQR_3x (see station/month for bounds),monthly
1998-03-31,YARMUQ - NAHARAYIM,2642318.62,,monthly_IQR_3x (see station/month for bounds),monthly
1998-04-01,YARMUQ - NAHARAYIM,2856158.88,,monthly_IQR_3x (see station/month for bounds),monthly
1998-04-02,YARMUQ - NAHARAYIM,1774150.22,,monthly_IQR_3x (see station/month for bounds),monthly
1998-04-03,YARMUQ - NAHARAYIM,746917.58,,monthly_IQR_3x (see station/month for bounds),monthly
2000-01-28,YARMUQ - NAHARAYIM,2305277.23,,monthly_IQR_3x (see station/month for bounds),monthly
2000-01-29,YARMUQ - NAHARAYIM,908337.67,,monthly_IQR_3x (see station/month for bounds),monthly
2013-01-09,JORDAN - BAPTISM SITE,,1122261.95,interpolated_gap<=3d,interpolated
2013-01-10,JORDAN - BAPTISM SITE,,1162043.18,interpolated_gap<=3d,interpolated
2013-01-13,JORDAN - BAPTISM SITE,,1172875.6344444444,interpolated_gap<=3d,interpolated
2013-01-14,JORDAN - BAPTISM SITE,,1207011.4588888888,interpolated_gap<=3d,interpolated
2013-01-15,JORDAN - BAPTISM SITE,,1241147.2833333334,interpolated_gap<=3d,interpolated
2018-05-01,JORDAN - BAPTISM SITE,,552340.9133333333,interpolated_gap<=3d,interpolated
2018-05-02,JORDAN - BAPTISM SITE,,533071.1766666666,interpolated_gap<=3d,interpolated
2018-12-08,JORDAN - BAPTISM SITE,,646086.925,interpolated_gap<=3d,interpolated
2018-12-13,JORDAN - BAPTISM SITE,,730049.138,interpolated_gap<=3d,interpolated
2018-12-14,JORDAN - BAPTISM SITE,,740824.476,interpolated_gap<=3d,interpolated
2018-12-15,JORDAN - BAPTISM SITE,,751599.814,interpolated_gap<=3d,interpolated
2019-01-26,JORDAN - BAPTISM SITE,,1511485.8966666667,interpolated_gap<=3d,interpolated
2019-01-27,JORDAN - BAPTISM SITE,,1448639.5533333332,interpolated_gap<=3d,interpolated
2019-03-01,JORDAN - BAPTISM SITE,,1162499.8199999998,interpolated_gap<=3d,interpolated
2019-03-05,JORDAN - BAPTISM SITE,,1117456.768181818,interpolated_gap<=3d,interpolated
2019-03-06,JORDAN - BAPTISM SITE,,1108298.7763636364,interpolated_gap<=3d,interpolated
2019-03-07,JORDAN - BAPTISM SITE,,1099140.7845454547,interpolated_gap<=3d,interpolated
2019-03-25,JORDAN - BAPTISM SITE,,1036600.4466666667,interpolated_gap<=3d,interpolated
2019-03-26,JORDAN - BAPTISM SITE,,1098831.7633333334,interpolated_gap<=3d,interpolated
2019-04-01,JORDAN - BAPTISM SITE,,690152.6678571429,interpolated_gap<=3d,interpolated
2019-04-02,JORDAN - BAPTISM SITE,,687535.6757142857,interpolated_gap<=3d,interpolated
2019-04-03,JORDAN - BAPTISM SITE,,684918.6835714286,interpolated_gap<=3d,interpolated
2020-01-15,JORDAN - BAPTISM SITE,,1536483.3199999998,interpolated_gap<=3d,interpolated
2020-01-16,JORDAN - BAPTISM SITE,,1534421.0,interpolated_gap<=3d,interpolated
2020-01-17,JORDAN - BAPTISM SITE,,1532358.68,interpolated_gap<=3d,interpolated
2020-01-27,JORDAN - BAPTISM SITE,,1578635.775,interpolated_gap<=3d,interpolated
2020-01-28,JORDAN - BAPTISM SITE,,1598313.15,interpolated_gap<=3d,interpolated
2020-01-29,JORDAN - BAPTISM SITE,,1617990.525,interpolated_gap<=3d,interpolated
2020-02-16,JORDAN - BAPTISM SITE,,1638153.4614285715,interpolated_gap<=3d,interpolated
2020-02-17,JORDAN - BAPTISM SITE,,1672459.7128571428,interpolated_gap<=3d,interpolated
2020-02-18,JORDAN - BAPTISM SITE,,1706765.9642857143,interpolated_gap<=3d,interpolated
2020-03-17,JORDAN - BAPTISM SITE,,1160655.8290000001,interpolated_gap<=3d,interpolated
2020-03-18,JORDAN - BAPTISM SITE,,1143727.088,interpolated_gap<=3d,interpolated
2020-03-19,JORDAN - BAPTISM SITE,,1126798.347,interpolated_gap<=3d,interpolated
2021-07-11,JORDAN - BAPTISM SITE,,125458.81,interpolated_gap<=3d,interpolated
2022-01-10,JORDAN - BAPTISM SITE,,353314.78,interpolated_gap<=3d,interpolated
2023-04-14,JORDAN - BAPTISM SITE,,760842.995,interpolated_gap<=3d,interpolated
2023-05-10,JORDAN - BAPTISM SITE,,287205.75,interpolated_gap<=3d,interpolated
2024-02-07,JORDAN - BAPTISM SITE,,1652109.17,interpolated_gap<=3d,interpolated
2024-02-08,JORDAN - BAPTISM SITE,,1709479.85,interpolated_gap<=3d,interpolated
2024-02-09,JORDAN - BAPTISM SITE,,1766850.53,interpolated_gap<=3d,interpolated
2024-02-25,JORDAN - BAPTISM SITE,,1757649.478,interpolated_gap<=3d,interpolated
2024-02-26,JORDAN - BAPTISM SITE,,1725835.0259999998,interpolated_gap<=3d,interpolated
2024-02-27,JORDAN - BAPTISM SITE,,1694020.574,interpolated_gap<=3d,interpolated
2024-03-01,JORDAN - BAPTISM SITE,,1364656.165,interpolated_gap<=3d,interpolated
2025-06-24,JORDAN - BAPTISM SITE,,193284.05421686746,interpolated_gap<=3d,interpolated
2025-06-25,JORDAN - BAPTISM SITE,,193410.10843373495,interpolated_gap<=3d,interpolated
2025-06-26,JORDAN - BAPTISM SITE,,193536.1626506024,interpolated_gap<=3d,interpolated
2026-05-27,JORDAN - BAPTISM SITE,,237353.14285714287,interpolated_gap<=3d,interpolated
2026-05-28,JORDAN - BAPTISM SITE,,236674.2857142857,interpolated_gap<=3d,interpolated
2026-05-29,JORDAN - BAPTISM SITE,,235995.42857142858,interpolated_gap<=3d,interpolated
2026-07-05,JORDAN - BAPTISM SITE,,197431.9120879121,interpolated_gap<=3d,interpolated
2026-07-06,JORDAN - BAPTISM SITE,,195135.82417582418,interpolated_gap<=3d,interpolated
2026-07-07,JORDAN - BAPTISM SITE,,192839.73626373627,interpolated_gap<=3d,interpolated
2026-08-02,JORDAN - BAPTISM SITE,,177007.7922077922,interpolated_gap<=3d,interpolated
2026-08-03,JORDAN - BAPTISM SITE,,176031.58441558442,interpolated_gap<=3d,interpolated
2026-08-04,JORDAN - BAPTISM SITE,,175055.37662337662,interpolated_gap<=3d,interpolated
1971-02-24,JORDAN - OBSTACLE BRIDGE,,5124098.84,interpolated_gap<=3d,interpolated
1971-04-13,JORDAN - OBSTACLE BRIDGE,,2221550.710769231,interpolated_gap<=3d,interpolated
1971-04-14,JORDAN - OBSTACLE BRIDGE,,2474710.4215384615,interpolated_gap<=3d,interpolated
1971-04-15,JORDAN - OBSTACLE BRIDGE,,2727870.1323076924,interpolated_gap<=3d,interpolated
1971-05-01,JORDAN - OBSTACLE BRIDGE,,3615139.7399999998,interpolated_gap<=3d,interpolated
1971-05-02,JORDAN - OBSTACLE BRIDGE,,3489412.79,interpolated_gap<=3d,interpolated
1974-01-20,JORDAN - OBSTACLE BRIDGE,,3654307.725,interpolated_gap<=3d,interpolated
1974-01-21,JORDAN - OBSTACLE BRIDGE,,4112061.45,interpolated_gap<=3d,interpolated
1974-01-22,JORDAN - OBSTACLE BRIDGE,,4569815.175000001,interpolated_gap<=3d,interpolated
1974-03-01,JORDAN - OBSTACLE BRIDGE,,3222428.0999999996,interpolated_gap<=3d,interpolated
1974-03-02,JORDAN - OBSTACLE BRIDGE,,4310209.199999999,interpolated_gap<=3d,interpolated
1975-12-28,JORDAN - OBSTACLE BRIDGE,,1824078.45,interpolated_gap<=3d,interpolated
1976-11-28,JORDAN - OBSTACLE BRIDGE,,1701379.38,interpolated_gap<=3d,interpolated
1976-11-29,JORDAN - OBSTACLE BRIDGE,,1879438.27,interpolated_gap<=3d,interpolated
1976-11-30,JORDAN - OBSTACLE BRIDGE,,2057497.1599999997,interpolated_gap<=3d,interpolated
1976-12-27,JORDAN - OBSTACLE BRIDGE,,2492266.5,interpolated_gap<=3d,interpolated
1977-12-06,JORDAN - OBSTACLE BRIDGE,,2143095.2800000003,interpolated_gap<=3d,interpolated
1977-12-16,JORDAN - OBSTACLE BRIDGE,,1768480.2449999999,interpolated_gap<=3d,interpolated
1977-12-17,JORDAN - OBSTACLE BRIDGE,,1984228.08,interpolated_gap<=3d,interpolated
1977-12-18,JORDAN - OBSTACLE BRIDGE,,2199975.915,interpolated_gap<=3d,interpolated
1978-01-27,JORDAN - OBSTACLE BRIDGE,,4177415.175,interpolated_gap<=3d,interpolated
1978-03-14,JORDAN - OBSTACLE BRIDGE,,4830052.725,interpolated_gap<=3d,interpolated
1979-12-27,JORDAN - OBSTACLE BRIDGE,,2189928.45,interpolated_gap<=3d,interpolated
1980-03-02,JORDAN - OBSTACLE BRIDGE,,6017044.9,interpolated_gap<=3d,interpolated
1980-03-03,JORDAN - OBSTACLE BRIDGE,,6089874.65,interpolated_gap<=3d,interpolated
1980-04-04,JORDAN - OBSTACLE BRIDGE,,4182921.1500000004,interpolated_gap<=3d,interpolated
1981-01-12,JORDAN - OBSTACLE BRIDGE,,4486984.135,interpolated_gap<=3d,interpolated
1981-01-27,JORDAN - OBSTACLE BRIDGE,,3937587.9,interpolated_gap<=3d,interpolated
1982-02-03,JORDAN - OBSTACLE BRIDGE,,5135085.0,interpolated_gap<=3d,interpolated
1983-03-05,JORDAN - OBSTACLE BRIDGE,,4889022.75,interpolated_gap<=3d,interpolated
1983-03-06,JORDAN - OBSTACLE BRIDGE,,5082511.5,interpolated_gap<=3d,interpolated
1983-03-07,JORDAN - OBSTACLE BRIDGE,,5276000.25,interpolated_gap<=3d,interpolated
1985-02-05,JORDAN - OBSTACLE BRIDGE,,5643698.17,interpolated_gap<=3d,interpolated
1986-11-09,JORDAN - OBSTACLE BRIDGE,,1385261.4966666668,interpolated_gap<=3d,interpolated
1986-11-10,JORDAN - OBSTACLE BRIDGE,,1692581.1533333333,interpolated_gap<=3d,interpolated
1986-12-22,JORDAN - OBSTACLE BRIDGE,,2324263.8533333335,interpolated_gap<=3d,interpolated
1986-12-23,JORDAN - OBSTACLE BRIDGE,,2390580.8366666664,interpolated_gap<=3d,interpolated
1986-12-28,JORDAN - OBSTACLE BRIDGE,,2348619.866,interpolated_gap<=3d,interpolated
1986-12-29,JORDAN - OBSTACLE BRIDGE,,2454550.272,interpolated_gap<=3d,interpolated
1986-12-30,JORDAN - OBSTACLE BRIDGE,,2560480.6780000003,interpolated_gap<=3d,interpolated
1987-01-26,JORDAN - OBSTACLE BRIDGE,,3461635.6100000003,interpolated_gap<=3d,interpolated
1987-01-27,JORDAN - OBSTACLE BRIDGE,,3720426.77,interpolated_gap<=3d,interpolated
1987-12-23,JORDAN - OBSTACLE BRIDGE,,1649457.5528571429,interpolated_gap<=3d,interpolated
1987-12-24,JORDAN - OBSTACLE BRIDGE,,1796310.5757142857,interpolated_gap<=3d,interpolated
1987-12-25,JORDAN - OBSTACLE BRIDGE,,1943163.5985714286,interpolated_gap<=3d,interpolated
1988-02-02,JORDAN - OBSTACLE BRIDGE,,5104027.785,interpolated_gap<=3d,interpolated
1988-12-27,JORDAN - OBSTACLE BRIDGE,,2387726.6550000003,interpolated_gap<=3d,interpolated
1990-06-21,JORDAN - OBSTACLE BRIDGE,,308657.5,interpolated_gap<=3d,interpolated
1991-12-10,JORDAN - OBSTACLE BRIDGE,,2034593.5771428572,interpolated_gap<=3d,interpolated
1991-12-11,JORDAN - OBSTACLE BRIDGE,,2085092.3442857144,interpolated_gap<=3d,interpolated
1991-12-12,JORDAN - OBSTACLE BRIDGE,,2135591.1114285714,interpolated_gap<=3d,interpolated
1991-12-28,JORDAN - OBSTACLE BRIDGE,,2408956.9371428574,interpolated_gap<=3d,interpolated
1991-12-29,JORDAN - OBSTACLE BRIDGE,,2830658.1942857145,interpolated_gap<=3d,interpolated
1991-12-30,JORDAN - OBSTACLE BRIDGE,,3252359.4514285717,interpolated_gap<=3d,interpolated
1992-02-01,JORDAN - OBSTACLE BRIDGE,,4771825.1,interpolated_gap<=3d,interpolated
1992-02-04,JORDAN - OBSTACLE BRIDGE,,6613361.378333334,interpolated_gap<=3d,interpolated
1992-02-05,JORDAN - OBSTACLE BRIDGE,,6546274.356666666,interpolated_gap<=3d,interpolated
1992-02-06,JORDAN - OBSTACLE BRIDGE,,6479187.335,interpolated_gap<=3d,interpolated
1992-12-14,JORDAN - OBSTACLE BRIDGE,,1686767.83,interpolated_gap<=3d,interpolated
1992-12-15,JORDAN - OBSTACLE BRIDGE,,1773921.46,interpolated_gap<=3d,interpolated
1992-12-16,JORDAN - OBSTACLE BRIDGE,,1861075.09,interpolated_gap<=3d,interpolated
1992-12-24,JORDAN - OBSTACLE BRIDGE,,2373945.71,interpolated_gap<=3d,interpolated
1992-12-25,JORDAN - OBSTACLE BRIDGE,,2361470.0,interpolated_gap<=3d,interpolated
1992-12-26,JORDAN - OBSTACLE BRIDGE,,2348994.29,interpolated_gap<=3d,interpolated
1993-01-09,JORDAN - OBSTACLE BRIDGE,,4616543.5875,interpolated_gap<=3d,interpolated
1993-01-10,JORDAN - OBSTACLE BRIDGE,,4684577.4350000005,interpolated_gap<=3d,interpolated
1993-01-11,JORDAN - OBSTACLE BRIDGE,,4752611.2825,interpolated_gap<=3d,interpolated
1994-12-02,JORDAN - OBSTACLE BRIDGE,,1676589.54,interpolated_gap<=3d,interpolated
1994-12-03,JORDAN - OBSTACLE BRIDGE,,1863557.8,interpolated_gap<=3d,interpolated
1994-12-04,JORDAN - OBSTACLE BRIDGE,,2050526.06,interpolated_gap<=3d,interpolated
1994-12-19,JORDAN - OBSTACLE BRIDGE,,2110374.783333333,interpolated_gap<=3d,interpolated
1994-12-20,JORDAN - OBSTACLE BRIDGE,,2165786.1266666665,interpolated_gap<=3d,interpolated
1994-12-21,JORDAN - OBSTACLE BRIDGE,,2221197.4699999997,interpolated_gap<=3d,interpolated
1995-02-08,JORDAN - OBSTACLE BRIDGE,,5916365.365,interpolated_gap<=3d,interpolated
1998-01-26,JORDAN - OBSTACLE BRIDGE,,3428415.92,interpolated_gap<=3d,interpolated
2002-12-20,JORDAN - OBSTACLE BRIDGE,,1468466.4866666666,interpolated_gap<=3d,interpolated
2002-12-21,JORDAN - OBSTACLE BRIDGE,,1998777.4033333333,interpolated_gap<=3d,interpolated
2003-02-04,JORDAN - OBSTACLE BRIDGE,,3075072.9766666666,interpolated_gap<=3d,interpolated
2003-02-05,JORDAN - OBSTACLE BRIDGE,,3937457.673333334,interpolated_gap<=3d,interpolated
2003-02-20,JORDAN - OBSTACLE BRIDGE,,5565903.68,interpolated_gap<=3d,interpolated
2003-02-21,JORDAN - OBSTACLE BRIDGE,,5988745.47,interpolated_gap<=3d,interpolated
2003-02-22,JORDAN - OBSTACLE BRIDGE,,6411587.26,interpolated_gap<=3d,interpolated
2003-02-25,JORDAN - OBSTACLE BRIDGE,,7118212.6219999995,interpolated_gap<=3d,interpolated
2003-02-26,JORDAN - OBSTACLE BRIDGE,,6979154.404,interpolated_gap<=3d,interpolated
2003-02-27,JORDAN - OBSTACLE BRIDGE,,6840096.186,interpolated_gap<=3d,interpolated
2003-03-20,JORDAN - OBSTACLE BRIDGE,,5834900.465,interpolated_gap<=3d,interpolated
2003-03-25,JORDAN - OBSTACLE BRIDGE,,6450449.71,interpolated_gap<=3d,interpolated
2003-03-26,JORDAN - OBSTACLE BRIDGE,,6475318.649999999,interpolated_gap<=3d,interpolated
2003-03-27,JORDAN - OBSTACLE BRIDGE,,6500187.59,interpolated_gap<=3d,interpolated
2004-01-24,JORDAN - OBSTACLE BRIDGE,,3845298.7966666664,interpolated_gap<=3d,interpolated
2004-01-25,JORDAN - OBSTACLE BRIDGE,,4024105.5833333335,interpolated_gap<=3d,interpolated
2004-01-26,JORDAN - OBSTACLE BRIDGE,,4202912.37,interpolated_gap<=3d,interpolated
2004-02-17,JORDAN - OBSTACLE BRIDGE,,6519939.62,interpolated_gap<=3d,interpolated
2005-02-06,JORDAN - OBSTACLE BRIDGE,,6430209.904999999,interpolated_gap<=3d,interpolated
2005-02-08,JORDAN - OBSTACLE BRIDGE,,5935269.005,interpolated_gap<=3d,interpolated
2005-12-25,JORDAN - OBSTACLE BRIDGE,,1629884.205,interpolated_gap<=3d,interpolated
2009-03-01,JORDAN - OBSTACLE BRIDGE,,3354860.6849999996,interpolated_gap<=3d,interpolated
2009-12-18,JORDAN - OBSTACLE BRIDGE,,1651743.0,interpolated_gap<=3d,interpolated
2009-12-19,JORDAN - OBSTACLE BRIDGE,,1857312.0,interpolated_gap<=3d,interpolated
2009-12-20,JORDAN - OBSTACLE BRIDGE,,2062881.0,interpolated_gap<=3d,interpolated
2010-01-20,JORDAN - OBSTACLE BRIDGE,,3526194.0,interpolated_gap<=3d,interpolated
2010-01-21,JORDAN - OBSTACLE BRIDGE,,4101540.0,interpolated_gap<=3d,interpolated
2010-01-25,JORDAN - OBSTACLE BRIDGE,,3339570.0,interpolated_gap<=3d,interpolated
2010-01-26,JORDAN - OBSTACLE BRIDGE,,3614514.0,interpolated_gap<=3d,interpolated
2010-12-13,JORDAN - OBSTACLE BRIDGE,,1304807.605,interpolated_gap<=3d,interpolated
2011-03-10,JORDAN - OBSTACLE BRIDGE,,5320625.735,interpolated_gap<=3d,interpolated
2012-02-18,JORDAN - OBSTACLE BRIDGE,,5499191.1,interpolated_gap<=3d,interpolated
2012-03-01,JORDAN - OBSTACLE BRIDGE,,4081191.2133333334,interpolated_gap<=3d,interpolated
2012-03-02,JORDAN - OBSTACLE BRIDGE,,4804326.486666666,interpolated_gap<=3d,interpolated
2012-03-16,JORDAN - OBSTACLE BRIDGE,,5425741.02,interpolated_gap<=3d,interpolated
2012-12-07,JORDAN - OBSTACLE BRIDGE,,1837305.72,interpolated_gap<=3d,interpolated
2012-12-08,JORDAN - OBSTACLE BRIDGE,,1851359.76,interpolated_gap<=3d,interpolated
2012-12-09,JORDAN - OBSTACLE BRIDGE,,1865413.8,interpolated_gap<=3d,interpolated
2012-12-21,JORDAN - OBSTACLE BRIDGE,,2050625.45,interpolated_gap<=3d,interpolated
2012-12-22,JORDAN - OBSTACLE BRIDGE,,2115792.37,interpolated_gap<=3d,interpolated
2012-12-23,JORDAN - OBSTACLE BRIDGE,,2180959.29,interpolated_gap<=3d,interpolated
2013-01-07,JORDAN - OBSTACLE BRIDGE,,3357687.081428571,interpolated_gap<=3d,interpolated
2013-01-08,JORDAN - OBSTACLE BRIDGE,,3606072.012857143,interpolated_gap<=3d,interpolated
2013-01-09,JORDAN - OBSTACLE BRIDGE,,3854456.944285714,interpolated_gap<=3d,interpolated
2016-12-14,JORDAN - OBSTACLE BRIDGE,,1258019.595,interpolated_gap<=3d,interpolated
2019-01-08,JORDAN - OBSTACLE BRIDGE,,3494093.07,interpolated_gap<=3d,interpolated
2019-01-09,JORDAN - OBSTACLE BRIDGE,,3777482.82,interpolated_gap<=3d,interpolated
2019-01-17,JORDAN - OBSTACLE BRIDGE,,3506718.7,interpolated_gap<=3d,interpolated
2019-04-01,JORDAN - OBSTACLE BRIDGE,,4589108.806666667,interpolated_gap<=3d,interpolated
2019-04-02,JORDAN - OBSTACLE BRIDGE,,4680804.003333334,interpolated_gap<=3d,interpolated
2019-12-26,JORDAN - OBSTACLE BRIDGE,,1157617.665,interpolated_gap<=3d,interpolated
2019-12-27,JORDAN - OBSTACLE BRIDGE,,1529238.63,interpolated_gap<=3d,interpolated
2019-12-28,JORDAN - OBSTACLE BRIDGE,,1900859.595,interpolated_gap<=3d,interpolated
2020-01-06,JORDAN - OBSTACLE BRIDGE,,3227849.685,interpolated_gap<=3d,interpolated
2020-01-08,JORDAN - OBSTACLE BRIDGE,,3550986.6875,interpolated_gap<=3d,interpolated
2020-01-09,JORDAN - OBSTACLE BRIDGE,,3945848.215,interpolated_gap<=3d,interpolated
2020-01-10,JORDAN - OBSTACLE BRIDGE,,4340709.7425,interpolated_gap<=3d,interpolated
2021-01-18,JORDAN - OBSTACLE BRIDGE,,2898783.24,interpolated_gap<=3d,interpolated
2021-01-20,JORDAN - OBSTACLE BRIDGE,,3865627.29,interpolated_gap<=3d,interpolated
2022-01-27,JORDAN - OBSTACLE BRIDGE,,3090104.41,interpolated_gap<=3d,interpolated
2024-01-14,JORDAN - OBSTACLE BRIDGE,,3918876.3,interpolated_gap<=3d,interpolated
2024-01-30,JORDAN - OBSTACLE BRIDGE,,3748865.5166666666,interpolated_gap<=3d,interpolated
2024-01-31,JORDAN - OBSTACLE BRIDGE,,4263751.673333334,interpolated_gap<=3d,interpolated
1970-01-24,JORDAN - SEDE NEHEMYA,,3110058.71,interpolated_gap<=3d,interpolated
1970-03-11,JORDAN - SEDE NEHEMYA,,4651976.335,interpolated_gap<=3d,interpolated
1971-04-13,JORDAN - SEDE NEHEMYA,,1788185.6787500002,interpolated_gap<=3d,interpolated
1971-04-14,JORDAN - SEDE NEHEMYA,,2221107.8075,interpolated_gap<=3d,interpolated
1971-04-15,JORDAN - SEDE NEHEMYA,,2654029.9362500003,interpolated_gap<=3d,interpolated
1974-01-20,JORDAN - SEDE NEHEMYA,,1795070.7,interpolated_gap<=3d,interpolated
1974-01-21,JORDAN - SEDE NEHEMYA,,2222982.9,interpolated_gap<=3d,interpolated
1974-03-01,JORDAN - SEDE NEHEMYA,,3984230.795,interpolated_gap<=3d,interpolated
1975-02-21,JORDAN - SEDE NEHEMYA,,3184743.425,interpolated_gap<=3d,interpolated
1975-12-28,JORDAN - SEDE NEHEMYA,,1247236.5,interpolated_gap<=3d,interpolated
1976-11-28,JORDAN - SEDE NEHEMYA,,1479654.3675,interpolated_gap<=3d,interpolated
1976-11-29,JORDAN - SEDE NEHEMYA,,1474317.045,interpolated_gap<=3d,interpolated
1976-11-30,JORDAN - SEDE NEHEMYA,,1468979.7225,interpolated_gap<=3d,interpolated
1976-12-26,JORDAN - SEDE NEHEMYA,,1263657.5266666668,interpolated_gap<=3d,interpolated
1976-12-27,JORDAN - SEDE NEHEMYA,,1621030.8933333335,interpolated_gap<=3d,interpolated
1977-01-20,JORDAN - SEDE NEHEMYA,,2505925.215,interpolated_gap<=3d,interpolated
1977-02-08,JORDAN - SEDE NEHEMYA,,3488827.1399999997,interpolated_gap<=3d,interpolated
1977-12-05,JORDAN - SEDE NEHEMYA,,996906.9400000001,interpolated_gap<=3d,interpolated
1977-12-06,JORDAN - SEDE NEHEMYA,,1419253.8800000001,interpolated_gap<=3d,interpolated
1977-12-09,JORDAN - SEDE NEHEMYA,,1653259.21,interpolated_gap<=3d,interpolated
1977-12-16,JORDAN - SEDE NEHEMYA,,1880848.1925,interpolated_gap<=3d,interpolated
1977-12-17,JORDAN - SEDE NEHEMYA,,1912237.995,interpolated_gap<=3d,interpolated
1977-12-18,JORDAN - SEDE NEHEMYA,,1943627.7975,interpolated_gap<=3d,interpolated
1978-01-26,JORDAN - SEDE NEHEMYA,,2488339.1333333333,interpolated_gap<=3d,interpolated
1978-01-27,JORDAN - SEDE NEHEMYA,,3128860.966666667,interpolated_gap<=3d,interpolated
1978-03-14,JORDAN - SEDE NEHEMYA,,5093894.734999999,interpolated_gap<=3d,interpolated
1979-12-26,JORDAN - SEDE NEHEMYA,,1089461.2166666668,interpolated_gap<=3d,interpolated
1979-12-27,JORDAN - SEDE NEHEMYA,,1467011.6333333333,interpolated_gap<=3d,interpolated
1980-02-17,JORDAN - SEDE NEHEMYA,,3270360.95,interpolated_gap<=3d,interpolated
1980-02-18,JORDAN - SEDE NEHEMYA,,3464772.7,interpolated_gap<=3d,interpolated
1980-03-01,JORDAN - SEDE NEHEMYA,,4297496.116666667,interpolated_gap<=3d,interpolated
1980-03-02,JORDAN - SEDE NEHEMYA,,5032354.283333333,interpolated_gap<=3d,interpolated
1980-04-04,JORDAN - SEDE NEHEMYA,,4063191.37,interpolated_gap<=3d,interpolated
1981-01-04,JORDAN - SEDE NEHEMYA,,2068412.81,interpolated_gap<=3d,interpolated
1981-01-11,JORDAN - SEDE NEHEMYA,,1719034.9133333333,interpolated_gap<=3d,interpolated
1981-01-12,JORDAN - SEDE NEHEMYA,,2133619.9066666667,interpolated_gap<=3d,interpolated
1981-01-27,JORDAN - SEDE NEHEMYA,,3208254.425,interpolated_gap<=3d,interpolated
1981-01-31,JORDAN - SEDE NEHEMYA,,3635111.7133333334,interpolated_gap<=3d,interpolated
1981-02-01,JORDAN - SEDE NEHEMYA,,4636805.306666667,interpolated_gap<=3d,interpolated
1982-02-02,JORDAN - SEDE NEHEMYA,,3022338.0,interpolated_gap<=3d,interpolated
1982-02-03,JORDAN - SEDE NEHEMYA,,3894549.0,interpolated_gap<=3d,interpolated
1983-03-04,JORDAN - SEDE NEHEMYA,,2955062.25,interpolated_gap<=3d,interpolated
1983-03-05,JORDAN - SEDE NEHEMYA,,3398881.5,interpolated_gap<=3d,interpolated
1983-03-06,JORDAN - SEDE NEHEMYA,,3842700.75,interpolated_gap<=3d,interpolated
1986-11-09,JORDAN - SEDE NEHEMYA,,1041073.1333333333,interpolated_gap<=3d,interpolated
1986-11-10,JORDAN - SEDE NEHEMYA,,1311592.8666666667,interpolated_gap<=3d,interpolated
1986-12-21,JORDAN - SEDE NEHEMYA,,1282654.5074999998,interpolated_gap<=3d,interpolated
1986-12-22,JORDAN - SEDE NEHEMYA,,1502009.365,interpolated_gap<=3d,interpolated
1986-12-23,JORDAN - SEDE NEHEMYA,,1721364.2225000001,interpolated_gap<=3d,interpolated
1986-12-27,JORDAN - SEDE NEHEMYA,,1671570.355,interpolated_gap<=3d,interpolated
1986-12-28,JORDAN - SEDE NEHEMYA,,1784052.16,interpolated_gap<=3d,interpolated
1986-12-29,JORDAN - SEDE NEHEMYA,,1896533.9649999999,interpolated_gap<=3d,interpolated
1987-01-26,JORDAN - SEDE NEHEMYA,,3331726.335,interpolated_gap<=3d,interpolated
1987-12-23,JORDAN - SEDE NEHEMYA,,1503710.657142857,interpolated_gap<=3d,interpolated
1987-12-24,JORDAN - SEDE NEHEMYA,,1586702.8542857142,interpolated_gap<=3d,interpolated
1987-12-25,JORDAN - SEDE NEHEMYA,,1669695.0514285713,interpolated_gap<=3d,interpolated
1988-02-02,JORDAN - SEDE NEHEMYA,,4201653.335,interpolated_gap<=3d,interpolated
1988-12-26,JORDAN - SEDE NEHEMYA,,1681318.955,interpolated_gap<=3d,interpolated
1991-12-04,JORDAN - SEDE NEHEMYA,,1365472.6300000001,interpolated_gap<=3d,interpolated
1991-12-10,JORDAN - SEDE NEHEMYA,,1973432.7471428572,interpolated_gap<=3d,interpolated
1991-12-11,JORDAN - SEDE NEHEMYA,,1990312.4442857143,interpolated_gap<=3d,interpolated
1991-12-12,JORDAN - SEDE NEHEMYA,,2007192.1414285714,interpolated_gap<=3d,interpolated
1991-12-28,JORDAN - SEDE NEHEMYA,,2074414.5416666667,interpolated_gap<=3d,interpolated
1991-12-29,JORDAN - SEDE NEHEMYA,,2511175.3633333333,interpolated_gap<=3d,interpolated
1991-12-30,JORDAN - SEDE NEHEMYA,,2947936.1850000005,interpolated_gap<=3d,interpolated
1992-01-16,JORDAN - SEDE NEHEMYA,,3657176.175,interpolated_gap<=3d,interpolated
1992-01-20,JORDAN - SEDE NEHEMYA,,3992884.025,interpolated_gap<=3d,interpolated
1992-01-31,JORDAN - SEDE NEHEMYA,,3937457.94,interpolated_gap<=3d,interpolated
1992-02-04,JORDAN - SEDE NEHEMYA,,4753567.612,interpolated_gap<=3d,interpolated
1992-02-05,JORDAN - SEDE NEHEMYA,,4728927.484,interpolated_gap<=3d,interpolated
1992-02-06,JORDAN - SEDE NEHEMYA,,4704287.356,interpolated_gap<=3d,interpolated
1992-11-24,JORDAN - SEDE NEHEMYA,,1342354.69,interpolated_gap<=3d,interpolated
1992-12-14,JORDAN - SEDE NEHEMYA,,2030597.2264705882,interpolated_gap<=3d,interpolated
1992-12-15,JORDAN - SEDE NEHEMYA,,2033900.1629411764,interpolated_gap<=3d,interpolated
1992-12-16,JORDAN - SEDE NEHEMYA,,2037203.0994117646,interpolated_gap<=3d,interpolated
1993-01-10,JORDAN - SEDE NEHEMYA,,4148776.99,interpolated_gap<=3d,interpolated
1993-01-11,JORDAN - SEDE NEHEMYA,,3835155.28,interpolated_gap<=3d,interpolated
1994-11-30,JORDAN - SEDE NEHEMYA,,1238386.4849999999,interpolated_gap<=3d,interpolated
1994-12-02,JORDAN - SEDE NEHEMYA,,1563440.5975,interpolated_gap<=3d,interpolated
1994-12-03,JORDAN - SEDE NEHEMYA,,1734986.4649999999,interpolated_gap<=3d,interpolated
1994-12-04,JORDAN - SEDE NEHEMYA,,1906532.3325,interpolated_gap<=3d,interpolated
1994-12-19,JORDAN - SEDE NEHEMYA,,1925199.0066666666,interpolated_gap<=3d,interpolated
1994-12-20,JORDAN - SEDE NEHEMYA,,1929826.0033333334,interpolated_gap<=3d,interpolated
1994-12-21,JORDAN - SEDE NEHEMYA,,1934453.0,interpolated_gap<=3d,interpolated
1995-01-18,JORDAN - SEDE NEHEMYA,,3314943.14,interpolated_gap<=3d,interpolated
2002-12-20,JORDAN - SEDE NEHEMYA,,1082874.6800000002,interpolated_gap<=3d,interpolated
2002-12-21,JORDAN - SEDE NEHEMYA,,1309035.8,interpolated_gap<=3d,interpolated
2002-12-22,JORDAN - SEDE NEHEMYA,,1535196.92,interpolated_gap<=3d,interpolated
2003-02-04,JORDAN - SEDE NEHEMYA,,3158751.2249999996,interpolated_gap<=3d,interpolated
2003-02-20,JORDAN - SEDE NEHEMYA,,5044688.93,interpolated_gap<=3d,interpolated
2003-02-21,JORDAN - SEDE NEHEMYA,,4995529.5,interpolated_gap<=3d,interpolated
2003-02-22,JORDAN - SEDE NEHEMYA,,4946370.07,interpolated_gap<=3d,interpolated
2003-02-25,JORDAN - SEDE NEHEMYA,,5077588.006666667,interpolated_gap<=3d,interpolated
2003-02-26,JORDAN - SEDE NEHEMYA,,4928911.613333333,interpolated_gap<=3d,interpolated
2003-03-26,JORDAN - SEDE NEHEMYA,,5858214.755,interpolated_gap<=3d,interpolated
2004-01-24,JORDAN - SEDE NEHEMYA,,3532788.745,interpolated_gap<=3d,interpolated
2004-01-27,JORDAN - SEDE NEHEMYA,,3832459.425,interpolated_gap<=3d,interpolated
2004-11-26,JORDAN - SEDE NEHEMYA,,1148404.73,interpolated_gap<=3d,interpolated
2009-11-03,JORDAN - SEDE NEHEMYA,,976148.2150000001,interpolated_gap<=3d,interpolated
2009-12-15,JORDAN - SEDE NEHEMYA,,1253717.112,interpolated_gap<=3d,interpolated
2009-12-16,JORDAN - SEDE NEHEMYA,,1426533.4640000002,interpolated_gap<=3d,interpolated
2009-12-17,JORDAN - SEDE NEHEMYA,,1599349.816,interpolated_gap<=3d,interpolated
2010-01-19,JORDAN - SEDE NEHEMYA,,2645805.75,interpolated_gap<=3d,interpolated
2010-01-20,JORDAN - SEDE NEHEMYA,,2865965.02,interpolated_gap<=3d,interpolated
2010-01-21,JORDAN - SEDE NEHEMYA,,3086124.29,interpolated_gap<=3d,interpolated
2010-01-24,JORDAN - SEDE NEHEMYA,,3237204.94,interpolated_gap<=3d,interpolated
2010-01-25,JORDAN - SEDE NEHEMYA,,3637295.8,interpolated_gap<=3d,interpolated
2011-03-10,JORDAN - SEDE NEHEMYA,,4758477.45,interpolated_gap<=3d,interpolated
2012-12-08,JORDAN - SEDE NEHEMYA,,1501620.65,interpolated_gap<=3d,interpolated
2012-12-20,JORDAN - SEDE NEHEMYA,,1081837.5999999999,interpolated_gap<=3d,interpolated
2012-12-21,JORDAN - SEDE NEHEMYA,,1286434.3399999999,interpolated_gap<=3d,interpolated
2012-12-22,JORDAN - SEDE NEHEMYA,,1491031.08,interpolated_gap<=3d,interpolated
2013-01-07,JORDAN - SEDE NEHEMYA,,3152187.302,interpolated_gap<=3d,interpolated
2013-01-08,JORDAN - SEDE NEHEMYA,,3334972.184,interpolated_gap<=3d,interpolated
2013-01-09,JORDAN - SEDE NEHEMYA,,3517757.066,interpolated_gap<=3d,interpolated
2013-11-12,JORDAN - SEDE NEHEMYA,,494112.55,interpolated_gap<=3d,interpolated
2013-11-13,JORDAN - SEDE NEHEMYA,,539002.1,interpolated_gap<=3d,interpolated
2013-11-14,JORDAN - SEDE NEHEMYA,,583891.65,interpolated_gap<=3d,interpolated
2016-12-14,JORDAN - SEDE NEHEMYA,,958535.775,interpolated_gap<=3d,interpolated
2019-01-08,JORDAN - SEDE NEHEMYA,,3587011.6799999997,interpolated_gap<=3d,interpolated
2019-01-09,JORDAN - SEDE NEHEMYA,,3175916.8499999996,interpolated_gap<=3d,interpolated
2019-01-17,JORDAN - SEDE NEHEMYA,,2733964.5,interpolated_gap<=3d,interpolated
2019-04-01,JORDAN - SEDE NEHEMYA,,4589961.390000001,interpolated_gap<=3d,interpolated
2019-12-26,JORDAN - SEDE NEHEMYA,,997485.92,interpolated_gap<=3d,interpolated
2019-12-27,JORDAN - SEDE NEHEMYA,,1202574.73,interpolated_gap<=3d,interpolated
2019-12-28,JORDAN - SEDE NEHEMYA,,1407663.54,interpolated_gap<=3d,interpolated
2020-01-01,JORDAN - SEDE NEHEMYA,,1265375.1179347825,interpolated_gap<=3d,interpolated
2020-01-02,JORDAN - SEDE NEHEMYA,,1279663.535869565,interpolated_gap<=3d,interpolated
2020-01-03,JORDAN - SEDE NEHEMYA,,1293951.9538043477,interpolated_gap<=3d,interpolated
1986-02-15,YARMUQ - NAHARAYIM,,1348971.585,interpolated_gap<=3d,interpolated
1986-11-08,YARMUQ - NAHARAYIM,,39045.73090909091,interpolated_gap<=3d,interpolated
1986-11-09,YARMUQ - NAHARAYIM,,52171.46181818182,interpolated_gap<=3d,interpolated
1986-11-10,YARMUQ - NAHARAYIM,,65297.19272727273,interpolated_gap<=3d,interpolated
1986-12-28,YARMUQ - NAHARAYIM,,422300.02499999997,interpolated_gap<=3d,interpolated
1986-12-30,YARMUQ - NAHARAYIM,,619463.7466666666,interpolated_gap<=3d,interpolated
1986-12-31,YARMUQ - NAHARAYIM,,700008.5433333333,interpolated_gap<=3d,interpolated
1987-01-02,YARMUQ - NAHARAYIM,,738678.1766666666,interpolated_gap<=3d,interpolated
1987-01-03,YARMUQ - NAHARAYIM,,696803.0133333333,interpolated_gap<=3d,interpolated
1987-01-06,YARMUQ - NAHARAYIM,,616333.5112500001,interpolated_gap<=3d,interpolated
1987-01-07,YARMUQ - NAHARAYIM,,642864.4625,interpolated_gap<=3d,interpolated
1987-01-08,YARMUQ - NAHARAYIM,,669395.4137500001,interpolated_gap<=3d,interpolated
1987-01-14,YARMUQ - NAHARAYIM,,796484.4633333334,interpolated_gap<=3d,interpolated
1987-01-15,YARMUQ - NAHARAYIM,,790918.7566666667,interpolated_gap<=3d,interpolated
1987-01-26,YARMUQ - NAHARAYIM,,341339.024,interpolated_gap<=3d,interpolated
1987-01-27,YARMUQ - NAHARAYIM,,449397.878,interpolated_gap<=3d,interpolated
1987-01-28,YARMUQ - NAHARAYIM,,557456.732,interpolated_gap<=3d,interpolated
1987-03-14,YARMUQ - NAHARAYIM,,504482.9142857143,interpolated_gap<=3d,interpolated
1987-03-15,YARMUQ - NAHARAYIM,,631054.6285714286,interpolated_gap<=3d,interpolated
1987-03-16,YARMUQ - NAHARAYIM,,757626.3428571429,interpolated_gap<=3d,interpolated
1988-02-02,YARMUQ - NAHARAYIM,,1271445.8,interpolated_gap<=3d,interpolated
1988-02-03,YARMUQ - NAHARAYIM,,1250663.5,interpolated_gap<=3d,interpolated
1988-02-24,YARMUQ - NAHARAYIM,,1309953.4933333334,interpolated_gap<=3d,interpolated
1988-02-25,YARMUQ - NAHARAYIM,,1269765.2966666666,interpolated_gap<=3d,interpolated
1988-03-01,YARMUQ - NAHARAYIM,,1322309.5632,interpolated_gap<=3d,interpolated
1988-03-02,YARMUQ - NAHARAYIM,,1339908.0764000001,interpolated_gap<=3d,interpolated
1988-03-03,YARMUQ - NAHARAYIM,,1357506.5896,interpolated_gap<=3d,interpolated
1988-04-07,YARMUQ - NAHARAYIM,,339769.4825,interpolated_gap<=3d,interpolated
1988-04-08,YARMUQ - NAHARAYIM,,377114.295,interpolated_gap<=3d,interpolated
1988-04-09,YARMUQ - NAHARAYIM,,414459.1075,interpolated_gap<=3d,interpolated
1988-04-11,YARMUQ - NAHARAYIM,,497925.87,interpolated_gap<=3d,interpolated
1988-04-12,YARMUQ - NAHARAYIM,,544047.8200000001,interpolated_gap<=3d,interpolated
1988-04-14,YARMUQ - NAHARAYIM,,563785.0525,interpolated_gap<=3d,interpolated
1988-04-15,YARMUQ - NAHARAYIM,,537400.335,interpolated_gap<=3d,interpolated
1988-04-16,YARMUQ - NAHARAYIM,,511015.61750000005,interpolated_gap<=3d,interpolated
1988-04-26,YARMUQ - NAHARAYIM,,450793.2966666667,interpolated_gap<=3d,interpolated
1988-04-27,YARMUQ - NAHARAYIM,,525059.4733333334,interpolated_gap<=3d,interpolated
1988-04-30,YARMUQ - NAHARAYIM,,367306.4175,interpolated_gap<=3d,interpolated
1988-05-01,YARMUQ - NAHARAYIM,,334409.475,interpolated_gap<=3d,interpolated
1988-05-02,YARMUQ - NAHARAYIM,,301512.53250000003,interpolated_gap<=3d,interpolated
1991-12-31,YARMUQ - NAHARAYIM,,504887.70692307694,interpolated_gap<=3d,interpolated
1992-01-01,YARMUQ - NAHARAYIM,,529283.9038461539,interpolated_gap<=3d,interpolated
1992-01-02,YARMUQ - NAHARAYIM,,553680.1007692307,interpolated_gap<=3d,interpolated
1992-01-18,YARMUQ - NAHARAYIM,,675602.9733333333,interpolated_gap<=3d,interpolated
1992-01-19,YARMUQ - NAHARAYIM,,694171.8466666667,interpolated_gap<=3d,interpolated
1992-01-20,YARMUQ - NAHARAYIM,,712740.72,interpolated_gap<=3d,interpolated
1992-01-31,YARMUQ - NAHARAYIM,,519605.9389830509,interpolated_gap<=3d,interpolated
1992-02-01,YARMUQ - NAHARAYIM,,540886.9179661017,interpolated_gap<=3d,interpolated
1992-02-02,YARMUQ - NAHARAYIM,,562167.8969491526,interpolated_gap<=3d,interpolated
1992-04-01,YARMUQ - NAHARAYIM,,1336817.9988888889,interpolated_gap<=3d,interpolated
1992-04-02,YARMUQ - NAHARAYIM,,1242316.3177777778,interpolated_gap<=3d,interpolated
1992-04-03,YARMUQ - NAHARAYIM,,1147814.6366666667,interpolated_gap<=3d,interpolated
1992-04-16,YARMUQ - NAHARAYIM,,514729.57,interpolated_gap<=3d,interpolated
1992-04-20,YARMUQ - NAHARAYIM,,544436.18,interpolated_gap<=3d,interpolated
1992-05-01,YARMUQ - NAHARAYIM,,470884.864,interpolated_gap<=3d,interpolated
1992-05-02,YARMUQ - NAHARAYIM,,466246.20800000004,interpolated_gap<=3d,interpolated
1992-05-03,YARMUQ - NAHARAYIM,,461607.552,interpolated_gap<=3d,interpolated
1992-06-01,YARMUQ - NAHARAYIM,,317667.4971428571,interpolated_gap<=3d,interpolated
1992-06-02,YARMUQ - NAHARAYIM,,308319.63428571424,interpolated_gap<=3d,interpolated
1992-06-03,YARMUQ - NAHARAYIM,,298971.77142857143,interpolated_gap<=3d,interpolated
1992-11-15,YARMUQ - NAHARAYIM,,245193.03529411764,interpolated_gap<=3d,interpolated
1992-11-16,YARMUQ - NAHARAYIM,,255991.51058823528,interpolated_gap<=3d,interpolated
1992-11-17,YARMUQ - NAHARAYIM,,266789.9858823529,interpolated_gap<=3d,interpolated
1992-12-12,YARMUQ - NAHARAYIM,,560302.6694642857,interpolated_gap<=3d,interpolated
1992-12-13,YARMUQ - NAHARAYIM,,593746.7789285715,interpolated_gap<=3d,interpolated
1992-12-14,YARMUQ - NAHARAYIM,,627190.8883928572,interpolated_gap<=3d,interpolated
1993-02-12,YARMUQ - NAHARAYIM,,2254073.1785714286,interpolated_gap<=3d,interpolated
1993-02-13,YARMUQ - NAHARAYIM,,2218681.457142857,interpolated_gap<=3d,interpolated
1993-02-14,YARMUQ - NAHARAYIM,,2183289.7357142856,interpolated_gap<=3d,interpolated
1993-03-18,YARMUQ - NAHARAYIM,,1505015.245,interpolated_gap<=3d,interpolated
1993-03-19,YARMUQ - NAHARAYIM,,1448572.76,interpolated_gap<=3d,interpolated
1993-03-20,YARMUQ - NAHARAYIM,,1392130.275,interpolated_gap<=3d,interpolated
1993-11-20,YARMUQ - NAHARAYIM,,212407.19999999998,interpolated_gap<=3d,interpolated
1993-11-21,YARMUQ - NAHARAYIM,,216508.31999999998,interpolated_gap<=3d,interpolated
1993-11-22,YARMUQ - NAHARAYIM,,220609.44,interpolated_gap<=3d,interpolated
1994-11-04,YARMUQ - NAHARAYIM,,129210.315,interpolated_gap<=3d,interpolated
1994-11-05,YARMUQ - NAHARAYIM,,160565.8,interpolated_gap<=3d,interpolated
1994-11-06,YARMUQ - NAHARAYIM,,191921.285,interpolated_gap<=3d,interpolated
1994-11-08,YARMUQ - NAHARAYIM,,221334.152,interpolated_gap<=3d,interpolated
1994-11-09,YARMUQ - NAHARAYIM,,219391.53399999999,interpolated_gap<=3d,interpolated
1994-11-10,YARMUQ - NAHARAYIM,,217448.916,interpolated_gap<=3d,interpolated
1994-11-28,YARMUQ - NAHARAYIM,,225891.07,interpolated_gap<=3d,interpolated
1994-11-29,YARMUQ - NAHARAYIM,,223791.32,interpolated_gap<=3d,interpolated
1994-12-19,YARMUQ - NAHARAYIM,,473632.38,interpolated_gap<=3d,interpolated
1994-12-20,YARMUQ - NAHARAYIM,,454633.0,interpolated_gap<=3d,interpolated
1994-12-21,YARMUQ - NAHARAYIM,,435633.62,interpolated_gap<=3d,interpolated
1995-02-08,YARMUQ - NAHARAYIM,,293016.4823076923,interpolated_gap<=3d,interpolated
1995-02-09,YARMUQ - NAHARAYIM,,382020.4246153846,interpolated_gap<=3d,interpolated
1995-02-10,YARMUQ - NAHARAYIM,,471024.3669230769,interpolated_gap<=3d,interpolated
1997-11-11,YARMUQ - NAHARAYIM,,131883.39,interpolated_gap<=3d,interpolated
1998-03-20,YARMUQ - NAHARAYIM,,689297.5900000001,interpolated_gap<=3d,interpolated
1998-03-31,YARMUQ - NAHARAYIM,,309825.096,interpolated_gap<=3d,interpolated
1998-04-01,YARMUQ - NAHARAYIM,,329294.302,interpolated_gap<=3d,interpolated
1998-04-02,YARMUQ - NAHARAYIM,,348763.50800000003,interpolated_gap<=3d,interpolated
2000-01-28,YARMUQ - NAHARAYIM,,226861.03666666665,interpolated_gap<=3d,interpolated
2000-01-29,YARMUQ - NAHARAYIM,,273823.7133333333,interpolated_gap<=3d,interpolated
