date,kinneret_level
1966-09-01,-210.02
1966-09-15,-210.13
1966-10-01,-210.27
1966-10-15,-210.32
1966-11-01,-210.39
1966-11-15,-210.46
1966-11-30,-210.52
1966-12-01,-210.52
1966-12-10,-210.56
1966-12-15,-210.52
1966-12-20,-210.38
1966-12-30,-210.3
1967-01-16,-210.23
1967-01-31,-209.83
1967-02-10,-209.7
1967-02-22,-209.5
1967-02-25,-209.25
1967-02-28,-209.2
1967-03-07,-208.98
1967-03-08,-208.98
1967-03-10,-208.96
1967-03-13,-209.0
1967-03-15,-209.03
1967-03-16,-209.04
1967-03-19,-209.07
1967-03-20,-209.06
1967-03-25,-209.02
1967-03-26,-208.99
1967-03-27,-208.91
1967-03-28,-208.89
1967-03-29,-208.87
1967-03-30,-208.87
1967-04-02,-208.87
1967-04-04,-208.89
1967-04-09,-208.96
1967-04-16,-208.97
1967-04-20,-208.97
1967-04-26,-208.97
1967-04-30,-208.97
1967-05-07,-208.92
1967-05-13,-208.91
1967-05-18,-208.89
1967-05-31,-208.87
1967-06-12,-208.87
1967-06-22,-208.87
1967-07-05,-208.89
1967-07-12,-208.93
1967-07-19,-208.98
1967-07-25,-209.01
1967-07-31,-209.04
1967-08-06,-209.08
1967-08-13,-209.13
1967-08-21,-209.18
1967-08-30,-209.26
1967-09-02,-209.28
1967-09-10,-209.32
1967-09-17,-209.36
1967-09-24,-209.39
1967-09-30,-209.45
1967-10-07,-209.47
1967-10-14,-209.48
1967-10-21,-209.52
1967-10-31,-209.54
1967-11-07,-209.55
1967-11-14,-209.56
1967-11-21,-209.57
1967-11-30,-209.53
1967-12-07,-209.52
1967-12-14,-209.55
1967-12-21,-209.57
1967-12-27,-209.6
1967-12-31,-209.61
1968-01-07,-209.63
1968-01-14,-209.67
1968-01-17,-209.42
1968-01-18,-209.3
1968-01-24,-209.28
1968-01-31,-209.17
1968-02-07,-209.12
1968-02-11,-209.15
1968-02-14,-209.19
1968-02-18,-209.21
1968-02-19,-209.23
1968-02-20,-209.22
1968-02-21,-209.24
1968-02-29,-209.2
1968-03-03,-209.18
1968-03-10,-209.16
1968-03-17,-209.12
1968-03-24,-209.07
1968-03-31,-209.02
1968-04-07,-208.98
1968-04-14,-208.96
1968-04-21,-208.94
1968-04-28,-208.87
1968-05-05,-208.87
1968-05-12,-208.87
1968-05-19,-208.86
1968-05-26,-208.86
1968-06-03,-208.87
1968-06-09,-208.89
1968-06-16,-208.93
1968-06-23,-208.96
1968-06-30,-209.02
1968-07-14,-209.12
1968-08-04,-209.32
1968-08-06,-209.34
1968-08-11,-209.39
1968-08-18,-209.44
1968-08-26,-209.51
1968-09-01,-209.56
1968-09-08,-209.59
1968-09-25,-209.72
1968-09-29,-209.73
1968-10-06,-209.75
1968-10-13,-209.8
1968-10-20,-209.83
1968-10-30,-209.83
1968-11-04,-209.79
1968-11-10,-209.77
1968-11-19,-209.77
1968-11-24,-209.76
1968-12-08,-209.64
1968-12-09,-209.61
1968-12-18,-209.41
1968-12-29,-209.07
1969-01-06,-209.14
1969-01-09,-209.03
1969-01-15,-209.04
1969-01-27,-208.2
1969-02-07,-208.39
1969-02-10,-208.45
1969-02-14,-208.59
1969-02-21,-208.81
1969-02-28,-208.81
1969-03-09,-208.77
1969-03-16,-208.8
1969-04-08,-208.83
1969-04-15,-208.84
1969-04-22,-208.81
1969-04-29,-208.78
1969-05-04,-208.8
1969-05-11,-208.82
1969-05-18,-208.83
1969-05-25,-208.84
1969-06-08,-208.82
1969-06-15,-208.82
1969-06-22,-208.83
1969-06-29,-208.83
1969-07-07,-208.84
1969-07-14,-208.88
1969-07-21,-208.93
1969-07-29,-209.0
1969-08-07,-209.04
1969-08-14,-209.09
1969-08-21,-209.14
1969-08-28,-209.17
1969-09-07,-209.19
1969-09-15,-209.24
1969-09-21,-209.25
1969-09-28,-209.3
1969-10-07,-209.34
1969-10-14,-209.39
1969-10-21,-209.39
1969-10-29,-209.39
1969-11-07,-209.39
1969-11-14,-209.4
1969-11-21,-209.4
1969-11-30,-209.42
1969-12-03,-209.41
1969-12-21,-209.41
1969-12-31,-209.38
1970-01-04,-209.37
1970-01-11,-209.36
1970-01-19,-209.32
1970-01-25,-209.08
1970-02-01,-209.18
1970-02-08,-209.25
1970-02-15,-209.23
1970-02-22,-209.2
1970-03-01,-209.12
1970-03-12,-208.85
1970-03-24,-208.89
1970-03-30,-208.88
1970-04-05,-208.86
1970-04-12,-208.8
1970-04-28,-208.79
1970-05-03,-208.78
1970-05-10,-208.81
1970-05-19,-208.82
1970-05-26,-208.86
1970-05-31,-208.89
1970-06-08,-208.92
1970-06-13,-208.97
1970-06-21,-209.02
1970-06-28,-209.07
1970-07-05,-209.13
1970-07-12,-209.18
1970-07-20,-209.25
1970-07-26,-209.25
1970-08-02,-209.4
1970-08-09,-209.48
1970-08-16,-209.53
1970-08-26,-209.63
1970-09-02,-209.69
1970-09-06,-209.74
1970-09-13,-209.81
1970-09-20,-209.86
1970-09-27,-209.92
1970-10-04,-209.99
1970-10-12,-210.05
1970-10-18,-210.1
1970-10-25,-210.14
1970-11-03,-210.21
1970-11-08,-210.24
1970-11-15,-210.27
1970-11-22,-210.28
1970-11-29,-210.32
1970-12-07,-210.32
1970-12-13,-210.29
1970-12-20,-210.33
1970-12-28,-210.35
1971-01-04,-210.39
1971-01-10,-210.41
1971-01-13,-210.39
1971-01-17,-210.32
1971-01-24,-210.31
1971-01-31,-210.31
1971-02-07,-210.17
1971-02-14,-210.05
1971-02-21,-210.01
1971-02-28,-209.69
1971-03-07,-209.54
1971-03-14,-209.44
1971-03-21,-209.38
1971-03-28,-209.32
1971-04-04,-209.28
1971-04-18,-208.79
1971-04-25,-208.79
1971-05-02,-208.81
1971-05-09,-208.79
1971-05-31,-208.8
1971-06-07,-208.82
1971-06-13,-208.82
1971-06-27,-208.89
1971-07-08,-208.93
1971-07-11,-208.97
1971-07-18,-209.01
1971-07-26,-209.1
1971-08-01,-209.16
1971-08-17,-209.29
1971-08-31,-209.41
1971-09-06,-209.46
1971-09-18,-209.56
1971-09-26,-209.62
1971-10-06,-209.68
1971-10-12,-209.76
1971-10-17,-209.78
1971-10-24,-209.82
1971-10-31,-209.92
1971-11-07,-209.89
1971-11-14,-209.94
1971-11-23,-209.96
1971-11-29,-209.97
1971-12-06,-210.0
1971-12-12,-209.96
1971-12-19,-209.93
1971-12-26,-209.89
1972-01-02,-209.84
1972-01-17,-209.79
1972-01-23,-209.65
1972-01-30,-209.58
1972-02-07,-209.4
1972-02-13,-209.33
1972-02-20,-209.28
1972-02-29,-209.24
1972-03-05,-209.19
1972-03-12,-209.16
1972-03-19,-209.08
1972-03-26,-209.03
1972-04-03,-209.0
1972-04-21,-208.9
1972-04-30,-208.92
1972-05-09,-208.94
1972-05-16,-208.95
1972-05-21,-208.96
1972-05-28,-208.99
1972-06-05,-209.07
1972-06-11,-209.11
1972-06-19,-209.16
1972-06-25,-209.21
1972-07-09,-209.32
1972-07-16,-209.41
1972-07-23,-209.49
1972-07-30,-209.59
1972-08-06,-209.66
1972-08-13,-209.78
1972-08-15,-209.81
1972-08-20,-209.85
1972-08-21,-209.9
1972-09-03,-210.0
1972-09-11,-210.01
1972-09-17,-210.11
1972-09-24,-210.16
1972-10-01,-210.24
1972-10-08,-210.32
1972-10-15,-210.3
1972-10-22,-210.36
1972-10-29,-210.47
1972-11-05,-210.53
1972-11-13,-210.57
1972-11-19,-210.61
1972-11-26,-210.64
1972-12-03,-210.68
1972-12-10,-210.71
1972-12-17,-210.73
1972-12-24,-210.75
1972-12-31,-210.77
1973-01-07,-210.79
1973-01-14,-210.81
1973-01-21,-210.72
1973-01-28,-210.68
1973-02-04,-210.63
1973-02-11,-210.63
1973-02-18,-210.62
1973-02-25,-210.59
1973-03-04,-210.55
1973-03-11,-210.35
1973-03-18,-210.29
1973-03-25,-210.22
1973-04-01,-210.2
1973-04-10,-210.13
1973-04-17,-210.13
1973-04-22,-210.13
1973-04-29,-210.14
1973-05-03,-210.14
1973-05-06,-210.14
1973-05-20,-210.14
1973-05-27,-210.15
1973-06-03,-210.18
1973-06-10,-210.2
1973-06-17,-210.26
1973-06-24,-210.33
1973-07-01,-210.33
1973-07-09,-210.46
1973-07-15,-210.55
1973-07-19,-210.46
1973-07-22,-210.62
1973-07-29,-210.7
1973-08-05,-210.76
1973-08-15,-210.9
1973-08-20,-210.95
1973-08-26,-211.01
1973-09-02,-211.06
1973-09-09,-211.12
1973-09-17,-211.19
1973-09-30,-211.28
1973-10-13,-211.38
1973-10-21,-211.44
1973-10-28,-211.49
1973-11-19,-211.56
1973-11-25,-211.55
1973-11-30,-211.58
1973-12-07,-211.6
1973-12-09,-211.58
1973-12-24,-211.6
1974-01-01,-211.63
1974-01-07,-211.66
1974-01-13,-211.62
1974-01-17,-211.49
1974-01-18,-211.4
1974-01-20,-211.36
1974-01-21,-211.22
1974-01-27,-210.97
1974-02-01,-210.83
1974-02-03,-210.81
1974-02-10,-210.75
1974-02-12,-210.7
1974-02-17,-210.62
1974-03-03,-210.33
1974-03-10,-210.2
1974-03-17,-210.06
1974-03-18,-210.01
1974-03-24,-209.95
1974-03-31,-209.87
1974-04-08,-209.75
1974-04-10,-209.7
1974-04-11,-209.66
1974-04-14,-209.6
1974-04-21,-209.51
1974-04-28,-209.47
1974-05-05,-209.45
1974-05-28,-209.49
1974-06-09,-209.53
1974-06-16,-209.59
1974-06-23,-209.64
1974-06-30,-209.68
1974-07-07,-209.74
1974-07-14,-209.81
1974-07-21,-209.88
1974-07-28,-209.94
1974-08-08,-210.02
1974-08-11,-210.08
1974-08-19,-210.16
1974-08-25,-210.26
1974-09-01,-210.3
1974-09-08,-210.35
1974-09-16,-210.4
1974-09-22,-210.47
1974-09-29,-210.56
1974-10-06,-210.72
1974-10-13,-210.78
1974-10-20,-210.82
1974-10-29,-210.87
1974-11-03,-210.92
1974-11-10,-210.98
1974-11-17,-211.01
1974-11-24,-211.05
1974-12-01,-211.06
1974-12-08,-211.07
1974-12-16,-211.08
1974-12-22,-211.0
1974-12-29,-210.96
1975-01-05,-210.98
1975-01-12,-210.95
1975-01-20,-210.95
1975-01-26,-210.96
1975-02-02,-210.93
1975-02-09,-210.8
1975-02-11,-210.84
1975-02-16,-210.69
1975-02-23,-210.54
1975-03-02,-210.37
1975-03-11,-210.21
1975-03-23,-210.11
1975-03-30,-210.09
1975-04-06,-210.07
1975-04-13,-210.08
1975-04-20,-210.06
1975-04-27,-210.06
1975-05-04,-210.08
1975-05-12,-210.1
1975-05-18,-210.12
1975-05-25,-210.14
1975-06-01,-210.18
1975-06-08,-210.23
1975-06-15,-210.3
1975-06-22,-210.37
1975-06-30,-210.45
1975-07-06,-210.53
1975-07-13,-210.61
1975-07-20,-210.69
1975-07-27,-210.78
1975-08-03,-210.87
1975-08-10,-210.95
1975-08-17,-211.05
1975-08-24,-211.12
1975-08-31,-211.19
1975-09-08,-211.24
1975-09-14,-211.31
1975-09-21,-211.38
1975-09-28,-211.44
1975-10-05,-211.51
1975-10-12,-211.55
1975-10-19,-211.6
1975-10-26,-211.64
1975-11-02,-211.7
1975-11-09,-211.73
1975-11-16,-211.69
1975-11-23,-211.67
1975-11-30,-211.65
1975-12-07,-211.68
1975-12-14,-211.66
1975-12-21,-211.61
1975-12-28,-211.56
1975-12-29,-211.53
1976-01-04,-211.48
1976-01-11,-211.44
1976-01-18,-211.37
1976-01-25,-211.3
1976-02-01,-211.24
1976-02-08,-211.15
1976-02-15,-211.01
1976-02-22,-210.95
1976-02-29,-210.8
1976-03-07,-210.69
1976-03-14,-210.56
1976-03-21,-210.38
1976-03-28,-210.22
1976-04-04,-210.14
1976-04-11,-210.0
1976-04-16,-209.9
1976-04-18,-209.91
1976-04-25,-209.86
1976-05-02,-209.82
1976-05-07,-209.8
1976-05-14,-209.8
1976-05-21,-209.8
1976-05-28,-209.82
1976-06-03,-209.84
1976-06-11,-209.88
1976-06-18,-209.95
1976-06-25,-209.99
1976-07-02,-210.06
1976-07-09,-210.13
1976-07-16,-210.21
1976-07-23,-210.3
1976-07-30,-210.38
1976-08-06,-210.48
1976-08-13,-210.58
1976-08-20,-210.65
1976-08-27,-210.74
1976-09-03,-210.81
1976-09-10,-210.85
1976-09-17,-210.9
1976-09-24,-210.95
1976-10-01,-210.99
1976-10-08,-211.03
1976-10-15,-211.09
1976-10-22,-211.12
1976-10-29,-211.15
1976-11-05,-211.2
1976-11-12,-211.23
1976-11-19,-211.27
1976-11-26,-211.22
1976-11-28,-211.17
1976-11-30,-211.09
1976-12-03,-211.06
1976-12-10,-211.02
1976-12-17,-210.99
1976-12-24,-210.98
1976-12-31,-210.88
1977-01-07,-210.81
1977-01-14,-210.8
1977-01-17,-210.78
1977-01-20,-210.72
1977-01-21,-210.65
1977-01-25,-210.56
1977-01-28,-210.54
1977-02-01,-210.51
1977-02-04,-210.46
1977-02-07,-210.4
1977-02-09,-210.32
1977-02-11,-210.26
1977-02-13,-210.23
1977-02-15,-210.2
1977-02-18,-210.15
1977-02-23,-210.12
1977-02-25,-210.1
1977-03-04,-210.05
1977-03-11,-209.93
1977-03-18,-209.82
1977-03-25,-209.72
1977-04-05,-209.67
1977-04-08,-209.67
1977-04-15,-209.62
1977-04-22,-209.54
1977-04-29,-209.44
1977-05-06,-209.38
1977-05-13,-209.36
1977-05-20,-209.36
1977-05-24,-209.37
1977-05-27,-209.37
1977-06-03,-209.4
1977-06-10,-209.45
1977-06-17,-209.49
1977-06-24,-209.53
1977-07-01,-209.58
1977-07-08,-209.64
1977-07-15,-209.7
1977-07-22,-209.79
1977-07-29,-209.86
1977-08-05,-209.94
1977-08-12,-210.02
1977-08-19,-210.09
1977-08-26,-210.14
1977-09-02,-210.21
1977-09-09,-210.27
1977-09-16,-210.33
1977-09-23,-210.38
1977-09-30,-210.42
1977-10-07,-210.48
1977-10-14,-210.5
1977-10-18,-210.5
1977-10-21,-210.5
1977-10-28,-210.54
1977-11-04,-210.59
1977-11-11,-210.6
1977-11-18,-210.64
1977-11-25,-210.65
1977-12-02,-210.66
1977-12-05,-210.63
1977-12-06,-210.6
1977-12-07,-210.57
1977-12-09,-210.53
1977-12-13,-210.53
1977-12-14,-210.51
1977-12-15,-210.49
1977-12-16,-210.44
1977-12-18,-210.36
1977-12-21,-210.32
1977-12-22,-210.3
1977-12-23,-210.25
1977-12-25,-210.23
1977-12-27,-210.21
1977-12-30,-210.17
1978-01-03,-210.14
1978-01-04,-210.12
1978-01-05,-210.09
1978-01-06,-210.07
1978-01-10,-210.02
1978-01-11,-209.99
1978-01-13,-209.95
1978-01-15,-209.93
1978-01-20,-209.89
1978-01-24,-209.84
1978-01-26,-209.79
1978-01-27,-209.72
1978-01-29,-209.64
1978-01-30,-209.62
1978-02-02,-209.58
1978-02-07,-209.53
1978-02-10,-209.49
1978-02-15,-209.44
1978-02-17,-209.4
1978-02-21,-209.36
1978-02-22,-209.34
1978-02-24,-209.31
1978-02-28,-209.27
1978-03-03,-209.25
1978-03-07,-209.23
1978-03-10,-209.2
1978-03-13,-209.16
1978-03-14,-209.04
1978-03-15,-208.99
1978-03-16,-208.99
1978-03-17,-209.0
1978-03-19,-209.04
1978-03-21,-209.07
1978-03-23,-209.05
1978-03-24,-209.03
1978-03-31,-208.99
1978-04-07,-208.95
1978-04-14,-208.94
1978-04-21,-208.91
1978-04-27,-208.9
1978-05-05,-208.89
1978-05-12,-208.88
1978-05-19,-208.88
1978-05-25,-208.89
1978-06-02,-208.92
1978-06-09,-208.97
1978-06-16,-209.01
1978-06-23,-209.08
1978-06-30,-209.15
1978-07-07,-209.22
1978-07-14,-209.29
1978-07-21,-209.38
1978-07-28,-209.5
1978-08-04,-209.6
1978-08-11,-209.68
1978-08-18,-209.77
1978-08-25,-209.84
1978-09-01,-209.89
1978-09-08,-209.95
1978-09-15,-210.01
1978-09-22,-210.06
1978-09-29,-210.12
1978-10-06,-210.14
1978-10-13,-210.14
1978-10-20,-210.12
1978-10-27,-210.09
1978-11-03,-210.07
1978-11-10,-210.05
1978-11-17,-210.05
1978-11-24,-210.07
1978-12-01,-210.06
1978-12-08,-210.04
1978-12-15,-210.01
1978-12-22,-210.01
1978-12-29,-210.01
1979-01-05,-210.02
1979-01-12,-210.0
1979-01-19,-210.0
1979-01-26,-209.97
1979-02-02,-209.97
1979-02-09,-209.94
1979-02-16,-209.92
1979-02-23,-209.92
1979-03-02,-209.93
1979-03-16,-209.87
1979-03-23,-209.88
1979-03-30,-209.88
1979-04-06,-209.83
1979-04-13,-209.86
1979-04-20,-209.89
1979-04-27,-209.93
1979-05-04,-210.0
1979-05-11,-210.04
1979-05-18,-210.1
1979-05-25,-210.15
1979-05-31,-210.19
1979-06-15,-210.32
1979-06-22,-210.41
1979-06-29,-210.51
1979-07-06,-210.61
1979-07-13,-210.72
1979-07-20,-210.82
1979-08-03,-211.02
1979-08-10,-211.12
1979-08-17,-211.2
1979-08-24,-211.27
1979-08-31,-211.33
1979-09-07,-211.38
1979-09-14,-211.42
1979-09-21,-211.47
1979-09-28,-211.52
1979-10-05,-211.57
1979-10-19,-211.65
1979-10-26,-211.66
1979-11-02,-211.66
1979-11-09,-211.65
1979-11-16,-211.65
1979-11-23,-211.7
1979-11-30,-211.68
1979-12-07,-211.63
1979-12-14,-211.62
1979-12-15,-211.56
1979-12-16,-211.55
1979-12-25,-211.4
1979-12-28,-211.31
1980-01-04,-211.22
1980-01-06,-211.15
1980-01-11,-211.02
1980-01-18,-210.88
1980-01-24,-210.82
1980-01-25,-210.8
1980-01-28,-210.71
1980-02-01,-210.66
1980-02-08,-210.57
1980-02-15,-210.47
1980-02-17,-210.38
1980-02-18,-210.26
1980-02-19,-210.22
1980-02-20,-210.18
1980-02-22,-210.11
1980-03-02,-209.73
1980-03-04,-209.54
1980-03-07,-209.42
1980-03-14,-209.25
1980-03-19,-209.14
1980-03-21,-209.09
1980-03-28,-209.01
1980-04-04,-208.91
1980-04-11,-208.87
1980-04-18,-208.85
1980-04-25,-208.83
1980-05-02,-208.84
1980-05-09,-208.84
1980-05-16,-208.85
1980-05-23,-208.86
1980-05-30,-208.88
1980-06-06,-208.91
1980-06-13,-208.95
1980-06-20,-209.0
1980-06-27,-209.06
1980-07-04,-209.12
1980-07-11,-209.2
1980-07-18,-209.27
1980-07-25,-209.37
1980-08-01,-209.45
1980-08-08,-209.52
1980-08-15,-209.6
1980-08-28,-209.68
1980-08-29,-209.74
1980-09-05,-209.8
1980-09-14,-209.88
1980-09-19,-209.92
1980-09-26,-209.97
1980-10-03,-210.03
1980-10-10,-210.07
1980-10-19,-210.11
1980-10-24,-210.14
1980-10-31,-210.17
1980-11-07,-210.2
1980-11-14,-210.2
1980-11-21,-210.19
1980-11-28,-210.25
1980-12-05,-210.28
1980-12-12,-210.27
1980-12-14,-210.24
1980-12-19,-210.23
1980-12-26,-210.26
1981-01-02,-210.21
1981-01-04,-210.13
1981-01-09,-210.02
1981-01-12,-209.87
1981-01-13,-209.78
1981-01-14,-209.75
1981-01-16,-209.72
1981-01-23,-209.6
1981-01-27,-209.5
1981-01-29,-209.46
1981-01-30,-209.41
1981-02-01,-209.34
1981-02-06,-209.24
1981-02-13,-209.31
1981-02-20,-209.32
1981-02-24,-209.27
1981-02-25,-209.19
1981-02-26,-209.16
1981-02-27,-209.15
1981-03-02,-209.16
1981-03-06,-209.18
1981-03-13,-209.08
1981-03-20,-208.99
1981-03-27,-208.89
1981-04-03,-208.94
1981-04-10,-208.91
1981-04-17,-208.85
1981-04-24,-208.82
1981-05-01,-208.86
1981-05-08,-208.86
1981-05-15,-208.86
1981-05-22,-208.86
1981-05-29,-208.87
1981-06-05,-208.9
1981-06-12,-208.94
1981-06-19,-208.99
1981-06-26,-209.04
1981-07-03,-209.1
1981-07-10,-209.18
1981-07-17,-209.25
1981-07-24,-209.32
1981-07-31,-209.39
1981-08-07,-209.47
1981-08-14,-209.56
1981-08-21,-209.64
1981-08-28,-209.69
1981-09-04,-209.74
1981-09-11,-209.79
1981-09-18,-209.85
1981-09-25,-209.91
1981-10-02,-209.95
1981-10-09,-210.03
1981-10-16,-210.05
1981-10-23,-210.08
1981-10-30,-210.08
1981-11-06,-210.14
1981-11-13,-210.2
1981-11-20,-210.21
1981-11-27,-210.23
1981-12-04,-210.23
1981-12-11,-210.24
1981-12-18,-210.24
1981-12-25,-210.24
1982-01-01,-210.24
1982-01-08,-210.24
1982-01-15,-210.23
1982-01-22,-210.26
1982-01-29,-210.29
1982-02-05,-210.05
1982-02-12,-209.95
1982-02-19,-209.89
1982-02-26,-209.87
1982-03-05,-209.77
1982-03-12,-209.71
1982-03-19,-209.64
1982-03-26,-209.61
1982-04-02,-209.59
1982-04-09,-209.57
1982-04-18,-209.57
1982-04-23,-209.59
1982-04-30,-209.62
1982-05-07,-209.63
1982-05-14,-209.65
1982-05-21,-209.69
1982-06-04,-209.77
1982-06-11,-209.84
1982-06-18,-209.92
1982-06-25,-209.98
1982-07-01,-210.05
1982-07-02,-210.06
1982-07-09,-210.17
1982-07-16,-210.28
1982-07-23,-210.38
1982-07-30,-210.48
1982-08-01,-210.5
1982-08-13,-210.68
1982-08-20,-210.78
1982-08-27,-210.88
1982-09-01,-210.95
1982-09-03,-210.97
1982-09-10,-211.04
1982-09-17,-211.12
1982-09-24,-211.19
1982-10-01,-211.26
1982-10-08,-211.31
1982-10-15,-211.37
1982-10-22,-211.43
1982-10-29,-211.47
1982-11-01,-211.49
1982-11-05,-211.54
1982-11-12,-211.51
1982-11-19,-211.55
1982-11-26,-211.56
1982-12-01,-211.58
1982-12-03,-211.59
1982-12-10,-211.55
1982-12-24,-211.58
1982-12-31,-211.57
1983-01-02,-211.49
1983-01-07,-211.43
1983-01-14,-211.44
1983-01-21,-211.25
1983-01-28,-211.15
1983-02-04,-211.1
1983-02-11,-211.04
1983-02-18,-210.97
1983-02-27,-210.54
1983-03-01,-210.49
1983-03-05,-210.28
1983-03-06,-210.13
1983-03-07,-210.05
1983-03-08,-210.0
1983-03-10,-209.94
1983-03-11,-209.91
1983-03-13,-209.87
1983-03-18,-209.76
1983-03-25,-209.56
1983-04-01,-209.45
1983-04-08,-209.36
1983-04-15,-209.3
1983-04-22,-209.24
1983-04-29,-209.21
1983-05-01,-209.2
1983-05-06,-209.19
1983-05-13,-209.18
1983-05-19,-209.17
1983-05-27,-209.18
1983-06-01,-209.2
1983-06-03,-209.21
1983-06-10,-209.25
1983-06-17,-209.3
1983-06-24,-209.35
1983-07-01,-209.41
1983-07-08,-209.49
1983-07-15,-209.56
1983-07-22,-209.64
1983-07-29,-209.74
1983-08-05,-209.82
1983-08-12,-209.92
1983-08-19,-210.01
1983-08-26,-210.09
1983-09-01,-210.15
1983-09-02,-210.16
1983-09-11,-210.25
1983-09-16,-210.29
1983-09-23,-210.34
1983-09-30,-210.39
1983-10-01,-210.4
1983-10-02,-210.41
1983-10-07,-210.46
1983-10-14,-210.51
1983-10-21,-210.55
1983-10-28,-210.57
1983-11-01,-210.6
1983-11-04,-210.61
1983-11-13,-210.55
1983-11-18,-210.51
1983-11-25,-210.5
1983-12-02,-210.5
1983-12-09,-210.52
1983-12-16,-210.51
1983-12-23,-210.54
1983-12-30,-210.55
1984-01-06,-210.54
1984-01-13,-210.54
1984-01-20,-210.5
1984-01-27,-210.44
1984-02-01,-210.35
1984-02-03,-210.34
1984-02-10,-210.25
1984-02-17,-210.19
1984-02-24,-210.16
1984-03-02,-210.11
1984-03-05,-210.09
1984-03-16,-210.0
1984-03-20,-210.0
1984-03-21,-209.88
1984-03-23,-209.85
1984-03-30,-209.71
1984-04-01,-209.68
1984-04-06,-209.63
1984-04-13,-209.56
1984-04-20,-209.41
1984-04-27,-209.34
1984-05-01,-209.32
1984-05-04,-209.32
1984-05-11,-209.3
1984-05-18,-209.29
1984-05-25,-209.33
1984-06-01,-209.37
1984-06-08,-209.41
1984-06-15,-209.46
1984-06-22,-209.53
1984-06-29,-209.59
1984-07-06,-209.64
1984-07-13,-209.73
1984-07-20,-209.8
1984-07-27,-209.89
1984-08-01,-209.95
1984-08-03,-209.98
1984-08-10,-210.08
1984-08-19,-210.21
1984-08-24,-210.27
1984-08-31,-210.36
1984-09-14,-210.48
1984-09-23,-210.55
1984-10-01,-210.6
1984-10-12,-210.66
1984-10-19,-210.69
1984-10-26,-210.74
1984-11-02,-210.76
1984-11-09,-210.76
1984-11-16,-210.8
1984-11-23,-210.78
1984-11-30,-210.81
1984-12-07,-210.84
1984-12-14,-210.81
1984-12-21,-210.82
1984-12-28,-210.81
1985-01-04,-210.77
1985-01-11,-210.76
1985-01-18,-210.76
1985-01-25,-210.74
1985-02-01,-210.72
1985-02-03,-210.56
1985-02-04,-210.5
1985-02-05,-210.37
1985-02-06,-210.29
1985-02-08,-210.24
1985-02-10,-210.19
1985-02-13,-210.17
1985-02-17,-210.06
1985-02-19,-209.96
1985-02-22,-209.91
1985-02-27,-209.85
1985-03-01,-209.82
1985-03-06,-209.78
1985-03-08,-209.77
1985-03-12,-209.76
1985-03-15,-209.76
1985-03-22,-209.72
1985-03-29,-209.68
1985-04-05,-209.66
1985-04-15,-209.64
1985-04-22,-209.67
1985-04-23,-209.63
1985-04-26,-209.63
1985-05-03,-209.64
1985-05-10,-209.65
1985-05-17,-209.69
1985-05-24,-209.73
1985-05-31,-209.81
1985-06-07,-209.86
1985-06-14,-209.94
1985-06-21,-210.04
1985-06-28,-210.12
1985-07-05,-210.21
1985-07-12,-210.31
1985-07-19,-210.4
1985-07-26,-210.48
1985-08-02,-210.57
1985-08-09,-210.66
1985-08-16,-210.73
1985-08-23,-210.8
1985-08-30,-210.88
1985-09-06,-210.96
1985-09-13,-211.05
1985-09-20,-211.13
1985-09-27,-211.19
1985-10-04,-211.26
1985-10-11,-211.33
1985-10-18,-211.36
1985-10-25,-211.39
1985-11-01,-211.47
1985-11-08,-211.51
1985-11-15,-211.55
1985-11-22,-211.59
1985-11-29,-211.63
1985-12-06,-211.67
1985-12-13,-211.73
1985-12-20,-211.76
1985-12-27,-211.76
1985-12-29,-211.73
1986-01-03,-211.71
1986-01-10,-211.7
1986-01-15,-211.64
1986-01-17,-211.59
1986-01-19,-211.57
1986-01-22,-211.55
1986-01-23,-211.56
1986-01-26,-211.56
1986-01-27,-211.56
1986-01-31,-211.55
1986-02-07,-211.52
1986-02-09,-211.5
1986-02-10,-211.45
1986-02-11,-211.42
1986-02-16,-211.29
1986-02-18,-211.24
1986-02-21,-211.2
1986-02-28,-211.14
1986-03-07,-211.13
1986-03-14,-211.11
1986-03-21,-211.08
1986-03-28,-211.08
1986-04-01,-211.06
1986-04-04,-211.05
1986-04-11,-211.03
1986-04-17,-211.02
1986-04-25,-211.05
1986-05-02,-211.06
1986-05-09,-211.03
1986-05-16,-211.04
1986-05-23,-211.06
1986-05-30,-211.09
1986-06-06,-211.13
1986-06-12,-211.17
1986-06-20,-211.23
1986-06-27,-211.31
1986-07-04,-211.37
1986-07-11,-211.47
1986-07-25,-211.6
1986-08-01,-211.67
1986-08-08,-211.76
1986-08-13,-211.82
1986-08-15,-211.84
1986-08-20,-211.89
1986-08-21,-211.91
1986-08-22,-211.92
1986-08-29,-212.0
1986-09-05,-212.09
1986-09-12,-212.17
1986-09-19,-212.22
1986-09-24,-212.27
1986-09-26,-212.28
1986-10-03,-212.28
1986-10-10,-212.29
1986-10-17,-212.31
1986-10-29,-212.32
1986-10-31,-212.34
1986-11-03,-212.31
1986-11-04,-212.29
1986-11-07,-212.27
1986-11-09,-212.21
1986-11-11,-212.12
1986-11-14,-212.11
1986-11-21,-212.09
1986-11-28,-212.06
1986-12-01,-212.03
1986-12-05,-212.02
1986-12-12,-211.98
1986-12-19,-211.93
1986-12-21,-211.91
1986-12-26,-211.77
1986-12-28,-211.73
1987-01-02,-211.57
1987-01-06,-211.46
1987-01-09,-211.32
1987-01-16,-211.21
1987-01-22,-211.15
1987-01-25,-211.11
1987-01-26,-211.06
1987-01-30,-210.91
1987-02-01,-210.87
1987-02-04,-210.82
1987-02-06,-210.76
1987-02-08,-210.73
1987-02-10,-210.68
1987-02-13,-210.63
1987-02-20,-210.55
1987-02-26,-210.5
1987-03-02,-210.44
1987-03-08,-210.37
1987-03-13,-210.28
1987-03-15,-210.2
1987-03-16,-210.15
1987-03-17,-210.12
1987-03-19,-210.03
1987-03-20,-210.01
1987-03-22,-209.96
1987-03-24,-209.93
1987-03-26,-209.88
1987-03-27,-209.85
1987-03-29,-209.81
1987-04-03,-209.73
1987-04-10,-209.65
1987-04-15,-209.63
1987-04-17,-209.6
1987-04-24,-209.55
1987-05-01,-209.54
1987-05-08,-209.52
1987-05-15,-209.52
1987-05-22,-209.53
1987-05-29,-209.54
1987-06-05,-209.57
1987-06-12,-209.61
1987-06-26,-209.68
1987-07-03,-209.73
1987-07-10,-209.78
1987-07-17,-209.85
1987-07-24,-209.9
1987-07-31,-209.94
1987-08-07,-210.03
1987-08-14,-210.1
1987-08-21,-210.18
1987-08-28,-210.27
1987-09-04,-210.34
1987-09-11,-210.4
1987-09-18,-210.45
1987-09-27,-210.52
1987-10-02,-210.54
1987-10-09,-210.61
1987-10-16,-210.66
1987-10-23,-210.7
1987-10-30,-210.71
1987-11-06,-210.74
1987-11-13,-210.77
1987-11-20,-210.8
1987-11-27,-210.82
1987-12-04,-210.85
1987-12-09,-210.83
1987-12-11,-210.82
1987-12-18,-210.81
1987-12-20,-210.79
1987-12-22,-210.78
1987-12-24,-210.71
1987-12-25,-210.66
1988-01-01,-210.52
1988-01-06,-210.46
1988-01-08,-210.4
1988-01-15,-210.31
1988-01-18,-210.25
1988-01-22,-210.18
1988-01-29,-210.04
1988-02-03,-209.74
1988-02-05,-209.66
1988-02-12,-209.56
1988-02-19,-209.43
1988-02-26,-209.22
1988-03-01,-209.15
1988-03-04,-209.13
1988-03-18,-209.06
1988-03-25,-209.03
1988-03-30,-208.95
1988-04-01,-208.93
1988-04-05,-208.89
1988-04-10,-208.86
1988-04-15,-208.84
1988-04-22,-208.82
1988-04-29,-208.8
1988-05-06,-208.8
1988-05-13,-208.8
1988-05-20,-208.8
1988-05-27,-208.81
1988-06-03,-208.85
1988-06-10,-208.87
1988-06-17,-208.94
1988-06-24,-209.02
1988-06-30,-209.05
1988-08-19,-209.57
1988-08-26,-209.64
1988-09-01,-209.7
1988-09-08,-209.76
1988-09-15,-209.82
1988-09-23,-209.88
1988-09-30,-209.94
1988-10-07,-210.0
1988-10-14,-210.05
1988-10-21,-210.1
1988-10-28,-210.16
1988-11-04,-210.19
1988-11-11,-210.22
1988-11-18,-210.29
1988-11-20,-210.26
1988-11-25,-210.28
1988-12-02,-210.31
1988-12-09,-210.32
1988-12-16,-210.34
1988-12-23,-210.3
1988-12-26,-210.27
1988-12-30,-210.24
1989-01-06,-210.23
1989-01-13,-210.19
1989-01-20,-210.16
1989-01-27,-210.15
1989-02-03,-210.15
1989-02-10,-210.16
1989-02-17,-210.13
1989-02-24,-210.11
1989-03-03,-210.11
1989-03-10,-210.11
1989-03-14,-210.13
1989-03-15,-210.11
1989-03-16,-210.08
1989-03-17,-210.06
1989-03-24,-210.04
1989-03-31,-210.02
1989-04-07,-210.04
1989-04-14,-210.06
1989-04-18,-210.09
1989-04-28,-210.16
1989-05-07,-210.2
1989-05-12,-210.27
1989-05-19,-210.32
1989-05-26,-210.4
1989-06-02,-210.48
1989-06-07,-210.53
1989-06-11,-210.59
1989-06-18,-210.68
1989-06-23,-210.74
1989-07-02,-210.85
1989-07-09,-210.95
1989-07-16,-211.03
1989-07-23,-211.11
1989-07-30,-211.2
1989-08-06,-211.3
1989-08-13,-211.41
1989-08-20,-211.5
1989-08-27,-211.59
1989-08-31,-211.63
1989-09-03,-211.67
1989-09-10,-211.75
1989-09-17,-211.83
1989-09-24,-211.9
1989-09-28,-211.94
1989-10-03,-211.99
1989-10-08,-212.05
1989-10-15,-212.11
1989-10-22,-212.18
1989-10-29,-212.25
1989-11-05,-212.29
1989-11-08,-212.33
1989-11-13,-212.37
1989-11-19,-212.32
1989-11-26,-212.3
1989-12-03,-212.29
1989-12-10,-212.25
1989-12-17,-212.19
1989-12-24,-212.16
1989-12-31,-212.13
1990-01-05,-212.04
1990-01-07,-212.03
1990-01-14,-212.03
1990-01-21,-211.98
1990-01-28,-211.95
1990-02-04,-211.92
1990-02-11,-211.85
1990-02-18,-211.76
1990-02-25,-211.69
1990-03-01,-211.66
1990-03-04,-211.58
1990-03-12,-211.5
1990-03-18,-211.46
1990-03-25,-211.42
1990-04-01,-211.37
1990-04-02,-211.34
1990-04-08,-211.31
1990-04-17,-211.26
1990-04-22,-211.24
1990-04-29,-211.24
1990-05-06,-211.25
1990-05-13,-211.26
1990-05-20,-211.29
1990-05-27,-211.31
1990-06-03,-211.35
1990-06-10,-211.4
1990-06-17,-211.45
1990-06-24,-211.51
1990-07-01,-211.56
1990-07-08,-211.63
1990-07-15,-211.72
1990-07-22,-211.8
1990-07-29,-211.88
1990-08-01,-211.92
1990-08-05,-211.96
1990-08-12,-212.06
1990-08-15,-212.1
1990-08-19,-212.15
1990-08-26,-212.22
1990-08-30,-212.27
1990-09-02,-212.3
1990-09-09,-212.38
1990-09-16,-212.45
1990-09-23,-212.52
1990-09-30,-212.56
1990-10-14,-212.67
1990-10-21,-212.73
1990-10-28,-212.76
1990-11-04,-212.76
1990-11-11,-212.77
1990-11-18,-212.81
1990-11-25,-212.83
1990-11-30,-212.85
1990-12-03,-212.84
1990-12-09,-212.83
1990-12-16,-212.84
1990-12-23,-212.84
1990-12-27,-212.83
1990-12-30,-212.85
1990-12-31,-212.85
1991-01-01,-212.85
1991-01-02,-212.86
1991-01-03,-212.85
1991-01-06,-212.83
1991-01-07,-212.83
1991-01-08,-212.82
1991-01-09,-212.82
1991-01-10,-212.82
1991-01-13,-212.82
1991-01-14,-212.82
1991-01-15,-212.82
1991-01-16,-212.82
1991-01-21,-212.81
1991-01-22,-212.81
1991-01-23,-212.78
1991-01-24,-212.77
1991-01-27,-212.76
1991-01-28,-212.76
1991-01-30,-212.75
1991-01-31,-212.7
1991-02-01,-212.68
1991-02-03,-212.66
1991-02-04,-212.66
1991-02-05,-212.64
1991-02-07,-212.63
1991-02-10,-212.61
1991-02-11,-212.59
1991-02-12,-212.59
1991-02-13,-212.59
1991-02-14,-212.58
1991-02-17,-212.55
1991-02-18,-212.55
1991-02-19,-212.54
1991-02-20,-212.53
1991-02-21,-212.52
1991-02-24,-212.5
1991-02-25,-212.49
1991-02-26,-212.49
1991-02-28,-212.47
1991-03-03,-212.45
1991-03-04,-212.44
1991-03-05,-212.43
1991-03-06,-212.41
1991-03-07,-212.41
1991-03-10,-212.39
1991-03-11,-212.39
1991-03-13,-212.38
1991-03-14,-212.36
1991-03-17,-212.35
1991-03-18,-212.34
1991-03-19,-212.34
1991-03-20,-212.33
1991-03-24,-212.22
1991-03-25,-212.19
1991-03-26,-212.18
1991-03-27,-212.17
1991-03-28,-212.16
1991-03-31,-212.13
1991-04-01,-212.12
1991-04-02,-212.12
1991-04-03,-212.11
1991-04-07,-212.08
1991-04-08,-212.08
1991-04-09,-212.08
1991-04-10,-212.06
1991-04-11,-212.03
1991-04-14,-212.0
1991-04-15,-212.0
1991-04-16,-211.99
1991-04-17,-211.98
1991-04-21,-211.97
1991-04-22,-211.97
1991-04-23,-211.95
1991-04-24,-211.95
1991-04-25,-211.94
1991-04-28,-211.93
1991-04-29,-211.92
1991-04-30,-211.92
1991-05-01,-211.92
1991-05-02,-211.91
1991-05-05,-211.91
1991-05-06,-211.91
1991-05-07,-211.9
1991-05-08,-211.9
1991-05-09,-211.89
1991-05-12,-211.9
1991-05-13,-211.9
1991-05-14,-211.9
1991-05-15,-211.9
1991-05-20,-211.91
1991-05-22,-211.92
1991-05-23,-211.93
1991-05-26,-211.94
1991-05-27,-211.94
1991-05-28,-211.95
1991-05-29,-211.95
1991-05-30,-211.96
1991-06-02,-211.97
1991-06-03,-211.98
1991-06-04,-211.98
1991-06-05,-211.98
1991-06-06,-211.99
1991-06-09,-211.99
1991-06-10,-211.99
1991-06-11,-211.99
1991-06-12,-212.0
1991-06-13,-212.01
1991-06-16,-212.02
1991-06-17,-212.02
1991-06-18,-212.02
1991-06-19,-212.02
1991-06-20,-212.02
1991-06-23,-212.03
1991-06-24,-212.04
1991-06-25,-212.04
1991-06-26,-212.05
1991-06-30,-212.08
1991-07-01,-212.08
1991-07-02,-212.09
1991-07-03,-212.09
1991-07-04,-212.1
1991-07-07,-212.12
1991-07-08,-212.12
1991-07-09,-212.13
1991-07-11,-212.14
1991-07-14,-212.16
1991-07-15,-212.17
1991-07-16,-212.17
1991-07-17,-212.18
1991-07-18,-212.19
1991-07-21,-212.22
1991-07-22,-212.22
1991-07-23,-212.23
1991-07-24,-212.23
1991-07-25,-212.23
1991-07-28,-212.25
1991-07-29,-212.26
1991-07-30,-212.27
1991-08-01,-212.28
1991-08-02,-212.3
1991-08-05,-212.31
1991-08-06,-212.32
1991-08-07,-212.33
1991-08-08,-212.34
1991-08-11,-212.36
1991-08-12,-212.37
1991-08-13,-212.37
1991-08-14,-212.38
1991-08-15,-212.35
1991-08-18,-212.41
1991-08-19,-212.42
1991-08-20,-212.43
1991-08-21,-212.43
1991-08-22,-212.44
1991-08-25,-212.46
1991-08-26,-212.47
1991-08-27,-212.47
1991-08-28,-212.48
1991-08-29,-212.49
1991-09-01,-212.52
1991-09-02,-212.53
1991-09-03,-212.53
1991-09-04,-212.54
1991-09-05,-212.54
1991-09-08,-212.57
1991-09-11,-212.6
1991-09-12,-212.6
1991-09-15,-212.61
1991-09-16,-212.62
1991-09-17,-212.62
1991-09-19,-212.63
1991-09-22,-212.65
1991-09-24,-212.66
1991-09-25,-212.67
1991-09-26,-212.67
1991-09-29,-212.68
1991-10-01,-212.69
1991-10-02,-212.69
1991-10-03,-212.7
1991-10-07,-212.73
1991-10-08,-212.73
1991-10-09,-212.74
1991-10-10,-212.74
1991-10-13,-212.76
1991-10-15,-212.77
1991-10-16,-212.77
1991-10-17,-212.77
1991-10-20,-212.77
1991-10-21,-212.78
1991-10-22,-212.78
1991-10-23,-212.78
1991-10-24,-212.78
1991-10-27,-212.79
1991-10-28,-212.79
1991-10-29,-212.79
1991-10-30,-212.8
1991-10-31,-212.8
1991-11-03,-212.79
1991-11-04,-212.79
1991-11-05,-212.79
1991-11-06,-212.78
1991-11-07,-212.78
1991-11-10,-212.78
1991-11-11,-212.77
1991-11-12,-212.77
1991-11-13,-212.77
1991-11-14,-212.76
1991-11-17,-212.79
1991-11-18,-212.79
1991-11-19,-212.79
1991-11-20,-212.79
1991-11-21,-212.79
1991-11-24,-212.79
1991-11-25,-212.79
1991-11-26,-212.79
1991-11-27,-212.78
1991-11-28,-212.78
1991-11-30,-212.74
1991-12-01,-212.73
1991-12-02,-212.71
1991-12-03,-212.71
1991-12-04,-212.67
1991-12-05,-212.65
1991-12-08,-212.65
1991-12-09,-212.65
1991-12-10,-212.55
1991-12-11,-212.51
1991-12-12,-212.48
1991-12-13,-212.43
1991-12-14,-212.32
1991-12-15,-212.3
1991-12-16,-212.29
1991-12-17,-212.27
1991-12-18,-212.26
1991-12-19,-212.25
1991-12-22,-212.23
1991-12-25,-212.21
1991-12-26,-212.2
1991-12-29,-212.12
1991-12-30,-212.1
1991-12-31,-212.07
1992-01-01,-211.96
1992-01-02,-211.8
1992-01-05,-211.67
1992-01-06,-211.63
1992-01-07,-211.62
1992-01-08,-211.61
1992-01-09,-211.6
1992-01-12,-211.57
1992-01-13,-211.53
1992-01-14,-211.51
1992-01-15,-211.48
1992-01-16,-211.45
1992-01-19,-211.31
1992-01-20,-211.25
1992-01-21,-211.18
1992-01-22,-211.14
1992-01-23,-211.1
1992-01-26,-211.04
1992-01-27,-211.03
1992-01-28,-211.03
1992-01-29,-211.03
1992-01-30,-211.02
1992-02-02,-210.68
1992-02-03,-210.6
1992-02-04,-210.49
1992-02-05,-210.33
1992-02-06,-210.17
1992-02-09,-209.88
1992-02-10,-209.82
1992-02-11,-209.78
1992-02-12,-209.73
1992-02-13,-209.63
1992-02-16,-209.56
1992-02-17,-209.54
1992-02-18,-209.53
1992-02-19,-209.51
1992-02-20,-209.49
1992-02-23,-209.45
1992-02-24,-209.44
1992-02-25,-209.31
1992-02-26,-209.25
1992-02-27,-209.22
1992-03-01,-209.22
1992-03-02,-209.2
1992-03-03,-209.18
1992-03-04,-209.15
1992-03-05,-209.15
1992-03-06,-209.17
1992-03-08,-209.2
1992-03-09,-209.2
1992-03-10,-209.21
1992-03-11,-209.19
1992-03-12,-209.2
1992-03-15,-209.16
1992-03-16,-209.15
1992-03-17,-209.15
1992-03-18,-209.15
1992-03-19,-209.15
1992-03-22,-209.12
1992-03-23,-209.12
1992-03-24,-209.11
1992-03-25,-209.09
1992-03-26,-209.07
1992-03-29,-209.02
1992-03-30,-209.01
1992-03-31,-208.98
1992-04-01,-208.96
1992-04-02,-208.95
1992-04-04,-208.92
1992-04-05,-208.91
1992-04-06,-208.91
1992-04-07,-208.88
1992-04-08,-208.86
1992-04-09,-208.86
1992-04-12,-208.84
1992-04-13,-208.83
1992-04-14,-208.82
1992-04-15,-208.81
1992-04-16,-208.81
1992-04-19,-208.8
1992-04-20,-208.81
1992-04-21,-208.81
1992-04-22,-208.81
1992-04-23,-208.81
1992-04-26,-208.81
1992-04-27,-208.8
1992-04-28,-208.79
1992-04-29,-208.79
1992-04-30,-208.79
1992-05-01,-208.8
1992-05-03,-208.8
1992-05-05,-208.8
1992-05-06,-208.8
1992-05-10,-208.8
1992-05-11,-208.8
1992-05-12,-208.8
1992-05-13,-208.8
1992-05-14,-208.8
1992-05-17,-208.81
1992-05-18,-208.81
1992-05-19,-208.81
1992-05-20,-208.8
1992-05-21,-208.81
1992-05-24,-208.81
1992-05-25,-208.8
1992-05-26,-208.8
1992-05-27,-208.8
1992-05-28,-208.8
1992-05-31,-208.81
1992-06-01,-208.81
1992-06-02,-208.81
1992-06-03,-208.81
1992-06-04,-208.81
1992-06-07,-208.81
1992-06-08,-208.82
1992-06-09,-208.82
1992-06-10,-208.82
1992-06-11,-208.82
1992-06-14,-208.82
1992-06-15,-208.82
1992-06-16,-208.82
1992-06-17,-208.82
1992-06-18,-208.82
1992-06-21,-208.82
1992-06-22,-208.82
1992-06-23,-208.83
1992-06-24,-208.83
1992-06-25,-208.83
1992-06-28,-208.84
1992-06-29,-208.84
1992-06-30,-208.85
1992-07-01,-208.84
1992-07-02,-208.85
1992-07-05,-208.86
1992-07-06,-208.86
1992-07-07,-208.86
1992-07-08,-208.86
1992-07-09,-208.87
1992-07-12,-208.88
1992-07-13,-208.88
1992-07-14,-208.89
1992-07-15,-208.9
1992-07-16,-208.9
1992-07-19,-208.92
1992-07-20,-208.93
1992-07-26,-208.97
1992-08-02,-209.01
1992-08-09,-209.06
1992-08-16,-209.11
1992-08-23,-209.15
1992-08-30,-209.18
1992-09-06,-209.21
1992-09-13,-209.27
1992-09-20,-209.32
1992-09-27,-209.37
1992-10-04,-209.42
1992-10-15,-209.46
1992-10-18,-209.47
1992-10-20,-209.48
1992-10-25,-209.49
1992-11-01,-209.52
1992-11-08,-209.59
1992-11-15,-209.62
1992-11-21,-209.64
1992-11-22,-209.62
1992-11-24,-209.6
1992-11-25,-209.6
1992-11-26,-209.6
1992-11-29,-209.6
1992-11-30,-209.6
1992-12-01,-209.59
1992-12-02,-209.58
1992-12-03,-209.57
1992-12-06,-209.54
1992-12-07,-209.54
1992-12-08,-209.52
1992-12-09,-209.52
1992-12-10,-209.51
1992-12-13,-209.5
1992-12-14,-209.48
1992-12-15,-209.44
1992-12-16,-209.32
1992-12-17,-209.25
1992-12-20,-209.31
1992-12-21,-209.35
1992-12-22,-209.38
1992-12-23,-209.4
1992-12-24,-209.37
1992-12-27,-209.42
1992-12-28,-209.44
1992-12-29,-209.45
1992-12-30,-209.45
1992-12-31,-209.45
1993-01-03,-209.46
1993-01-04,-209.45
1993-01-05,-209.45
1993-01-06,-209.45
1993-01-07,-209.44
1993-01-10,-209.43
1993-01-11,-209.37
1993-01-12,-209.35
1993-01-13,-209.37
1993-01-14,-209.4
1993-01-17,-209.44
1993-01-18,-209.43
1993-01-19,-209.44
1993-01-20,-209.43
1993-01-21,-209.42
1993-01-24,-209.41
1993-01-25,-209.41
1993-01-26,-209.4
1993-01-27,-209.4
1993-01-28,-209.4
1993-01-31,-209.46
1993-02-01,-209.46
1993-02-02,-209.48
1993-02-03,-209.49
1993-02-04,-209.49
1993-02-07,-209.47
1993-02-08,-209.46
1993-02-09,-209.43
1993-02-10,-209.41
1993-02-14,-209.35
1993-02-15,-209.36
1993-02-16,-209.34
1993-02-17,-209.35
1993-02-18,-209.35
1993-02-22,-209.31
1993-02-23,-209.3
1993-02-24,-209.29
1993-02-25,-209.28
1993-02-28,-209.26
1993-03-01,-209.25
1993-03-02,-209.24
1993-03-03,-209.24
1993-03-04,-209.23
1993-03-07,-209.19
1993-03-08,-209.17
1993-03-09,-209.16
1993-03-10,-209.13
1993-03-11,-209.12
1993-03-14,-209.06
1993-03-17,-209.04
1993-03-18,-209.02
1993-03-21,-209.02
1993-03-22,-209.0
1993-03-28,-208.96
1993-03-29,-208.95
1993-03-30,-208.95
1993-03-31,-208.94
1993-04-01,-208.93
1993-04-04,-208.92
1993-04-13,-208.87
1993-04-14,-208.86
1993-04-15,-208.85
1993-04-18,-208.84
1993-04-19,-208.84
1993-04-20,-208.84
1993-04-21,-208.84
1993-04-22,-208.84
1993-04-25,-208.85
1993-04-27,-208.85
1993-04-28,-208.85
1993-04-29,-208.85
1993-05-02,-208.84
1993-05-03,-208.84
1993-05-04,-208.84
1993-05-05,-208.83
1993-05-09,-208.82
1993-05-10,-208.82
1993-05-11,-208.82
1993-05-12,-208.83
1993-05-13,-208.82
1993-05-16,-208.81
1993-05-17,-208.81
1993-05-18,-208.8
1993-05-19,-208.81
1993-05-20,-208.8
1993-05-23,-208.82
1993-05-24,-208.82
1993-05-25,-208.82
1993-05-27,-208.81
1993-05-30,-208.81
1993-05-31,-208.81
1993-06-01,-208.81
1993-06-02,-208.81
1993-06-03,-208.81
1993-06-06,-208.81
1993-06-07,-208.81
1993-06-08,-208.82
1993-06-09,-208.82
1993-06-10,-208.83
1993-06-13,-208.84
1993-06-15,-208.84
1993-06-16,-208.84
1993-06-17,-208.85
1993-06-20,-208.87
1993-06-21,-208.87
1993-06-22,-208.88
1993-06-23,-208.88
1993-06-24,-208.94
1993-06-27,-208.9
1993-06-28,-208.91
1993-06-29,-208.92
1993-06-30,-208.92
1993-07-01,-208.93
1993-07-04,-208.95
1993-07-11,-209.0
1993-07-21,-209.06
1993-07-25,-209.1
1993-08-01,-209.15
1993-08-08,-209.18
1993-08-15,-209.23
1993-08-22,-209.27
1993-08-30,-209.31
1993-09-01,-209.33
1993-09-05,-209.37
1993-09-12,-209.43
1993-09-19,-209.47
1993-09-26,-209.52
1993-10-10,-209.59
1993-10-17,-209.63
1993-10-24,-209.68
1993-10-31,-209.7
1993-11-07,-209.72
1993-11-14,-209.75
1993-11-15,-209.76
1993-11-21,-209.8
1993-11-28,-209.81
1993-12-01,-209.81
1993-12-05,-209.83
1993-12-12,-209.85
1993-12-20,-209.87
1993-12-26,-209.88
1993-12-28,-209.89
1994-01-02,-209.89
1994-01-05,-209.84
1994-01-09,-209.82
1994-01-16,-209.78
1994-01-17,-209.78
1994-01-23,-209.76
1994-01-24,-209.75
1994-01-25,-209.73
1994-01-26,-209.73
1994-01-27,-209.73
1994-01-30,-209.73
1994-02-02,-209.69
1994-02-03,-209.68
1994-02-06,-209.67
1994-02-07,-209.67
1994-02-08,-209.66
1994-02-09,-209.66
1994-02-10,-209.65
1994-02-13,-209.62
1994-02-14,-209.59
1994-02-15,-209.57
1994-02-16,-209.56
1994-02-17,-209.55
1994-02-20,-209.54
1994-02-22,-209.52
1994-02-23,-209.49
1994-02-24,-209.46
1994-02-27,-209.43
1994-02-28,-209.41
1994-03-01,-209.4
1994-03-02,-209.39
1994-03-03,-209.38
1994-03-06,-209.36
1994-03-07,-209.35
1994-03-08,-209.34
1994-03-09,-209.33
1994-03-10,-209.32
1994-03-13,-209.26
1994-03-14,-209.23
1994-03-15,-209.21
1994-03-16,-209.2
1994-03-17,-209.18
1994-03-20,-209.16
1994-03-21,-209.15
1994-03-22,-209.14
1994-03-23,-209.13
1994-03-24,-209.12
1994-03-28,-209.1
1994-04-03,-209.06
1994-04-04,-209.05
1994-04-05,-209.05
1994-04-06,-209.05
1994-04-07,-209.04
1994-04-10,-209.04
1994-04-11,-209.04
1994-04-12,-209.04
1994-04-13,-209.04
1994-04-17,-209.05
1994-04-18,-209.05
1994-04-19,-209.05
1994-04-20,-209.06
1994-04-21,-209.06
1994-04-24,-209.08
1994-04-25,-209.08
1994-04-26,-209.09
1994-04-27,-209.09
1994-04-28,-209.1
1994-05-01,-209.12
1994-05-02,-209.13
1994-05-03,-209.13
1994-05-04,-209.13
1994-05-05,-209.14
1994-05-08,-209.15
1994-05-09,-209.16
1994-05-10,-209.17
1994-05-12,-209.17
1994-05-15,-209.19
1994-05-17,-209.2
1994-05-18,-209.2
1994-05-19,-209.22
1994-05-22,-209.24
1994-05-23,-209.25
1994-05-24,-209.25
1994-05-25,-209.26
1994-05-26,-209.26
1994-05-29,-209.29
1994-05-30,-209.3
1994-05-31,-209.31
1994-06-05,-209.37
1994-06-12,-209.44
1994-06-19,-209.52
1994-06-26,-209.6
1994-07-03,-209.7
1994-07-10,-209.78
1994-07-17,-209.87
1994-07-24,-209.95
1994-07-31,-210.04
1994-08-07,-210.14
1994-08-14,-210.23
1994-08-21,-210.3
1994-08-28,-210.37
1994-09-04,-210.46
1994-09-11,-210.53
1994-09-18,-210.6
1994-09-25,-210.66
1994-10-02,-210.74
1994-10-09,-210.8
1994-10-16,-210.85
1994-10-23,-210.88
1994-10-31,-210.93
1994-11-06,-210.94
1994-11-08,-210.94
1994-11-13,-210.99
1994-11-20,-210.93
1994-11-21,-210.93
1994-11-22,-210.93
1994-11-23,-210.93
1994-11-24,-210.91
1994-11-27,-210.9
1994-11-28,-210.88
1994-11-29,-210.88
1994-11-30,-210.88
1994-12-02,-210.84
1994-12-03,-210.78
1994-12-04,-210.73
1994-12-05,-210.71
1994-12-06,-210.69
1994-12-07,-210.68
1994-12-08,-210.67
1994-12-11,-210.66
1994-12-12,-210.65
1994-12-13,-210.64
1994-12-14,-210.63
1994-12-15,-210.63
1994-12-18,-210.58
1994-12-19,-210.5
1994-12-20,-210.39
1994-12-21,-210.35
1994-12-25,-210.27
1994-12-26,-210.26
1994-12-27,-210.26
1994-12-28,-210.24
1994-12-29,-210.23
1995-01-01,-210.19
1995-01-02,-210.18
1995-01-03,-210.17
1995-01-04,-210.15
1995-01-05,-210.14
1995-01-08,-210.11
1995-01-09,-210.1
1995-01-10,-210.09
1995-01-11,-210.07
1995-01-12,-210.06
1995-01-15,-210.04
1995-01-16,-210.03
1995-01-17,-210.02
1995-01-18,-209.99
1995-01-19,-209.94
1995-01-22,-209.88
1995-01-23,-209.87
1995-01-24,-209.83
1995-01-25,-209.82
1995-01-26,-209.82
1995-01-29,-209.78
1995-01-30,-209.77
1995-01-31,-209.76
1995-02-01,-209.75
1995-02-02,-209.71
1995-02-05,-209.67
1995-02-06,-209.65
1995-02-07,-209.62
1995-02-08,-209.41
1995-02-09,-209.28
1995-02-12,-209.27
1995-02-13,-209.28
1995-02-14,-209.3
1995-02-15,-209.31
1995-02-16,-209.32
1995-02-19,-209.35
1995-02-20,-209.33
1995-02-21,-209.32
1995-02-22,-209.31
1995-02-23,-209.29
1995-02-26,-209.25
1995-02-27,-209.25
1995-02-28,-209.24
1995-03-01,-209.23
1995-03-02,-209.22
1995-03-05,-209.21
1995-03-08,-209.19
1995-03-09,-209.18
1995-03-12,-209.18
1995-03-14,-209.17
1995-03-15,-209.17
1995-03-16,-209.16
1995-03-19,-209.14
1995-03-20,-209.13
1995-03-21,-209.13
1995-03-22,-209.13
1995-03-23,-209.12
1995-03-26,-209.1
1995-03-27,-209.09
1995-03-28,-209.09
1995-03-29,-209.09
1995-03-30,-209.08
1995-04-02,-209.08
1995-04-03,-209.06
1995-04-04,-209.04
1995-04-05,-209.03
1995-04-06,-209.03
1995-04-09,-209.03
1995-04-10,-209.02
1995-04-11,-209.02
1995-04-12,-209.02
1995-04-13,-209.01
1995-04-16,-209.01
1995-04-23,-209.01
1995-04-24,-209.01
1995-04-26,-209.01
1995-04-27,-209.0
1995-04-30,-209.01
1995-05-01,-209.01
1995-05-02,-209.0
1995-05-03,-209.01
1995-05-07,-209.03
1995-05-08,-209.03
1995-05-09,-209.03
1995-05-10,-209.03
1995-05-14,-209.04
1995-05-15,-209.05
1995-05-16,-209.05
1995-05-17,-209.05
1995-05-18,-209.06
1995-05-21,-209.07
1995-05-23,-209.08
1995-05-28,-209.12
1995-06-05,-209.18
1995-06-11,-209.23
1995-06-18,-209.3
1995-06-25,-209.37
1995-07-02,-209.45
1995-07-09,-209.52
1995-07-16,-209.62
1995-07-23,-209.72
1995-07-30,-209.8
1995-08-06,-209.89
1995-08-13,-209.98
1995-08-20,-210.08
1995-08-27,-210.16
1995-09-03,-210.25
1995-09-10,-210.33
1995-09-17,-210.4
1995-09-24,-210.48
1995-10-01,-210.55
1995-10-17,-210.84
1995-10-22,-210.77
1995-10-29,-210.83
1995-11-05,-210.85
1995-11-09,-210.86
1995-11-12,-210.87
1995-11-13,-210.87
1995-11-14,-210.88
1995-11-15,-210.89
1995-11-16,-210.9
1995-11-19,-210.91
1995-11-20,-210.91
1995-11-22,-210.91
1995-11-23,-210.92
1995-11-26,-210.92
1995-11-27,-210.93
1995-11-28,-210.93
1995-11-29,-210.93
1995-11-30,-210.94
1995-12-03,-210.95
1995-12-04,-210.95
1995-12-05,-210.95
1995-12-06,-210.95
1995-12-07,-210.96
1995-12-10,-210.96
1995-12-11,-210.95
1995-12-12,-210.94
1995-12-13,-210.93
1995-12-14,-210.93
1995-12-17,-210.94
1995-12-18,-210.94
1995-12-19,-210.96
1995-12-20,-210.96
1995-12-21,-210.96
1995-12-24,-210.97
1995-12-25,-210.97
1995-12-26,-210.97
1995-12-27,-210.97
1995-12-28,-210.97
1995-12-31,-210.98
1996-01-02,-210.98
1996-01-03,-210.97
1996-01-04,-210.94
1996-01-05,-210.93
1996-01-06,-210.9
1996-01-07,-210.88
1996-01-08,-210.87
1996-01-09,-210.85
1996-01-10,-210.85
1996-01-11,-210.84
1996-01-14,-210.84
1996-01-15,-210.83
1996-01-16,-210.83
1996-01-17,-210.82
1996-01-18,-210.8
1996-01-19,-210.77
1996-01-21,-210.74
1996-01-22,-210.73
1996-01-23,-210.72
1996-01-24,-210.7
1996-01-25,-210.68
1996-01-28,-210.66
1996-01-29,-210.64
1996-01-30,-210.63
1996-01-31,-210.62
1996-02-01,-210.61
1996-02-02,-210.59
1996-02-04,-210.58
1996-02-05,-210.58
1996-02-06,-210.56
1996-02-07,-210.55
1996-02-08,-210.55
1996-02-11,-210.51
1996-02-12,-210.49
1996-02-13,-210.48
1996-02-14,-210.47
1996-02-15,-210.46
1996-02-18,-210.43
1996-02-19,-210.41
1996-02-20,-210.4
1996-02-21,-210.39
1996-02-26,-210.36
1996-02-27,-210.34
1996-02-28,-210.33
1996-02-29,-210.33
1996-03-03,-210.3
1996-03-04,-210.29
1996-03-05,-210.28
1996-03-07,-210.25
1996-03-08,-210.21
1996-03-10,-210.16
1996-03-11,-210.14
1996-03-12,-210.13
1996-03-13,-210.12
1996-03-14,-210.1
1996-03-17,-210.08
1996-03-18,-210.07
1996-03-19,-210.06
1996-03-20,-210.05
1996-03-21,-210.04
1996-03-24,-210.01
1996-03-25,-209.98
1996-03-26,-209.93
1996-03-27,-209.88
1996-03-28,-209.86
1996-03-31,-209.81
1996-04-01,-209.79
1996-04-02,-209.78
1996-04-07,-209.74
1996-04-11,-209.71
1996-04-14,-209.69
1996-04-15,-209.68
1996-04-16,-209.67
1996-04-17,-209.65
1996-04-18,-209.64
1996-04-21,-209.63
1996-04-22,-209.62
1996-04-23,-209.62
1996-04-25,-209.61
1996-04-28,-209.6
1996-04-29,-209.6
1996-04-30,-209.6
1996-05-01,-209.6
1996-05-02,-209.59
1996-05-05,-209.6
1996-05-06,-209.61
1996-05-07,-209.61
1996-05-08,-209.61
1996-05-09,-209.61
1996-05-12,-209.62
1996-05-13,-209.63
1996-05-14,-209.63
1996-05-15,-209.63
1996-05-16,-209.64
1996-05-19,-209.66
1996-05-26,-209.71
1996-06-02,-209.77
1996-06-09,-209.88
1996-06-16,-209.9
1996-06-23,-209.99
1996-06-30,-210.07
1996-07-07,-210.15
1996-07-14,-210.23
1996-07-15,-210.24
1996-07-21,-210.31
1996-07-28,-210.4
1996-08-01,-210.45
1996-08-04,-210.49
1996-08-11,-210.59
1996-08-15,-210.63
1996-08-18,-210.67
1996-08-25,-210.76
1996-09-01,-210.85
1996-09-08,-210.93
1996-09-16,-211.01
1996-09-22,-211.08
1996-10-06,-211.21
1996-10-13,-211.28
1996-10-15,-211.3
1996-10-20,-211.35
1996-10-27,-211.39
1996-11-03,-211.4
1996-11-10,-211.42
1996-11-17,-211.51
1996-11-24,-211.51
1996-12-01,-211.52
1996-12-08,-211.49
1996-12-15,-211.48
1996-12-17,-211.48
1996-12-18,-211.48
1996-12-19,-211.49
1996-12-23,-211.47
1996-12-24,-211.47
1996-12-25,-211.47
1996-12-26,-211.47
1996-12-29,-211.47
1996-12-30,-211.47
1996-12-31,-211.47
1997-01-01,-211.47
1997-01-02,-211.47
1997-01-05,-211.47
1997-01-07,-211.47
1997-01-08,-211.47
1997-01-09,-211.47
1997-01-12,-211.48
1997-01-13,-211.49
1997-01-14,-211.48
1997-01-15,-211.48
1997-01-16,-211.45
1997-01-19,-211.45
1997-01-20,-211.46
1997-01-21,-211.46
1997-01-22,-211.46
1997-01-23,-211.44
1997-01-26,-211.44
1997-01-27,-211.44
1997-01-28,-211.44
1997-01-29,-211.45
1997-01-30,-211.45
1997-02-02,-211.44
1997-02-03,-211.42
1997-02-05,-211.38
1997-02-06,-211.37
1997-02-09,-211.37
1997-02-10,-211.36
1997-02-11,-211.36
1997-02-12,-211.35
1997-02-13,-211.35
1997-02-16,-211.34
1997-02-17,-211.33
1997-02-18,-211.33
1997-02-19,-211.31
1997-02-20,-211.31
1997-02-23,-211.11
1997-02-24,-211.02
1997-02-25,-210.98
1997-02-26,-210.96
1997-02-27,-210.94
1997-03-02,-210.91
1997-03-03,-210.89
1997-03-04,-210.88
1997-03-05,-210.86
1997-03-06,-210.85
1997-03-09,-210.83
1997-03-10,-210.82
1997-03-11,-210.82
1997-03-12,-210.81
1997-03-13,-210.8
1997-03-16,-210.77
1997-03-17,-210.75
1997-03-18,-210.71
1997-03-19,-210.66
1997-03-20,-210.62
1997-03-23,-210.56
1997-03-24,-210.54
1997-03-25,-210.52
1997-03-26,-210.5
1997-03-27,-210.48
1997-03-30,-210.45
1997-03-31,-210.44
1997-04-01,-210.43
1997-04-02,-210.42
1997-04-03,-210.41
1997-04-06,-210.39
1997-04-07,-210.38
1997-04-08,-210.37
1997-04-09,-210.36
1997-04-10,-210.35
1997-04-13,-210.32
1997-04-14,-210.31
1997-04-15,-210.3
1997-04-16,-210.29
1997-04-17,-210.28
1997-04-20,-210.26
1997-04-29,-210.24
1997-04-30,-210.24
1997-05-01,-210.24
1997-05-04,-210.23
1997-05-05,-210.23
1997-05-06,-210.23
1997-05-07,-210.22
1997-05-08,-210.22
1997-05-11,-210.23
1997-05-13,-210.23
1997-05-14,-210.23
1997-05-15,-210.24
1997-05-18,-210.25
1997-05-25,-210.28
1997-06-01,-210.33
1997-06-08,-210.39
1997-06-15,-210.46
1997-06-22,-210.52
1997-06-29,-210.6
1997-07-01,-210.62
1997-07-06,-210.68
1997-07-13,-210.78
1997-07-15,-210.8
1997-07-20,-210.87
1997-07-27,-210.97
1997-08-03,-211.07
1997-08-10,-211.17
1997-08-17,-211.27
1997-08-24,-211.36
1997-08-31,-211.46
1997-09-01,-211.47
1997-09-07,-211.54
1997-09-14,-211.62
1997-09-15,-211.63
1997-09-21,-211.69
1997-09-28,-211.77
1997-09-30,-211.79
1997-10-01,-211.8
1997-10-05,-211.85
1997-10-12,-211.89
1997-10-26,-211.98
1997-11-02,-212.01
1997-11-09,-212.01
1997-11-16,-212.04
1997-11-23,-212.07
1997-11-30,-212.11
1997-12-07,-212.12
1997-12-10,-212.09
1997-12-11,-212.07
1997-12-14,-212.07
1997-12-15,-212.07
1997-12-16,-212.08
1997-12-17,-212.07
1997-12-18,-212.07
1997-12-21,-212.03
1997-12-22,-212.03
1997-12-23,-212.03
1997-12-24,-212.02
1997-12-25,-212.02
1997-12-28,-212.03
1997-12-29,-212.02
1997-12-30,-212.02
1997-12-31,-212.01
1998-01-01,-212.0
1998-01-04,-212.01
1998-01-05,-212.01
1998-01-06,-212.01
1998-01-07,-211.99
1998-01-08,-211.97
1998-01-11,-211.97
1998-01-12,-211.95
1998-01-13,-211.95
1998-01-14,-211.94
1998-01-15,-211.94
1998-01-18,-211.94
1998-01-19,-211.93
1998-01-20,-211.93
1998-01-21,-211.92
1998-01-22,-211.92
1998-01-25,-211.88
1998-01-26,-211.8
1998-01-27,-211.76
1998-01-28,-211.74
1998-01-29,-211.72
1998-02-01,-211.63
1998-02-02,-211.61
1998-02-03,-211.6
1998-02-04,-211.59
1998-02-05,-211.59
1998-02-08,-211.55
1998-02-09,-211.53
1998-02-10,-211.51
1998-02-11,-211.49
1998-02-12,-211.48
1998-02-15,-211.45
1998-02-16,-211.42
1998-02-17,-211.41
1998-02-18,-211.4
1998-02-19,-211.39
1998-02-22,-211.38
1998-02-23,-211.37
1998-02-24,-211.37
1998-02-25,-211.36
1998-02-26,-211.36
1998-03-01,-211.34
1998-03-02,-211.33
1998-03-03,-211.32
1998-03-04,-211.31
1998-03-05,-211.3
1998-03-08,-211.28
1998-03-09,-211.27
1998-03-10,-211.26
1998-03-11,-211.25
1998-03-12,-211.24
1998-03-15,-211.23
1998-03-16,-211.22
1998-03-17,-211.21
1998-03-18,-211.18
1998-03-19,-211.14
1998-03-20,-211.07
1998-03-22,-211.0
1998-03-23,-210.98
1998-03-24,-210.96
1998-03-25,-210.94
1998-03-26,-210.93
1998-03-29,-210.88
1998-03-30,-210.86
1998-04-01,-210.77
1998-04-02,-210.74
1998-04-05,-210.66
1998-04-06,-210.64
1998-04-07,-210.62
1998-04-08,-210.6
1998-04-09,-210.59
1998-04-19,-210.5
1998-04-20,-210.49
1998-04-21,-210.49
1998-04-22,-210.49
1998-04-23,-210.48
1998-04-26,-210.48
1998-04-27,-210.48
1998-04-28,-210.47
1998-04-29,-210.46
1998-05-03,-210.46
1998-05-04,-210.46
1998-05-05,-210.46
1998-05-06,-210.46
1998-05-07,-210.47
1998-05-10,-210.48
1998-05-11,-210.47
1998-05-12,-210.48
1998-05-13,-210.48
1998-05-14,-210.48
1998-05-17,-210.47
1998-05-24,-210.5
1998-06-01,-210.55
1998-06-07,-210.6
1998-06-14,-210.65
1998-06-15,-210.66
1998-06-21,-210.73
1998-06-28,-210.8
1998-07-01,-210.83
1998-07-05,-210.88
1998-07-12,-210.97
1998-07-15,-211.01
1998-07-20,-211.08
1998-08-02,-211.24
1998-08-09,-211.32
1998-08-16,-211.42
1998-08-23,-211.52
1998-08-30,-211.61
1998-09-01,-211.63
1998-09-13,-211.77
1998-09-15,-211.79
1998-09-20,-211.85
1998-09-27,-211.93
1998-10-13,-212.11
1998-10-15,-212.12
1998-10-18,-212.15
1998-10-25,-212.2
1998-11-01,-212.25
1998-11-02,-212.26
1998-11-08,-212.29
1998-11-15,-212.33
1998-11-22,-212.38
1998-11-26,-212.39
1998-11-27,-212.4
1998-11-29,-212.41
1998-11-30,-212.42
1998-12-01,-212.42
1998-12-02,-212.43
1998-12-03,-212.43
1998-12-06,-212.44
1998-12-07,-212.44
1998-12-08,-212.44
1998-12-09,-212.44
1998-12-10,-212.44
1998-12-13,-212.44
1998-12-14,-212.45
1998-12-15,-212.45
1998-12-16,-212.45
1998-12-17,-212.45
1998-12-20,-212.46
1998-12-21,-212.45
1998-12-22,-212.45
1998-12-23,-212.45
1998-12-24,-212.44
1998-12-27,-212.43
1998-12-28,-212.43
1998-12-29,-212.43
1998-12-30,-212.42
1998-12-31,-212.41
1999-01-03,-212.37
1999-01-04,-212.37
1999-01-05,-212.36
1999-01-06,-212.36
1999-01-07,-212.36
1999-01-10,-212.35
1999-01-11,-212.35
1999-01-12,-212.34
1999-01-13,-212.34
1999-01-14,-212.34
1999-01-17,-212.32
1999-01-18,-212.31
1999-01-19,-212.28
1999-01-20,-212.26
1999-01-21,-212.25
1999-01-24,-212.25
1999-01-25,-212.24
1999-01-26,-212.24
1999-01-27,-212.24
1999-01-28,-212.23
1999-01-31,-212.22
1999-02-01,-212.22
1999-02-02,-212.21
1999-02-03,-212.21
1999-02-04,-212.2
1999-02-07,-212.17
1999-02-08,-212.17
1999-02-09,-212.15
1999-02-10,-212.15
1999-02-11,-212.14
1999-02-14,-212.12
1999-02-15,-212.11
1999-02-16,-212.11
1999-02-17,-212.1
1999-02-18,-212.1
1999-02-21,-212.07
1999-02-22,-212.07
1999-02-23,-212.07
1999-02-24,-212.06
1999-02-25,-212.05
1999-02-28,-212.04
1999-03-01,-212.04
1999-03-02,-212.03
1999-03-03,-212.03
1999-03-04,-212.02
1999-03-07,-212.01
1999-03-08,-212.01
1999-03-09,-212.01
1999-03-10,-212.01
1999-03-11,-212.01
1999-03-14,-212.01
1999-03-15,-212.01
1999-03-16,-212.0
1999-03-18,-212.0
1999-03-21,-211.99
1999-03-22,-211.98
1999-03-23,-211.97
1999-03-24,-211.96
1999-03-25,-211.95
1999-03-28,-211.92
1999-03-29,-211.91
1999-03-30,-211.91
1999-04-08,-211.82
1999-04-11,-211.8
1999-04-12,-211.8
1999-04-13,-211.79
1999-04-14,-211.79
1999-04-15,-211.78
1999-04-18,-211.78
1999-04-19,-211.77
1999-04-20,-211.77
1999-04-22,-211.77
1999-04-25,-211.77
1999-04-26,-211.76
1999-04-27,-211.76
1999-04-28,-211.76
1999-04-29,-211.76
1999-05-02,-211.76
1999-05-03,-211.76
1999-05-04,-211.76
1999-05-05,-211.77
1999-05-06,-211.77
1999-05-09,-211.79
1999-05-10,-211.79
1999-05-11,-211.79
1999-05-12,-211.79
1999-05-13,-211.8
1999-05-16,-211.81
1999-05-23,-211.82
1999-05-30,-211.88
1999-06-01,-211.89
1999-06-03,-211.9
1999-06-06,-211.93
1999-06-13,-211.96
1999-06-15,-211.97
1999-06-20,-212.01
1999-06-27,-212.07
1999-07-01,-212.09
1999-07-04,-212.12
1999-07-11,-212.17
1999-07-15,-212.2
1999-07-18,-212.23
1999-07-25,-212.3
1999-08-01,-212.36
1999-08-08,-212.42
1999-08-15,-212.46
1999-08-22,-212.52
1999-08-29,-212.6
1999-09-01,-212.63
1999-09-05,-212.67
1999-09-13,-212.73
1999-09-15,-212.75
1999-09-19,-212.78
1999-09-23,-212.8
1999-10-03,-212.86
1999-10-07,-212.89
1999-10-10,-212.9
1999-10-12,-212.91
1999-10-13,-212.92
1999-10-14,-212.93
1999-10-17,-212.94
1999-10-18,-212.94
1999-10-20,-212.95
1999-10-21,-212.95
1999-10-25,-212.96
1999-10-26,-212.97
1999-10-27,-212.97
1999-10-28,-212.98
1999-10-31,-212.99
1999-11-01,-213.0
1999-11-02,-213.01
1999-11-04,-213.02
1999-11-07,-213.03
1999-11-08,-213.03
1999-11-09,-213.04
1999-11-10,-213.04
1999-11-11,-213.04
1999-11-14,-213.06
1999-11-15,-213.06
1999-11-16,-213.06
1999-11-17,-213.06
1999-11-18,-213.06
1999-11-21,-213.09
1999-11-22,-213.09
1999-11-23,-213.09
1999-11-24,-213.09
1999-11-25,-213.09
1999-11-28,-213.1
1999-11-29,-213.1
1999-11-30,-213.11
1999-12-01,-213.11
1999-12-02,-213.12
1999-12-05,-213.13
1999-12-06,-213.13
1999-12-07,-213.14
1999-12-08,-213.15
1999-12-09,-213.15
1999-12-12,-213.17
1999-12-13,-213.17
1999-12-14,-213.16
1999-12-15,-213.13
1999-12-16,-213.12
1999-12-19,-213.13
1999-12-20,-213.13
1999-12-21,-213.13
1999-12-22,-213.12
1999-12-23,-213.13
1999-12-26,-213.12
1999-12-27,-213.12
1999-12-28,-213.12
1999-12-29,-213.12
1999-12-30,-213.12
2000-01-02,-213.12
2000-01-03,-213.12
2000-01-04,-213.11
2000-01-05,-213.08
2000-01-06,-213.04
2000-01-09,-213.01
2000-01-10,-213.0
2000-01-11,-212.99
2000-01-12,-212.99
2000-01-13,-212.99
2000-01-16,-212.99
2000-01-17,-212.99
2000-01-18,-212.99
2000-01-19,-212.98
2000-01-20,-212.96
2000-01-23,-212.82
2000-01-24,-212.79
2000-01-25,-212.78
2000-01-27,-212.72
2000-01-30,-212.57
2000-01-31,-212.56
2000-02-01,-212.55
2000-02-02,-212.54
2000-02-03,-212.53
2000-02-06,-212.5
2000-02-07,-212.49
2000-02-08,-212.48
2000-02-09,-212.48
2000-02-10,-212.47
2000-02-13,-212.44
2000-02-14,-212.38
2000-02-15,-212.37
2000-02-16,-212.35
2000-02-17,-212.3
2000-02-20,-212.24
2000-02-21,-212.23
2000-02-22,-212.22
2000-02-23,-212.2
2000-02-24,-212.19
2000-02-27,-212.18
2000-02-28,-212.17
2000-02-29,-212.16
2000-03-01,-212.15
2000-03-02,-212.14
2000-03-05,-212.12
2000-03-06,-212.1
2000-03-07,-212.09
2000-03-08,-212.08
2000-03-09,-212.08
2000-03-12,-212.07
2000-03-13,-212.06
2000-03-14,-212.05
2000-03-15,-212.04
2000-03-16,-212.04
2000-03-19,-212.03
2000-03-20,-212.02
2000-03-22,-212.0
2000-03-23,-211.99
2000-03-26,-211.97
2000-03-27,-211.96
2000-03-28,-211.95
2000-03-29,-211.94
2000-03-30,-211.94
2000-04-01,-211.94
2000-04-02,-211.94
2000-04-04,-211.94
2000-04-05,-211.93
2000-04-06,-211.93
2000-04-09,-211.94
2000-04-10,-211.94
2000-04-11,-211.94
2000-04-12,-211.94
2000-04-13,-211.94
2000-04-16,-211.94
2000-04-17,-211.94
2000-04-18,-211.94
2000-04-27,-211.92
2000-04-30,-211.92
2000-05-01,-211.92
2000-05-02,-211.92
2000-05-03,-211.92
2000-05-04,-211.92
2000-05-07,-211.95
2000-05-08,-211.96
2000-05-09,-211.97
2000-05-11,-211.98
2000-05-14,-212.01
2000-05-15,-212.01
2000-05-21,-212.06
2000-05-28,-212.14
2000-06-01,-212.17
2000-06-04,-212.21
2000-06-11,-212.3
2000-06-15,-212.33
2000-06-18,-212.37
2000-06-25,-212.47
2000-07-01,-212.55
2000-07-02,-212.56
2000-07-09,-212.64
2000-07-16,-212.73
2000-07-23,-212.83
2000-07-30,-212.91
2000-08-01,-212.94
2000-08-03,-212.96
2000-08-06,-213.01
2000-08-07,-213.02
2000-08-08,-213.03
2000-08-09,-213.04
2000-08-10,-213.06
2000-08-13,-213.11
2000-08-14,-213.12
2000-08-22,-213.21
2000-08-23,-213.22
2000-08-27,-213.27
2000-08-28,-213.28
2000-08-29,-213.29
2000-08-30,-213.31
2000-08-31,-213.32
2000-09-01,-213.34
2000-09-03,-213.37
2000-09-04,-213.37
2000-09-05,-213.38
2000-09-06,-213.39
2000-09-07,-213.4
2000-09-10,-213.43
2000-09-11,-213.44
2000-09-12,-213.45
2000-09-13,-213.45
2000-09-14,-213.45
2000-09-17,-213.48
2000-09-18,-213.49
2000-09-19,-213.49
2000-09-20,-213.5
2000-09-21,-213.51
2000-09-24,-213.53
2000-09-27,-213.55
2000-09-28,-213.56
2000-10-01,-213.58
2000-10-02,-213.59
2000-10-03,-213.6
2000-10-04,-213.61
2000-10-05,-213.62
2000-10-08,-213.64
2000-10-10,-213.65
2000-10-11,-213.66
2000-10-12,-213.67
2000-10-16,-213.71
2000-10-22,-213.73
2000-10-23,-213.73
2000-10-24,-213.73
2000-10-25,-213.72
2000-10-26,-213.71
2000-10-29,-213.71
2000-10-30,-213.71
2000-10-31,-213.71
2000-11-01,-213.71
2000-11-05,-213.72
2000-11-06,-213.73
2000-11-07,-213.73
2000-11-08,-213.73
2000-11-12,-213.74
2000-11-13,-213.74
2000-11-14,-213.74
2000-11-15,-213.74
2000-11-16,-213.74
2000-11-19,-213.77
2000-11-20,-213.78
2000-11-21,-213.78
2000-11-22,-213.78
2000-11-23,-213.78
2000-11-26,-213.8
2000-11-27,-213.8
2000-11-28,-213.8
2000-11-29,-213.8
2000-11-30,-213.8
2000-12-01,-213.79
2000-12-03,-213.78
2000-12-04,-213.78
2000-12-05,-213.78
2000-12-06,-213.78
2000-12-07,-213.78
2000-12-10,-213.78
2000-12-11,-213.78
2000-12-12,-213.78
2000-12-13,-213.76
2000-12-14,-213.75
2000-12-17,-213.78
2000-12-18,-213.77
2000-12-19,-213.75
2000-12-20,-213.72
2000-12-21,-213.71
2000-12-24,-213.7
2000-12-25,-213.67
2000-12-26,-213.67
2000-12-27,-213.67
2000-12-28,-213.66
2000-12-31,-213.65
2001-01-01,-213.65
2001-01-02,-213.65
2001-01-03,-213.65
2001-01-04,-213.65
2001-01-07,-213.64
2001-01-08,-213.64
2001-01-09,-213.63
2001-01-10,-213.62
2001-01-11,-213.62
2001-01-14,-213.62
2001-01-15,-213.62
2001-01-16,-213.61
2001-01-17,-213.61
2001-01-18,-213.6
2001-01-21,-213.57
2001-01-22,-213.57
2001-01-23,-213.57
2001-01-24,-213.56
2001-01-26,-213.53
2001-01-28,-213.52
2001-01-29,-213.52
2001-01-30,-213.51
2001-01-31,-213.51
2001-02-01,-213.51
2001-02-04,-213.47
2001-02-05,-213.45
2001-02-07,-213.44
2001-02-08,-213.44
2001-02-11,-213.43
2001-02-12,-213.41
2001-02-13,-213.4
2001-02-14,-213.38
2001-02-15,-213.37
2001-02-16,-213.36
2001-02-18,-213.34
2001-02-19,-213.32
2001-02-20,-213.31
2001-02-21,-213.28
2001-02-22,-213.28
2001-02-25,-213.24
2001-02-26,-213.23
2001-02-27,-213.23
2001-02-28,-213.22
2001-03-01,-213.22
2001-03-04,-213.18
2001-03-05,-213.18
2001-03-06,-213.18
2001-03-07,-213.17
2001-03-08,-213.17
2001-03-11,-213.14
2001-03-12,-213.14
2001-03-13,-213.13
2001-03-14,-213.13
2001-03-15,-213.13
2001-03-18,-213.12
2001-03-19,-213.12
2001-03-20,-213.11
2001-03-21,-213.1
2001-03-22,-213.09
2001-03-25,-213.08
2001-03-26,-213.08
2001-03-27,-213.07
2001-03-28,-213.07
2001-03-29,-213.06
2001-04-01,-213.06
2001-04-02,-213.06
2001-04-03,-213.06
2001-04-04,-213.06
2001-04-05,-213.05
2001-04-15,-213.06
2001-04-16,-213.06
2001-04-17,-213.07
2001-04-18,-213.07
2001-04-22,-213.08
2001-04-23,-213.09
2001-04-24,-213.1
2001-04-25,-213.11
2001-04-29,-213.13
2001-04-30,-213.13
2001-05-01,-213.13
2001-05-02,-213.13
2001-05-03,-213.13
2001-05-06,-213.14
2001-05-07,-213.14
2001-05-08,-213.15
2001-05-09,-213.16
2001-05-10,-213.17
2001-05-13,-213.19
2001-05-14,-213.2
2001-05-15,-213.21
2001-05-16,-213.22
2001-05-17,-213.23
2001-05-20,-213.26
2001-05-21,-213.27
2001-05-22,-213.27
2001-05-23,-213.28
2001-05-24,-213.29
2001-05-27,-213.31
2001-05-29,-213.33
2001-05-30,-213.34
2001-05-31,-213.35
2001-06-01,-213.36
2001-06-03,-213.38
2001-06-04,-213.39
2001-06-05,-213.4
2001-06-06,-213.42
2001-06-07,-213.43
2001-06-10,-213.47
2001-06-11,-213.48
2001-06-12,-213.48
2001-06-13,-213.49
2001-06-14,-213.5
2001-06-17,-213.53
2001-06-18,-213.54
2001-06-19,-213.55
2001-06-20,-213.56
2001-06-21,-213.57
2001-06-24,-213.59
2001-06-25,-213.6
2001-06-26,-213.62
2001-06-27,-213.63
2001-06-28,-213.64
2001-07-01,-213.67
2001-07-02,-213.68
2001-07-03,-213.69
2001-07-04,-213.7
2001-07-05,-213.71
2001-07-08,-213.74
2001-07-09,-213.75
2001-07-10,-213.76
2001-07-11,-213.77
2001-07-12,-213.78
2001-07-15,-213.81
2001-07-16,-213.81
2001-07-17,-213.83
2001-07-18,-213.83
2001-07-19,-213.84
2001-07-22,-213.87
2001-07-23,-213.88
2001-07-24,-213.89
2001-07-25,-213.9
2001-07-26,-213.91
2001-07-29,-213.94
2001-07-30,-213.95
2001-07-31,-213.96
2001-08-01,-213.97
2001-08-02,-213.98
2001-08-05,-214.02
2001-08-06,-214.03
2001-08-07,-214.03
2001-08-08,-214.03
2001-08-09,-214.04
2001-08-10,-214.05
2001-08-12,-214.07
2001-08-13,-214.08
2001-08-14,-214.09
2001-08-15,-214.1
2001-08-16,-214.11
2001-08-19,-214.16
2001-08-20,-214.17
2001-08-21,-214.18
2001-08-22,-214.19
2001-08-23,-214.2
2001-08-26,-214.24
2001-08-27,-214.25
2001-08-28,-214.26
2001-08-29,-214.27
2001-08-30,-214.28
2001-09-01,-214.31
2001-09-02,-214.32
2001-09-04,-214.34
2001-09-05,-214.35
2001-09-06,-214.36
2001-09-09,-214.41
2001-09-10,-214.42
2001-09-11,-214.42
2001-09-12,-214.43
2001-09-13,-214.45
2001-09-16,-214.48
2001-09-20,-214.53
2001-09-23,-214.55
2001-09-24,-214.56
2001-09-25,-214.57
2001-09-30,-214.61
2001-10-01,-214.61
2001-10-10,-214.68
2001-10-11,-214.69
2001-10-14,-214.71
2001-10-15,-214.71
2001-10-16,-214.72
2001-10-17,-214.72
2001-10-18,-214.72
2001-10-21,-214.74
2001-10-23,-214.75
2001-10-24,-214.76
2001-10-25,-214.76
2001-10-28,-214.77
2001-10-29,-214.77
2001-10-30,-214.77
2001-10-31,-214.77
2001-11-01,-214.78
2001-11-04,-214.79
2001-11-05,-214.8
2001-11-06,-214.8
2001-11-07,-214.8
2001-11-08,-214.81
2001-11-11,-214.81
2001-11-13,-214.81
2001-11-14,-214.82
2001-11-15,-214.82
2001-11-18,-214.83
2001-11-19,-214.83
2001-11-21,-214.85
2001-11-22,-214.85
2001-11-25,-214.87
2001-11-26,-214.87
2001-11-27,-214.87
2001-11-28,-214.87
2001-11-29,-214.87
2001-12-01,-214.86
2001-12-02,-214.86
2001-12-03,-214.86
2001-12-04,-214.85
2001-12-05,-214.8
2001-12-06,-214.76
2001-12-09,-214.75
2001-12-10,-214.74
2001-12-11,-214.73
2001-12-12,-214.73
2001-12-13,-214.72
2001-12-16,-214.71
2001-12-17,-214.71
2001-12-18,-214.71
2001-12-19,-214.7
2001-12-20,-214.7
2001-12-23,-214.69
2001-12-24,-214.68
2001-12-25,-214.68
2001-12-26,-214.68
2001-12-27,-214.68
2001-12-30,-214.68
2001-12-31,-214.68
2002-01-01,-214.67
2002-01-02,-214.67
2002-01-03,-214.66
2002-01-06,-214.66
2002-01-07,-214.66
2002-01-08,-214.6
2002-01-09,-214.54
2002-01-10,-214.5
2002-01-13,-214.43
2002-01-14,-214.42
2002-01-15,-214.41
2002-01-16,-214.41
2002-01-17,-214.41
2002-01-20,-214.39
2002-01-21,-214.38
2002-01-22,-214.38
2002-01-23,-214.35
2002-01-24,-214.34
2002-01-27,-214.32
2002-01-28,-214.3
2002-01-29,-214.28
2002-01-30,-214.27
2002-01-31,-214.26
2002-02-01,-214.26
2002-02-03,-214.26
2002-02-04,-214.25
2002-02-05,-214.24
2002-02-06,-214.24
2002-02-07,-214.24
2002-02-10,-214.22
2002-02-11,-214.21
2002-02-12,-214.19
2002-02-13,-214.13
2002-02-14,-214.12
2002-02-17,-214.08
2002-02-18,-214.08
2002-02-19,-214.07
2002-02-20,-214.06
2002-02-21,-214.05
2002-02-24,-214.01
2002-02-25,-214.01
2002-02-26,-214.0
2002-02-27,-213.99
2002-02-28,-213.98
2002-03-01,-213.97
2002-03-03,-213.95
2002-03-04,-213.93
2002-03-05,-213.92
2002-03-06,-213.91
2002-03-07,-213.91
2002-03-10,-213.9
2002-03-12,-213.88
2002-03-13,-213.88
2002-03-14,-213.88
2002-03-17,-213.86
2002-03-18,-213.85
2002-03-19,-213.85
2002-03-20,-213.85
2002-03-21,-213.84
2002-03-24,-213.77
2002-03-25,-213.76
2002-03-26,-213.75
2002-03-31,-213.63
2002-04-01,-213.6
2002-04-04,-213.5
2002-04-07,-213.44
2002-04-08,-213.42
2002-04-09,-213.41
2002-04-10,-213.39
2002-04-11,-213.38
2002-04-14,-213.35
2002-04-15,-213.34
2002-04-16,-213.33
2002-04-18,-213.32
2002-04-21,-213.27
2002-04-22,-213.26
2002-04-23,-213.25
2002-04-24,-213.24
2002-04-25,-213.23
2002-04-28,-213.21
2002-04-29,-213.2
2002-04-30,-213.19
2002-05-01,-213.18
2002-05-02,-213.17
2002-05-05,-213.16
2002-05-06,-213.16
2002-05-07,-213.16
2002-05-08,-213.16
2002-05-09,-213.16
2002-05-12,-213.16
2002-05-13,-213.17
2002-05-14,-213.18
2002-05-19,-213.18
2002-05-20,-213.18
2002-05-21,-213.18
2002-05-22,-213.18
2002-05-23,-213.18
2002-05-26,-213.19
2002-05-27,-213.19
2002-05-28,-213.2
2002-05-29,-213.2
2002-05-30,-213.21
2002-06-01,-213.23
2002-06-02,-213.24
2002-06-03,-213.24
2002-06-04,-213.24
2002-06-05,-213.25
2002-06-06,-213.26
2002-06-09,-213.27
2002-06-10,-213.28
2002-06-11,-213.29
2002-06-12,-213.29
2002-06-13,-213.3
2002-06-16,-213.33
2002-06-17,-213.34
2002-06-18,-213.35
2002-06-19,-213.35
2002-06-20,-213.35
2002-06-23,-213.38
2002-06-24,-213.39
2002-06-25,-213.4
2002-06-26,-213.41
2002-06-27,-213.41
2002-06-30,-213.44
2002-07-01,-213.45
2002-07-02,-213.46
2002-07-03,-213.47
2002-07-04,-213.47
2002-07-07,-213.5
2002-07-08,-213.5
2002-07-09,-213.51
2002-07-10,-213.52
2002-07-11,-213.53
2002-07-14,-213.56
2002-07-15,-213.57
2002-07-16,-213.57
2002-07-17,-213.58
2002-07-18,-213.58
2002-07-21,-213.62
2002-07-22,-213.63
2002-07-23,-213.64
2002-07-24,-213.65
2002-07-25,-213.65
2002-07-28,-213.69
2002-07-29,-213.7
2002-07-30,-213.71
2002-07-31,-213.71
2002-08-01,-213.71
2002-08-04,-213.75
2002-08-05,-213.77
2002-08-06,-213.78
2002-08-07,-213.79
2002-08-08,-213.8
2002-08-11,-213.84
2002-08-12,-213.85
2002-08-13,-213.86
2002-08-14,-213.86
2002-08-15,-213.87
2002-08-18,-213.91
2002-08-19,-213.92
2002-08-20,-213.93
2002-08-21,-213.94
2002-08-22,-213.95
2002-08-25,-213.98
2002-08-26,-213.99
2002-08-27,-214.0
2002-08-28,-214.0
2002-08-29,-214.01
2002-09-01,-214.04
2002-09-02,-214.04
2002-09-03,-214.05
2002-09-05,-214.07
2002-09-09,-214.11
2002-09-10,-214.12
2002-09-11,-214.12
2002-09-12,-214.13
2002-09-17,-214.16
2002-09-18,-214.17
2002-09-19,-214.17
2002-09-22,-214.2
2002-09-29,-214.24
2002-09-30,-214.24
2002-10-01,-214.24
2002-10-02,-214.25
2002-10-03,-214.26
2002-10-06,-214.28
2002-10-07,-214.29
2002-10-08,-214.29
2002-10-10,-214.3
2002-10-13,-214.3
2002-10-14,-214.3
2002-10-16,-214.3
2002-10-17,-214.3
2002-10-20,-214.3
2002-10-21,-214.3
2002-10-22,-214.3
2002-10-23,-214.3
2002-10-24,-214.3
2002-10-27,-214.31
2002-10-28,-214.31
2002-10-29,-214.31
2002-10-30,-214.32
2002-10-31,-214.32
2002-11-01,-214.33
2002-11-03,-214.34
2002-11-04,-214.34
2002-11-05,-214.34
2002-11-06,-214.34
2002-11-07,-214.34
2002-11-10,-214.36
2002-11-11,-214.36
2002-11-12,-214.36
2002-11-13,-214.36
2002-11-14,-214.36
2002-11-17,-214.36
2002-11-18,-214.37
2002-11-19,-214.37
2002-11-20,-214.38
2002-11-21,-214.38
2002-11-24,-214.41
2002-11-25,-214.41
2002-11-26,-214.41
2002-11-27,-214.41
2002-11-28,-214.41
2002-12-01,-214.41
2002-12-02,-214.41
2002-12-03,-214.41
2002-12-04,-214.42
2002-12-08,-214.42
2002-12-09,-214.41
2002-12-10,-214.38
2002-12-11,-214.37
2002-12-12,-214.35
2002-12-15,-214.38
2002-12-16,-214.38
2002-12-17,-214.39
2002-12-18,-214.36
2002-12-19,-214.31
2002-12-20,-214.3
2002-12-22,-214.2
2002-12-23,-214.18
2002-12-24,-214.17
2002-12-25,-214.14
2002-12-26,-214.13
2002-12-29,-214.11
2002-12-30,-214.1
2002-12-31,-214.08
2003-01-01,-214.07
2003-01-02,-214.06
2003-01-05,-214.01
2003-01-06,-214.0
2003-01-07,-213.99
2003-01-08,-213.98
2003-01-09,-213.97
2003-01-12,-213.96
2003-01-13,-213.95
2003-01-14,-213.94
2003-01-15,-213.94
2003-01-16,-213.93
2003-01-19,-213.89
2003-01-20,-213.89
2003-01-21,-213.86
2003-01-22,-213.86
2003-01-23,-213.86
2003-01-26,-213.85
2003-01-27,-213.85
2003-01-29,-213.8
2003-01-30,-213.7
2003-02-01,-213.66
2003-02-02,-213.63
2003-02-03,-213.61
2003-02-04,-213.57
2003-02-05,-213.37
2003-02-06,-213.31
2003-02-09,-213.22
2003-02-10,-213.17
2003-02-11,-213.14
2003-02-12,-213.11
2003-02-13,-213.09
2003-02-16,-212.93
2003-02-17,-212.88
2003-02-18,-212.84
2003-02-19,-212.81
2003-02-20,-212.78
2003-02-21,-212.65
2003-02-23,-212.33
2003-02-24,-212.26
2003-02-25,-212.19
2003-02-26,-212.03
2003-02-27,-211.91
2003-02-28,-211.83
2003-03-01,-211.8
2003-03-02,-211.76
2003-03-03,-211.72
2003-03-04,-211.67
2003-03-05,-211.63
2003-03-06,-211.58
2003-03-09,-211.47
2003-03-10,-211.44
2003-03-11,-211.42
2003-03-12,-211.39
2003-03-13,-211.36
2003-03-16,-211.29
2003-03-17,-211.27
2003-03-18,-211.25
2003-03-19,-211.22
2003-03-20,-211.11
2003-03-23,-210.93
2003-03-24,-210.88
2003-03-25,-210.79
2003-03-26,-210.64
2003-03-27,-210.49
2003-03-28,-210.41
2003-03-30,-210.33
2003-03-31,-210.3
2003-04-01,-210.26
2003-04-02,-210.23
2003-04-03,-210.21
2003-04-06,-210.14
2003-04-07,-210.12
2003-04-08,-210.1
2003-04-09,-210.08
2003-04-10,-210.06
2003-04-13,-210.01
2003-04-14,-209.99
2003-04-15,-209.98
2003-04-24,-209.85
2003-04-27,-209.8
2003-04-28,-209.79
2003-04-29,-209.78
2003-05-01,-209.76
2003-05-04,-209.74
2003-05-05,-209.73
2003-05-06,-209.72
2003-05-08,-209.72
2003-05-11,-209.72
2003-05-18,-209.72
2003-05-19,-209.72
2003-05-20,-209.72
2003-05-21,-209.72
2003-05-22,-209.72
2003-05-25,-209.72
2003-05-26,-209.72
2003-05-27,-209.72
2003-05-28,-209.72
2003-05-29,-209.72
2003-06-01,-209.72
2003-06-02,-209.73
2003-06-03,-209.73
2003-06-04,-209.74
2003-06-08,-209.75
2003-06-09,-209.75
2003-06-10,-209.76
2003-06-11,-209.76
2003-06-12,-209.76
2003-06-15,-209.77
2003-06-16,-209.77
2003-06-17,-209.77
2003-06-18,-209.77
2003-06-19,-209.78
2003-06-22,-209.8
2003-06-23,-209.81
2003-06-24,-209.82
2003-06-25,-209.82
2003-06-26,-209.82
2003-06-29,-209.85
2003-06-30,-209.85
2003-07-01,-209.86
2003-07-02,-209.87
2003-07-03,-209.87
2003-07-06,-209.9
2003-07-07,-209.9
2003-07-08,-209.91
2003-07-09,-209.92
2003-07-10,-209.93
2003-07-13,-209.95
2003-07-14,-209.96
2003-07-15,-209.96
2003-07-16,-209.97
2003-07-17,-209.98
2003-07-20,-210.01
2003-07-21,-210.02
2003-07-22,-210.03
2003-07-23,-210.04
2003-07-24,-210.04
2003-07-27,-210.07
2003-07-28,-210.08
2003-07-29,-210.09
2003-07-30,-210.1
2003-07-31,-210.1
2003-08-01,-210.11
2003-08-03,-210.13
2003-08-04,-210.14
2003-08-05,-210.15
2003-08-06,-210.16
2003-08-07,-210.17
2003-08-10,-210.19
2003-08-11,-210.2
2003-08-12,-210.21
2003-08-13,-210.22
2003-08-14,-210.23
2003-08-17,-210.26
2003-08-18,-210.27
2003-08-19,-210.28
2003-08-20,-210.29
2003-08-21,-210.3
2003-08-22,-210.35
2003-08-24,-210.33
2003-08-25,-210.34
2003-08-26,-210.35
2003-08-27,-210.36
2003-08-28,-210.37
2003-08-31,-210.4
2003-09-01,-210.41
2003-09-02,-210.42
2003-09-03,-210.43
2003-09-04,-210.44
2003-09-07,-210.48
2003-09-08,-210.49
2003-09-09,-210.5
2003-09-10,-210.51
2003-09-11,-210.51
2003-09-14,-210.55
2003-09-15,-210.56
2003-09-16,-210.57
2003-09-17,-210.57
2003-09-18,-210.58
2003-09-21,-210.61
2003-09-22,-210.62
2003-09-23,-210.63
2003-09-24,-210.64
2003-09-25,-210.65
2003-09-29,-210.69
2003-09-30,-210.7
2003-10-01,-210.7
2003-10-02,-210.71
2003-10-05,-210.73
2003-10-07,-210.75
2003-10-08,-210.76
2003-10-09,-210.76
2003-10-14,-210.8
2003-10-15,-210.81
2003-10-19,-210.85
2003-10-20,-210.85
2003-10-21,-210.85
2003-10-22,-210.85
2003-10-23,-210.86
2003-10-26,-210.88
2003-10-29,-210.9
2003-10-30,-210.9
2003-11-01,-210.92
2003-11-02,-210.93
2003-11-03,-210.94
2003-11-04,-210.95
2003-11-05,-210.95
2003-11-06,-210.96
2003-11-09,-210.97
2003-11-10,-210.97
2003-11-11,-210.96
2003-11-12,-210.96
2003-11-13,-210.96
2003-11-16,-210.97
2003-11-17,-210.98
2003-11-18,-210.99
2003-11-19,-210.99
2003-11-20,-210.99
2003-11-23,-211.0
2003-11-24,-211.02
2003-11-25,-211.03
2003-11-26,-211.04
2003-11-27,-211.04
2003-11-30,-211.06
2003-12-01,-211.06
2003-12-02,-211.06
2003-12-03,-211.06
2003-12-04,-211.06
2003-12-07,-211.04
2003-12-08,-211.04
2003-12-09,-211.04
2003-12-10,-211.03
2003-12-11,-211.03
2003-12-14,-211.03
2003-12-15,-211.04
2003-12-16,-211.05
2003-12-17,-211.06
2003-12-18,-211.06
2003-12-19,-211.04
2003-12-21,-211.04
2003-12-22,-211.04
2003-12-23,-211.04
2003-12-24,-211.04
2003-12-25,-211.05
2003-12-28,-211.02
2003-12-29,-211.03
2003-12-30,-211.03
2003-12-31,-211.03
2004-01-01,-211.02
2004-01-04,-211.03
2004-01-05,-211.03
2004-01-06,-211.03
2004-01-07,-211.02
2004-01-08,-210.98
2004-01-11,-210.95
2004-01-12,-210.94
2004-01-13,-210.92
2004-01-14,-210.89
2004-01-15,-210.81
2004-01-18,-210.75
2004-01-19,-210.75
2004-01-20,-210.74
2004-01-21,-210.73
2004-01-22,-210.72
2004-01-23,-210.71
2004-01-24,-210.56
2004-01-25,-210.39
2004-01-26,-210.31
2004-01-27,-210.18
2004-01-28,-210.05
2004-01-29,-210.01
2004-01-30,-209.98
2004-02-01,-209.93
2004-02-02,-209.9
2004-02-03,-209.87
2004-02-04,-209.85
2004-02-05,-209.83
2004-02-08,-209.79
2004-02-09,-209.78
2004-02-10,-209.77
2004-02-11,-209.75
2004-02-12,-209.74
2004-02-15,-209.67
2004-02-16,-209.61
2004-02-17,-209.55
2004-02-18,-209.5
2004-02-19,-209.45
2004-02-20,-209.39
2004-02-21,-209.35
2004-02-22,-209.32
2004-02-23,-209.28
2004-02-24,-209.25
2004-02-25,-209.22
2004-02-26,-209.19
2004-02-27,-209.17
2004-02-28,-209.15
2004-02-29,-209.135
2004-03-01,-209.125
2004-03-02,-209.1
2004-03-03,-209.08
2004-03-04,-209.07
2004-03-05,-209.055
2004-03-06,-209.05
2004-03-07,-209.035
2004-03-08,-209.02
2004-03-09,-209.01
2004-03-10,-209.0
2004-03-11,-208.99
2004-03-12,-208.98
2004-03-13,-208.97
2004-03-14,-208.96
2004-03-15,-208.96
2004-03-16,-208.95
2004-03-17,-208.945
2004-03-18,-208.94
2004-03-21,-208.93
2004-03-22,-208.925
2004-03-23,-208.92
2004-03-24,-208.92
2004-03-25,-208.91
2004-03-26,-208.91
2004-03-28,-208.91
2004-03-29,-208.9
2004-03-30,-208.895
2004-03-31,-208.89
2004-04-01,-208.89
2004-04-02,-208.89
2004-04-03,-208.885
2004-04-04,-208.88
2004-04-05,-208.88
2004-04-07,-208.87
2004-04-08,-208.865
2004-04-09,-208.86
2004-04-11,-208.86
2004-04-13,-208.865
2004-04-14,-208.87
2004-04-15,-208.87
2004-04-16,-208.875
2004-04-18,-208.88
2004-04-19,-208.89
2004-04-20,-208.89
2004-04-21,-208.89
2004-04-22,-208.89
2004-04-25,-208.895
2004-04-26,-208.895
2004-04-28,-208.905
2004-04-29,-208.91
2004-05-01,-208.92
2004-05-02,-208.92
2004-05-03,-208.92
2004-05-04,-208.92
2004-05-05,-208.925
2004-05-06,-208.925
2004-05-09,-208.94
2004-05-10,-208.94
2004-05-11,-208.95
2004-05-12,-208.955
2004-05-13,-208.96
2004-05-16,-208.985
2004-05-17,-208.99
2004-05-18,-208.995
2004-05-19,-208.985
2004-05-20,-208.98
2004-05-21,-208.995
2004-05-23,-209.005
2004-05-24,-209.01
2004-05-27,-209.035
2004-05-28,-209.04
2004-05-29,-209.045
2004-05-30,-209.05
2004-05-31,-209.055
2004-06-01,-209.06
2004-06-02,-209.07
2004-06-03,-209.08
2004-06-06,-209.1
2004-06-07,-209.11
2004-06-08,-209.12
2004-06-09,-209.13
2004-06-10,-209.14
2004-06-13,-209.175
2004-06-14,-209.18
2004-06-15,-209.185
2004-06-16,-209.195
2004-06-17,-209.2
2004-06-20,-209.23
2004-06-21,-209.24
2004-06-22,-209.245
2004-06-23,-209.25
2004-06-24,-209.26
2004-06-27,-209.3
2004-06-28,-209.31
2004-06-29,-209.32
2004-06-30,-209.33
2004-07-01,-209.34
2004-07-04,-209.37
2004-07-05,-209.38
2004-07-06,-209.39
2004-07-07,-209.395
2004-07-08,-209.4
2004-07-11,-209.44
2004-07-12,-209.45
2004-07-13,-209.46
2004-07-14,-209.47
2004-07-15,-209.48
2004-07-18,-209.525
2004-07-19,-209.54
2004-07-20,-209.55
2004-07-21,-209.565
2004-07-22,-209.58
2004-07-25,-209.62
2004-07-26,-209.635
2004-07-27,-209.65
2004-07-28,-209.66
2004-07-29,-209.665
2004-08-01,-209.7
2004-08-02,-209.715
2004-08-03,-209.73
2004-08-04,-209.74
2004-08-05,-209.76
2004-08-08,-209.8
2004-08-09,-209.81
2004-08-10,-209.825
2004-08-11,-209.835
2004-08-12,-209.845
2004-08-15,-209.88
2004-08-16,-209.895
2004-08-17,-209.905
2004-08-18,-209.915
2004-08-19,-209.93
2004-08-22,-209.965
2004-08-23,-209.98
2004-08-24,-209.99
2004-08-25,-210.0
2004-08-26,-210.015
2004-08-29,-210.05
2004-08-30,-210.06
2004-08-31,-210.07
2004-09-01,-210.08
2004-09-02,-210.09
2004-09-05,-210.13
2004-09-06,-210.145
2004-09-07,-210.16
2004-09-08,-210.17
2004-09-09,-210.18
2004-09-12,-210.22
2004-09-13,-210.235
2004-09-14,-210.245
2004-09-19,-210.31
2004-09-20,-210.32
2004-09-21,-210.33
2004-09-22,-210.34
2004-09-23,-210.35
2004-09-26,-210.38
2004-09-27,-210.39
2004-09-28,-210.395
2004-10-01,-210.42
2004-10-03,-210.44
2004-10-04,-210.45
2004-10-05,-210.47
2004-10-06,-210.48
2004-10-08,-210.5
2004-10-10,-210.52
2004-10-11,-210.535
2004-10-12,-210.54
2004-10-13,-210.55
2004-10-14,-210.56
2004-10-17,-210.58
2004-10-18,-210.59
2004-10-19,-210.595
2004-10-20,-210.6
2004-10-21,-210.61
2004-10-24,-210.64
2004-10-25,-210.65
2004-10-26,-210.655
2004-10-27,-210.66
2004-10-28,-210.67
2004-10-31,-210.68
2004-11-01,-210.69
2004-11-02,-210.7
2004-11-03,-210.71
2004-11-04,-210.72
2004-11-07,-210.74
2004-11-08,-210.745
2004-11-09,-210.75
2004-11-10,-210.75
2004-11-11,-210.76
2004-11-14,-210.78
2004-11-15,-210.79
2004-11-16,-210.8
2004-11-17,-210.81
2004-11-18,-210.8
2004-11-21,-210.81
2004-11-22,-210.805
2004-11-23,-210.8
2004-11-24,-210.8
2004-11-25,-210.8
2004-11-26,-210.79
2004-11-27,-210.79
2004-11-28,-210.79
2004-11-29,-210.8
2004-11-30,-210.8
2004-12-01,-210.805
2004-12-02,-210.81
2004-12-05,-210.82
2004-12-06,-210.82
2004-12-07,-210.82
2004-12-08,-210.81
2004-12-09,-210.8
2004-12-10,-210.8
2004-12-11,-210.805
2004-12-12,-210.81
2004-12-13,-210.815
2004-12-14,-210.82
2004-12-15,-210.82
2004-12-16,-210.82
2004-12-19,-210.83
2004-12-20,-210.84
2004-12-21,-210.86
2004-12-22,-210.86
2004-12-23,-210.855
2004-12-26,-210.85
2004-12-27,-210.85
2004-12-28,-210.845
2004-12-29,-210.84
2004-12-30,-210.84
2005-01-01,-210.84
2005-01-02,-210.845
2005-01-03,-210.84
2005-01-04,-210.84
2005-01-05,-210.84
2005-01-06,-210.82
2005-01-09,-210.82
2005-01-10,-210.83
2005-01-11,-210.82
2005-01-12,-210.81
2005-01-13,-210.805
2005-01-16,-210.78
2005-01-17,-210.775
2005-01-18,-210.77
2005-01-19,-210.75
2005-01-20,-210.72
2005-01-21,-210.71
2005-01-22,-210.7
2005-01-23,-210.68
2005-01-24,-210.66
2005-01-25,-210.64
2005-01-26,-210.63
2005-01-27,-210.62
2005-01-30,-210.59
2005-01-31,-210.57
2005-02-01,-210.56
2005-02-02,-210.53
2005-02-03,-210.51
2005-02-04,-210.49
2005-02-05,-210.41
2005-02-06,-210.34
2005-02-07,-210.26
2005-02-08,-210.2
2005-02-09,-210.14
2005-02-10,-210.1
2005-02-11,-210.07
2005-02-12,-210.04
2005-02-13,-210.01
2005-02-14,-209.99
2005-02-15,-209.97
2005-02-16,-209.96
2005-02-17,-209.94
2005-02-20,-209.9
2005-02-21,-209.88
2005-02-22,-209.86
2005-02-23,-209.85
2005-02-24,-209.84
2005-02-27,-209.79
2005-02-28,-209.78
2005-03-01,-209.77
2005-03-02,-209.76
2005-03-03,-209.75
2005-03-06,-209.73
2005-03-07,-209.73
2005-03-08,-209.72
2005-03-09,-209.71
2005-03-10,-209.7
2005-03-13,-209.68
2005-03-14,-209.67
2005-03-15,-209.66
2005-03-16,-209.65
2005-03-17,-209.655
2005-03-20,-209.65
2005-03-21,-209.64
2005-03-22,-209.64
2005-03-23,-209.63
2005-03-24,-209.63
2005-03-27,-209.64
2005-03-28,-209.64
2005-03-29,-209.64
2005-03-30,-209.64
2005-03-31,-209.64
2005-04-01,-209.64
2005-04-03,-209.65
2005-04-04,-209.65
2005-04-05,-209.64
2005-04-06,-209.64
2005-04-07,-209.65
2005-04-10,-209.66
2005-04-11,-209.66
2005-04-12,-209.66
2005-04-13,-209.67
2005-04-14,-209.67
2005-04-15,-209.67
2005-04-17,-209.68
2005-04-18,-209.69
2005-04-19,-209.69
2005-04-20,-209.695
2005-04-21,-209.7
2005-04-25,-209.7
2005-05-01,-209.73
2005-05-02,-209.73
2005-05-03,-209.74
2005-05-04,-209.75
2005-05-05,-209.745
2005-05-08,-209.76
2005-05-09,-209.77
2005-05-10,-209.77
2005-05-11,-209.77
2005-05-13,-209.78
2005-05-15,-209.8
2005-05-16,-209.81
2005-05-17,-209.81
2005-05-18,-209.82
2005-05-19,-209.82
2005-05-22,-209.85
2005-05-23,-209.86
2005-05-24,-209.87
2005-05-25,-209.87
2005-05-26,-209.89
2005-05-29,-209.92
2005-05-30,-209.93
2005-05-31,-209.94
2005-06-01,-209.95
2005-06-02,-209.96
2005-06-05,-209.99
2005-06-06,-210.0
2005-06-07,-210.0
2005-06-08,-210.01
2005-06-09,-210.01
2005-06-14,-210.07
2005-06-15,-210.09
2005-06-16,-210.1
2005-06-19,-210.14
2005-06-20,-210.145
2005-06-21,-210.155
2005-06-22,-210.16
2005-06-23,-210.17
2005-06-26,-210.2
2005-06-27,-210.22
2005-06-28,-210.23
2005-06-29,-210.24
2005-06-30,-210.26
2005-07-01,-210.27
2005-07-03,-210.3
2005-07-04,-210.31
2005-07-05,-210.32
2005-07-06,-210.34
2005-07-07,-210.35
2005-07-10,-210.39
2005-07-11,-210.4
2005-07-12,-210.41
2005-07-13,-210.425
2005-07-14,-210.44
2005-07-17,-210.48
2005-07-18,-210.495
2005-07-19,-210.505
2005-07-20,-210.515
2005-07-21,-210.52
2005-07-24,-210.56
2005-07-25,-210.58
2005-07-26,-210.59
2005-07-27,-210.6
2005-07-28,-210.61
2005-07-31,-210.65
2005-08-01,-210.66
2005-08-02,-210.675
2005-08-03,-210.69
2005-08-04,-210.705
2005-08-07,-210.74
2005-08-08,-210.76
2005-08-09,-210.78
2005-08-10,-210.8
2005-08-11,-210.815
2005-08-14,-210.85
2005-08-15,-210.865
2005-08-16,-210.88
2005-08-17,-210.89
2005-08-18,-210.905
2005-08-21,-210.945
2005-08-22,-210.96
2005-08-23,-210.975
2005-08-24,-210.985
2005-08-25,-211.0
2005-08-28,-211.045
2005-08-29,-211.06
2005-08-30,-211.065
2005-08-31,-211.075
2005-09-01,-211.085
2005-09-04,-211.125
2005-09-05,-211.135
2005-09-06,-211.15
2005-09-07,-211.16
2005-09-08,-211.17
2005-09-11,-211.205
2005-09-12,-211.21
2005-09-13,-211.22
2005-09-14,-211.23
2005-09-15,-211.24
2005-09-18,-211.27
2005-09-19,-211.28
2005-09-20,-211.29
2005-09-21,-211.295
2005-09-22,-211.3
2005-09-25,-211.34
2005-09-26,-211.345
2005-09-27,-211.35
2005-09-28,-211.36
2005-09-29,-211.37
2005-10-01,-211.39
2005-10-02,-211.395
2005-10-06,-211.44
2005-10-09,-211.46
2005-10-10,-211.465
2005-10-11,-211.47
2005-10-16,-211.525
2005-10-26,-211.61
2005-10-27,-211.61
2005-10-30,-211.635
2005-10-31,-211.635
2005-11-01,-211.635
2005-11-02,-211.64
2005-11-03,-211.64
2005-11-06,-211.655
2005-11-07,-211.65
2005-11-08,-211.65
2005-11-09,-211.65
2005-11-10,-211.65
2005-11-13,-211.66
2005-11-14,-211.67
2005-11-15,-211.68
2005-11-16,-211.68
2005-11-17,-211.685
2005-11-20,-211.7
2005-11-21,-211.7
2005-11-22,-211.7
2005-11-23,-211.705
2005-11-24,-211.71
2005-11-27,-211.72
2005-11-28,-211.71
2005-11-29,-211.71
2005-11-30,-211.71
2005-12-01,-211.71
2005-12-04,-211.725
2005-12-05,-211.725
2005-12-06,-211.725
2005-12-07,-211.725
2005-12-08,-211.73
2005-12-11,-211.74
2005-12-12,-211.74
2005-12-13,-211.74
2005-12-14,-211.745
2005-12-15,-211.745
2005-12-18,-211.73
2005-12-19,-211.73
2005-12-20,-211.73
2005-12-21,-211.725
2005-12-22,-211.725
2005-12-25,-211.65
2005-12-26,-211.64
2005-12-27,-211.64
2005-12-28,-211.64
2005-12-29,-211.64
2006-01-01,-211.65
2006-01-02,-211.66
2006-01-03,-211.67
2006-01-04,-211.67
2006-01-05,-211.67
2006-01-06,-211.66
2006-01-08,-211.66
2006-01-09,-211.655
2006-01-10,-211.64
2006-01-11,-211.63
2006-01-12,-211.62
2006-01-15,-211.6
2006-01-16,-211.59
2006-01-17,-211.58
2006-01-18,-211.575
2006-01-19,-211.56
2006-01-22,-211.54
2006-01-23,-211.535
2006-01-24,-211.525
2006-01-25,-211.52
2006-01-26,-211.5
2006-01-27,-211.47
2006-01-28,-211.445
2006-01-29,-211.43
2006-01-30,-211.42
2006-01-31,-211.41
2006-02-01,-211.4
2006-02-02,-211.395
2006-02-03,-211.38
2006-02-05,-211.36
2006-02-06,-211.35
2006-02-07,-211.34
2006-02-08,-211.33
2006-02-09,-211.32
2006-02-10,-211.24
2006-02-11,-211.22
2006-02-12,-211.2
2006-02-13,-211.19
2006-02-14,-211.175
2006-02-15,-211.15
2006-02-16,-211.14
2006-02-17,-211.11
2006-02-19,-211.09
2006-02-21,-211.06
2006-02-22,-211.05
2006-02-23,-211.04
2006-02-26,-211.02
2006-02-27,-211.01
2006-02-28,-211.0
2006-03-01,-210.99
2006-03-02,-210.98
2006-03-05,-210.97
2006-03-06,-210.965
2006-03-07,-210.96
2006-03-08,-210.955
2006-03-09,-210.95
2006-03-12,-210.94
2006-03-13,-210.93
2006-03-15,-210.92
2006-03-16,-210.915
2006-03-19,-210.905
2006-03-20,-210.9
2006-03-21,-210.9
2006-03-22,-210.895
2006-03-23,-210.89
2006-03-26,-210.89
2006-03-27,-210.885
2006-03-29,-210.87
2006-03-30,-210.865
2006-04-01,-210.86
2006-04-02,-210.85
2006-04-03,-210.845
2006-04-04,-210.845
2006-04-05,-210.835
2006-04-06,-210.83
2006-04-09,-210.81
2006-04-10,-210.805
2006-04-11,-210.8
2006-04-14,-210.78
2006-04-17,-210.765
2006-04-18,-210.76
2006-04-20,-210.76
2006-04-23,-210.75
2006-04-24,-210.75
2006-04-25,-210.745
2006-04-26,-210.71
2006-04-27,-210.7
2006-04-30,-210.69
2006-05-01,-210.68
2006-05-02,-210.675
2006-05-04,-210.675
2006-05-07,-210.675
2006-05-08,-210.68
2006-05-09,-210.68
2006-05-10,-210.685
2006-05-11,-210.69
2006-05-14,-210.69
2006-05-15,-210.69
2006-05-16,-210.695
2006-05-17,-210.695
2006-05-18,-210.695
2006-05-21,-210.705
2006-05-22,-210.71
2006-05-23,-210.71
2006-05-24,-210.72
2006-05-25,-210.725
2006-05-28,-210.74
2006-05-29,-210.74
2006-05-30,-210.74
2006-05-31,-210.74
2006-06-01,-210.75
2006-06-04,-210.77
2006-06-05,-210.77
2006-06-06,-210.775
2006-06-07,-210.78
2006-06-08,-210.79
2006-06-11,-210.825
2006-06-12,-210.83
2006-06-13,-210.84
2006-06-14,-210.845
2006-06-15,-210.85
2006-06-18,-210.875
2006-06-19,-210.88
2006-06-20,-210.89
2006-06-21,-210.9
2006-06-22,-210.905
2006-06-25,-210.93
2006-06-26,-210.94
2006-06-27,-210.945
2006-06-28,-210.95
2006-06-29,-210.96
2006-07-01,-210.98
2006-07-02,-210.99
2006-07-03,-210.995
2006-07-04,-211.0
2006-07-05,-211.005
2006-07-06,-211.02
2006-07-09,-211.05
2006-07-10,-211.06
2006-07-11,-211.07
2006-07-12,-211.08
2006-07-13,-211.09
2006-07-16,-211.13
2006-07-17,-211.14
2006-07-19,-211.15
2006-07-21,-211.17
2006-07-23,-211.19
2006-07-24,-211.2
2006-07-25,-211.21
2006-07-27,-211.23
2006-07-28,-211.24
2006-07-30,-211.27
2006-07-31,-211.275
2006-08-01,-211.285
2006-08-02,-211.29
2006-08-03,-211.3
2006-08-06,-211.335
2006-08-07,-211.34
2006-08-08,-211.35
2006-08-09,-211.36
2006-08-10,-211.37
2006-08-13,-211.41
2006-08-14,-211.42
2006-08-15,-211.43
2006-08-16,-211.44
2006-08-17,-211.45
2006-08-20,-211.48
2006-08-21,-211.485
2006-08-22,-211.495
2006-08-23,-211.5
2006-08-24,-211.505
2006-08-27,-211.54
2006-08-28,-211.55
2006-08-29,-211.56
2006-08-30,-211.57
2006-08-31,-211.58
2006-09-01,-211.6
2006-09-03,-211.63
2006-09-04,-211.635
2006-09-05,-211.645
2006-09-06,-211.65
2006-09-07,-211.66
2006-09-10,-211.7
2006-09-11,-211.71
2006-09-12,-211.72
2006-09-13,-211.73
2006-09-14,-211.74
2006-09-17,-211.78
2006-09-18,-211.785
2006-09-19,-211.795
2006-09-20,-211.8
2006-09-21,-211.81
2006-09-25,-211.86
2006-09-26,-211.87
2006-09-27,-211.88
2006-09-28,-211.89
2006-10-01,-211.91
2006-10-03,-211.93
2006-10-04,-211.94
2006-10-05,-211.95
2006-10-10,-211.99
2006-10-13,-212.0
2006-10-15,-212.02
2006-10-16,-212.02
2006-10-17,-212.02
2006-10-18,-212.03
2006-10-19,-212.03
2006-10-22,-212.05
2006-10-23,-212.055
2006-10-24,-212.06
2006-10-25,-212.06
2006-10-26,-212.065
2006-10-29,-212.03
2006-10-30,-212.03
2006-10-31,-212.03
2006-11-01,-212.03
2006-11-02,-212.035
2006-11-05,-212.04
2006-11-06,-212.045
2006-11-07,-212.05
2006-11-08,-212.05
2006-11-09,-212.055
2006-11-12,-212.06
2006-11-13,-212.065
2006-11-15,-212.06
2006-11-16,-212.06
2006-11-19,-212.07
2006-11-20,-212.07
2006-11-21,-212.08
2006-11-22,-212.09
2006-11-23,-212.09
2006-11-26,-212.105
2006-11-27,-212.11
2006-11-28,-212.11
2006-11-29,-212.11
2006-11-30,-212.11
2006-12-01,-212.12
2006-12-03,-212.12
2006-12-04,-212.14
2006-12-05,-212.14
2006-12-06,-212.145
2006-12-07,-212.15
2006-12-10,-212.165
2006-12-11,-212.165
2006-12-12,-212.165
2006-12-13,-212.165
2006-12-14,-212.17
2006-12-17,-212.18
2006-12-18,-212.18
2006-12-19,-212.185
2006-12-20,-212.19
2006-12-21,-212.19
2006-12-24,-212.195
2006-12-25,-212.2
2006-12-26,-212.2
2006-12-27,-212.18
2006-12-28,-212.18
2006-12-31,-212.18
2007-01-01,-212.178
2007-01-02,-212.175
2007-01-03,-212.18
2007-01-04,-212.18
2007-01-07,-212.13
2007-01-08,-212.105
2007-01-09,-212.1
2007-01-10,-212.1
2007-01-11,-212.095
2007-01-14,-212.09
2007-01-15,-212.09
2007-01-16,-212.09
2007-01-17,-212.09
2007-01-18,-212.09
2007-01-21,-212.06
2007-01-22,-212.045
2007-01-23,-212.04
2007-01-24,-212.04
2007-01-25,-212.04
2007-01-28,-212.03
2007-01-29,-212.03
2007-01-30,-212.03
2007-01-31,-212.02
2007-02-01,-212.01
2007-02-04,-212.0
2007-02-05,-211.98
2007-02-06,-211.95
2007-02-07,-211.9
2007-02-08,-211.87
2007-02-09,-211.85
2007-02-11,-211.825
2007-02-12,-211.81
2007-02-13,-211.795
2007-02-14,-211.78
2007-02-15,-211.75
2007-02-16,-211.71
2007-02-17,-211.69
2007-02-18,-211.68
2007-02-19,-211.66
2007-02-20,-211.65
2007-02-21,-211.64
2007-02-22,-211.635
2007-02-25,-211.62
2007-02-26,-211.6
2007-02-27,-211.55
2007-02-28,-211.535
2007-03-01,-211.52
2007-03-05,-211.48
2007-03-06,-211.46
2007-03-07,-211.45
2007-03-08,-211.44
2007-03-11,-211.43
2007-03-12,-211.42
2007-03-13,-211.41
2007-03-14,-211.4
2007-03-15,-211.38
2007-03-16,-211.34
2007-03-18,-211.3
2007-03-19,-211.29
2007-03-20,-211.28
2007-03-21,-211.27
2007-03-22,-211.26
2007-03-25,-211.23
2007-03-26,-211.22
2007-03-27,-211.21
2007-03-28,-211.2
2007-03-29,-211.195
2007-04-01,-211.18
2007-04-04,-211.145
2007-04-06,-211.13
2007-04-08,-211.12
2007-04-10,-211.11
2007-04-11,-211.1
2007-04-12,-211.1
2007-04-15,-211.09
2007-04-16,-211.08
2007-04-17,-211.075
2007-04-18,-211.075
2007-04-19,-211.07
2007-04-22,-211.06
2007-04-23,-211.06
2007-04-25,-211.06
2007-04-26,-211.06
2007-04-29,-211.06
2007-04-30,-211.065
2007-05-01,-211.068
2007-05-02,-211.063
2007-05-03,-211.06
2007-05-06,-211.07
2007-05-07,-211.075
2007-05-08,-211.08
2007-05-09,-211.08
2007-05-11,-211.08
2007-05-13,-211.095
2007-05-14,-211.1
2007-05-15,-211.1
2007-05-16,-211.1
2007-05-17,-211.1
2007-05-19,-211.1
2007-05-20,-211.1
2007-05-21,-211.11
2007-05-24,-211.12
2007-05-27,-211.14
2007-05-28,-211.15
2007-05-29,-211.15
2007-05-30,-211.15
2007-05-31,-211.16
2007-06-01,-211.17
2007-06-03,-211.18
2007-06-04,-211.18
2007-06-05,-211.19
2007-06-06,-211.19
2007-06-07,-211.2
2007-06-10,-211.23
2007-06-11,-211.24
2007-06-12,-211.24
2007-06-13,-211.25
2007-06-14,-211.26
2007-06-17,-211.29
2007-06-18,-211.3
2007-06-19,-211.31
2007-06-21,-211.32
2007-06-24,-211.34
2007-06-26,-211.36
2007-06-28,-211.38
2007-07-01,-211.42
2007-07-02,-211.43
2007-07-03,-211.44
2007-07-04,-211.45
2007-07-05,-211.46
2007-07-08,-211.5
2007-07-09,-211.51
2007-07-10,-211.52
2007-07-11,-211.53
2007-07-12,-211.54
2007-07-15,-211.575
2007-07-16,-211.585
2007-07-17,-211.6
2007-07-18,-211.61
2007-07-19,-211.615
2007-07-22,-211.645
2007-07-23,-211.66
2007-07-24,-211.675
2007-07-25,-211.68
2007-07-26,-211.685
2007-07-29,-211.72
2007-07-30,-211.73
2007-07-31,-211.74
2007-08-01,-211.75
2007-08-02,-211.755
2007-08-05,-211.795
2007-08-06,-211.81
2007-08-07,-211.82
2007-08-08,-211.83
2007-08-09,-211.85
2007-08-12,-211.89
2007-08-13,-211.9
2007-08-14,-211.91
2007-08-15,-211.92
2007-08-16,-211.93
2007-08-19,-211.965
2007-08-20,-211.975
2007-08-21,-211.985
2007-08-22,-211.995
2007-08-23,-212.0
2007-08-26,-212.03
2007-08-27,-212.04
2007-08-28,-212.045
2007-08-29,-212.055
2007-08-30,-212.06
2007-09-02,-212.09
2007-09-03,-212.1
2007-09-04,-212.11
2007-09-05,-212.12
2007-09-06,-212.13
2007-09-09,-212.16
2007-09-10,-212.17
2007-09-11,-212.18
2007-09-16,-212.23
2007-09-17,-212.24
2007-09-18,-212.245
2007-09-19,-212.25
2007-09-20,-212.26
2007-09-23,-212.29
2007-09-24,-212.3
2007-09-25,-212.305
2007-09-28,-212.33
2007-09-30,-212.35
2007-10-01,-212.36
2007-10-02,-212.36
2007-10-05,-212.375
2007-10-07,-212.39
2007-10-08,-212.4
2007-10-09,-212.41
2007-10-10,-212.415
2007-10-11,-212.42
2007-10-12,-212.43
2007-10-14,-212.44
2007-10-15,-212.445
2007-10-16,-212.45
2007-10-17,-212.46
2007-10-18,-212.465
2007-10-21,-212.49
2007-10-22,-212.495
2007-10-23,-212.5
2007-10-24,-212.5
2007-10-25,-212.505
2007-10-28,-212.53
2007-10-29,-212.54
2007-10-30,-212.545
2007-11-01,-212.55
2007-11-04,-212.565
2007-11-05,-212.57
2007-11-06,-212.57
2007-11-07,-212.58
2007-11-08,-212.585
2007-11-11,-212.6
2007-11-12,-212.61
2007-11-13,-212.615
2007-11-14,-212.62
2007-11-15,-212.62
2007-11-18,-212.64
2007-11-19,-212.64
2007-11-20,-212.635
2007-11-21,-212.63
2007-11-22,-212.63
2007-11-25,-212.635
2007-11-26,-212.635
2007-11-27,-212.64
2007-11-28,-212.64
2007-11-29,-212.64
2007-12-02,-212.64
2007-12-03,-212.64
2007-12-04,-212.645
2007-12-05,-212.64
2007-12-06,-212.635
2007-12-08,-212.61
2007-12-09,-212.61
2007-12-10,-212.61
2007-12-11,-212.61
2007-12-12,-212.61
2007-12-13,-212.61
2007-12-15,-212.59
2007-12-16,-212.59
2007-12-17,-212.59
2007-12-18,-212.58
2007-12-19,-212.58
2007-12-20,-212.58
2007-12-23,-212.59
2007-12-24,-212.6
2007-12-25,-212.6
2007-12-26,-212.6
2007-12-27,-212.595
2007-12-30,-212.59
2007-12-31,-212.59
2008-01-01,-212.59
2008-01-02,-212.595
2008-01-03,-212.585
2008-01-06,-212.555
2008-01-07,-212.55
2008-01-08,-212.54
2008-01-09,-212.54
2008-01-10,-212.54
2008-01-13,-212.53
2008-01-14,-212.53
2008-01-15,-212.53
2008-01-16,-212.53
2008-01-17,-212.53
2008-01-20,-212.53
2008-01-21,-212.535
2008-01-22,-212.54
2008-01-23,-212.53
2008-01-24,-212.53
2008-01-27,-212.52
2008-01-28,-212.51
2008-01-29,-212.5
2008-01-30,-212.46
2008-01-31,-212.43
2008-02-03,-212.41
2008-02-04,-212.4
2008-02-05,-212.39
2008-02-06,-212.39
2008-02-07,-212.39
2008-02-10,-212.38
2008-02-11,-212.37
2008-02-12,-212.36
2008-02-13,-212.33
2008-02-14,-212.31
2008-02-15,-212.28
2008-02-17,-212.265
2008-02-18,-212.255
2008-02-19,-212.24
2008-02-20,-212.23
2008-02-21,-212.22
2008-02-24,-212.19
2008-02-25,-212.18
2008-02-26,-212.175
2008-02-27,-212.165
2008-02-28,-212.16
2008-03-01,-212.15
2008-03-02,-212.14
2008-03-03,-212.13
2008-03-04,-212.12
2008-03-05,-212.115
2008-03-06,-212.11
2008-03-09,-212.1
2008-03-10,-212.09
2008-03-11,-212.08
2008-03-12,-212.08
2008-03-13,-212.075
2008-03-16,-212.065
2008-03-17,-212.06
2008-03-18,-212.06
2008-03-19,-212.06
2008-03-20,-212.06
2008-03-23,-212.06
2008-03-24,-212.06
2008-03-25,-212.05
2008-03-26,-212.055
2008-03-27,-212.06
2008-03-30,-212.065
2008-03-31,-212.06
2008-04-01,-212.06
2008-04-02,-212.06
2008-04-03,-212.055
2008-04-06,-212.07
2008-04-07,-212.07
2008-04-08,-212.07
2008-04-09,-212.075
2008-04-10,-212.075
2008-04-13,-212.08
2008-04-14,-212.08
2008-04-15,-212.08
2008-04-16,-212.09
2008-04-17,-212.1
2008-04-21,-212.12
2008-04-22,-212.12
2008-04-23,-212.125
2008-04-24,-212.13
2008-04-27,-212.16
2008-04-28,-212.16
2008-04-29,-212.16
2008-04-30,-212.17
2008-05-01,-212.18
2008-05-04,-212.22
2008-05-05,-212.23
2008-05-06,-212.24
2008-05-07,-212.25
2008-05-11,-212.3
2008-05-12,-212.3
2008-05-13,-212.305
2008-05-14,-212.31
2008-05-15,-212.315
2008-05-18,-212.36
2008-05-19,-212.37
2008-05-20,-212.38
2008-05-21,-212.385
2008-05-22,-212.395
2008-05-25,-212.44
2008-05-26,-212.45
2008-05-27,-212.465
2008-05-28,-212.47
2008-05-29,-212.48
2008-06-01,-212.52
2008-06-02,-212.53
2008-06-03,-212.54
2008-06-04,-212.55
2008-06-05,-212.56
2008-06-08,-212.6
2008-06-10,-212.64
2008-06-11,-212.645
2008-06-12,-212.65
2008-06-15,-212.7
2008-06-16,-212.71
2008-06-17,-212.725
2008-06-18,-212.74
2008-06-19,-212.75
2008-06-22,-212.79
2008-06-23,-212.8
2008-06-24,-212.81
2008-06-25,-212.82
2008-06-26,-212.83
2008-06-29,-212.88
2008-06-30,-212.89
2008-07-01,-212.9
2008-07-02,-212.92
2008-07-03,-212.935
2008-07-06,-212.98
2008-07-07,-213.0
2008-07-08,-213.005
2008-07-09,-213.015
2008-07-10,-213.025
2008-07-13,-213.07
2008-07-14,-213.08
2008-07-15,-213.095
2008-07-16,-213.11
2008-07-17,-213.12
2008-07-20,-213.165
2008-07-21,-213.175
2008-07-22,-213.19
2008-07-23,-213.2
2008-07-24,-213.21
2008-07-27,-213.26
2008-07-28,-213.27
2008-07-29,-213.29
2008-07-30,-213.3
2008-07-31,-213.31
2008-08-03,-213.35
2008-08-04,-213.37
2008-08-05,-213.38
2008-08-06,-213.39
2008-08-07,-213.41
2008-08-10,-213.45
2008-08-11,-213.46
2008-08-12,-213.47
2008-08-13,-213.48
2008-08-14,-213.49
2008-08-17,-213.55
2008-08-18,-213.56
2008-08-19,-213.565
2008-08-20,-213.57
2008-08-21,-213.58
2008-08-24,-213.63
2008-08-25,-213.64
2008-08-26,-213.65
2008-08-27,-213.66
2008-08-28,-213.67
2008-08-31,-213.705
2008-09-01,-213.71
2008-09-02,-213.72
2008-09-03,-213.735
2008-09-04,-213.74
2008-09-07,-213.775
2008-09-08,-213.79
2008-09-09,-213.8
2008-09-10,-213.815
2008-09-11,-213.83
2008-09-14,-213.87
2008-09-15,-213.88
2008-09-16,-213.89
2008-09-17,-213.9
2008-09-18,-213.91
2008-09-21,-213.94
2008-09-22,-213.95
2008-09-23,-213.96
2008-09-24,-213.97
2008-09-25,-213.98
2008-09-28,-214.02
2008-10-02,-214.06
2008-10-05,-214.08
2008-10-06,-214.09
2008-10-07,-214.1
2008-10-12,-214.16
2008-10-15,-214.18
2008-10-19,-214.21
2008-10-22,-214.22
2008-10-23,-214.225
2008-10-26,-214.245
2008-10-27,-214.245
2008-10-28,-214.23
2008-10-29,-214.225
2008-10-30,-214.22
2008-11-02,-214.23
2008-11-03,-214.24
2008-11-04,-214.25
2008-11-05,-214.26
2008-11-06,-214.27
2008-11-09,-214.29
2008-11-10,-214.29
2008-11-11,-214.3
2008-11-12,-214.305
2008-11-13,-214.31
2008-11-16,-214.305
2008-11-17,-214.31
2008-11-18,-214.315
2008-11-20,-214.325
2008-11-23,-214.34
2008-11-24,-214.34
2008-11-25,-214.34
2008-11-26,-214.34
2008-11-27,-214.34
2008-11-30,-214.35
2008-12-01,-214.35
2008-12-02,-214.35
2008-12-07,-214.39
2008-12-08,-214.39
2008-12-09,-214.39
2008-12-10,-214.39
2008-12-11,-214.39
2008-12-14,-214.41
2008-12-15,-214.41
2008-12-16,-214.41
2008-12-17,-214.41
2008-12-18,-214.41
2008-12-21,-214.43
2008-12-22,-214.43
2008-12-23,-214.43
2008-12-24,-214.42
2008-12-25,-214.39
2008-12-28,-214.41
2008-12-29,-214.4
2008-12-30,-214.39
2008-12-31,-214.37
2009-01-01,-214.37
2009-01-04,-214.38
2009-01-05,-214.38
2009-01-06,-214.38
2009-01-07,-214.38
2009-01-08,-214.38
2009-01-11,-214.38
2009-01-12,-214.38
2009-01-13,-214.39
2009-01-14,-214.4
2009-01-15,-214.4
2009-01-18,-214.4
2009-01-19,-214.39
2009-01-20,-214.38
2009-01-21,-214.38
2009-01-22,-214.38
2009-01-25,-214.37
2009-01-26,-214.37
2009-01-27,-214.37
2009-01-28,-214.37
2009-01-29,-214.37
2009-02-01,-214.35
2009-02-02,-214.34
2009-02-03,-214.33
2009-02-04,-214.33
2009-02-05,-214.33
2009-02-06,-214.32
2009-02-08,-214.31
2009-02-09,-214.31
2009-02-11,-214.28
2009-02-12,-214.26
2009-02-15,-214.25
2009-02-16,-214.25
2009-02-17,-214.24
2009-02-18,-214.235
2009-02-19,-214.23
2009-02-22,-214.19
2009-02-23,-214.17
2009-02-24,-214.16
2009-02-25,-214.15
2009-02-26,-214.14
2009-03-01,-213.93
2009-03-02,-213.84
2009-03-03,-213.8
2009-03-04,-213.73
2009-03-05,-213.7
2009-03-06,-213.67
2009-03-08,-213.63
2009-03-09,-213.62
2009-03-11,-213.585
2009-03-12,-213.57
2009-03-15,-213.55
2009-03-16,-213.53
2009-03-17,-213.52
2009-03-18,-213.51
2009-03-19,-213.5
2009-03-22,-213.48
2009-03-23,-213.47
2009-03-24,-213.46
2009-03-25,-213.45
2009-03-26,-213.44
2009-03-29,-213.42
2009-03-30,-213.41
2009-03-31,-213.4
2009-04-01,-213.395
2009-04-02,-213.38
2009-04-05,-213.365
2009-04-06,-213.36
2009-04-07,-213.35
2009-04-10,-213.34
2009-04-12,-213.32
2009-04-14,-213.31
2009-04-16,-213.3
2009-04-19,-213.29
2009-04-20,-213.28
2009-04-21,-213.275
2009-04-22,-213.27
2009-04-23,-213.27
2009-04-26,-213.27
2009-04-27,-213.27
2009-04-28,-213.26
2009-04-30,-213.26
2009-05-03,-213.26
2009-05-05,-213.27
2009-05-06,-213.27
2009-05-07,-213.27
2009-05-10,-213.27
2009-05-11,-213.27
2009-05-12,-213.27
2009-05-13,-213.27
2009-05-14,-213.27
2009-05-17,-213.275
2009-05-18,-213.28
2009-05-19,-213.28
2009-05-21,-213.28
2009-05-24,-213.295
2009-05-25,-213.3
2009-05-26,-213.3
2009-05-27,-213.305
2009-05-31,-213.325
2009-06-01,-213.33
2009-06-02,-213.335
2009-06-03,-213.34
2009-06-04,-213.34
2009-06-07,-213.36
2009-06-08,-213.365
2009-06-09,-213.37
2009-06-10,-213.375
2009-06-11,-213.375
2009-06-14,-213.395
2009-06-15,-213.4
2009-06-16,-213.4
2009-06-17,-213.405
2009-06-18,-213.415
2009-06-21,-213.44
2009-06-22,-213.44
2009-06-23,-213.445
2009-06-24,-213.45
2009-06-25,-213.45
2009-06-28,-213.465
2009-06-29,-213.48
2009-06-30,-213.485
2009-07-01,-213.49
2009-07-02,-213.5
2009-07-05,-213.53
2009-07-06,-213.54
2009-07-07,-213.55
2009-07-08,-213.56
2009-07-09,-213.57
2009-07-12,-213.59
2009-07-13,-213.6
2009-07-14,-213.6
2009-07-15,-213.61
2009-07-16,-213.62
2009-07-19,-213.645
2009-07-20,-213.66
2009-07-21,-213.665
2009-07-22,-213.67
2009-07-23,-213.68
2009-07-26,-213.71
2009-07-27,-213.72
2009-07-28,-213.725
2009-07-29,-213.73
2009-07-30,-213.74
2009-08-02,-213.76
2009-08-03,-213.77
2009-08-04,-213.775
2009-08-05,-213.78
2009-08-06,-213.79
2009-08-09,-213.83
2009-08-10,-213.84
2009-08-11,-213.85
2009-08-12,-213.86
2009-08-13,-213.87
2009-08-16,-213.9
2009-08-17,-213.91
2009-08-18,-213.92
2009-08-19,-213.925
2009-08-20,-213.93
2009-08-23,-213.95
2009-08-24,-213.96
2009-08-25,-213.965
2009-08-26,-213.97
2009-08-27,-213.98
2009-08-30,-214.01
2009-08-31,-214.02
2009-09-01,-214.03
2009-09-02,-214.04
2009-09-03,-214.045
2009-09-06,-214.08
2009-09-07,-214.085
2009-09-08,-214.1
2009-09-09,-214.105
2009-09-10,-214.11
2009-09-13,-214.13
2009-09-14,-214.14
2009-09-15,-214.145
2009-09-16,-214.16
2009-09-17,-214.16
2009-09-21,-214.19
2009-09-22,-214.195
2009-09-23,-214.2
2009-09-24,-214.2
2009-09-27,-214.22
2009-09-29,-214.23
2009-09-30,-214.23
2009-10-01,-214.24
2009-10-02,-214.25
2009-10-03,-214.25
2009-10-04,-214.25
2009-10-05,-214.26
2009-10-06,-214.26
2009-10-07,-214.26
2009-10-08,-214.27
2009-10-09,-214.27
2009-10-10,-214.28
2009-10-11,-214.29
2009-10-12,-214.29
2009-10-13,-214.3
2009-10-14,-214.3
2009-10-15,-214.31
2009-10-16,-214.3
2009-10-17,-214.3
2009-10-18,-214.32
2009-10-19,-214.32
2009-10-20,-214.325
2009-10-21,-214.325
2009-10-22,-214.33
2009-10-23,-214.33
2009-10-24,-214.33
2009-10-25,-214.365
2009-10-26,-214.365
2009-10-27,-214.36
2009-10-28,-214.37
2009-10-29,-214.37
2009-10-30,-214.36
2009-10-31,-214.33
2009-11-01,-214.33
2009-11-02,-214.33
2009-11-03,-214.3
2009-11-04,-214.29
2009-11-05,-214.29
2009-11-08,-214.28
2009-11-09,-214.29
2009-11-10,-214.29
2009-11-11,-214.29
2009-11-12,-214.29
2009-11-13,-214.29
2009-11-14,-214.29
2009-11-15,-214.29
2009-11-16,-214.29
2009-11-17,-214.29
2009-11-18,-214.29
2009-11-19,-214.29
2009-11-20,-214.31
2009-11-22,-214.3
2009-11-23,-214.3
2009-11-24,-214.3
2009-11-25,-214.3
2009-11-26,-214.3
2009-11-29,-214.31
2009-11-30,-214.31
2009-12-01,-214.31
2009-12-02,-214.31
2009-12-03,-214.31
2009-12-04,-214.31
2009-12-05,-214.31
2009-12-06,-214.31
2009-12-08,-214.3
2009-12-09,-214.29
2009-12-10,-214.28
2009-12-11,-214.28
2009-12-12,-214.28
2009-12-13,-214.28
2009-12-14,-214.26
2009-12-15,-214.26
2009-12-16,-214.25
2009-12-17,-214.25
2009-12-18,-214.22
2009-12-19,-214.14
2009-12-20,-214.13
2009-12-21,-214.12
2009-12-22,-214.11
2009-12-23,-214.1
2009-12-24,-214.09
2009-12-25,-214.08
2009-12-26,-214.07
2009-12-27,-214.06
2009-12-28,-214.05
2009-12-29,-214.04
2009-12-30,-214.035
2009-12-31,-214.01
2010-01-01,-214.0
2010-01-02,-213.99
2010-01-03,-213.99
2010-01-04,-213.98
2010-01-05,-213.98
2010-01-06,-213.97
2010-01-07,-213.97
2010-01-08,-213.97
2010-01-09,-213.96
2010-01-10,-213.96
2010-01-11,-213.95
2010-01-12,-213.95
2010-01-13,-213.95
2010-01-14,-213.94
2010-01-15,-213.94
2010-01-16,-213.94
2010-01-17,-213.94
2010-01-18,-213.92
2010-01-19,-213.88
2010-01-20,-213.83
2010-01-21,-213.74
2010-01-22,-213.67
2010-01-23,-213.65
2010-01-24,-213.63
2010-01-25,-213.59
2010-01-26,-213.52
2010-01-27,-213.48
2010-01-28,-213.46
2010-01-29,-213.44
2010-01-30,-213.42
2010-01-31,-213.4
2010-02-01,-213.38
2010-02-02,-213.365
2010-02-03,-213.355
2010-02-04,-213.34
2010-02-07,-213.31
2010-02-08,-213.3
2010-02-09,-213.28
2010-02-10,-213.265
2010-02-11,-213.25
2010-02-14,-213.22
2010-02-15,-213.21
2010-02-16,-213.2
2010-02-17,-213.19
2010-02-18,-213.18
2010-02-21,-213.16
2010-02-22,-213.15
2010-02-23,-213.14
2010-02-24,-213.13
2010-02-25,-213.12
2010-02-26,-213.11
2010-02-27,-213.07
2010-02-28,-213.04
2010-03-01,-213.01
2010-03-02,-212.98
2010-03-03,-212.96
2010-03-04,-212.94
2010-03-07,-212.885
2010-03-08,-212.87
2010-03-09,-212.86
2010-03-10,-212.85
2010-03-11,-212.84
2010-03-14,-212.81
2010-03-15,-212.8
2010-03-16,-212.8
2010-03-17,-212.79
2010-03-18,-212.78
2010-03-21,-212.76
2010-03-22,-212.76
2010-03-23,-212.76
2010-03-24,-212.75
2010-03-25,-212.745
2010-03-26,-212.74
2010-03-27,-212.735
2010-03-28,-212.73
2010-03-29,-212.72
2010-03-30,-212.715
2010-03-31,-212.71
2010-04-01,-212.705
2010-04-02,-212.7
2010-04-03,-212.69
2010-04-04,-212.685
2010-04-05,-212.675
2010-04-06,-212.67
2010-04-07,-212.67
2010-04-08,-212.67
2010-04-11,-212.665
2010-04-12,-212.66
2010-04-13,-212.66
2010-04-15,-212.66
2010-04-18,-212.66
2010-04-19,-212.66
2010-04-21,-212.66
2010-04-22,-212.66
2010-04-25,-212.66
2010-04-26,-212.66
2010-04-27,-212.66
2010-04-28,-212.66
2010-04-29,-212.66
2010-04-30,-212.65
2010-05-01,-212.65
2010-05-02,-212.655
2010-05-03,-212.655
2010-05-04,-212.66
2010-05-05,-212.66
2010-05-06,-212.66
2010-05-07,-212.66
2010-05-08,-212.66
2010-05-09,-212.66
2010-05-10,-212.66
2010-05-11,-212.67
2010-05-12,-212.67
2010-05-13,-212.67
2010-05-14,-212.67
2010-05-15,-212.68
2010-05-16,-212.68
2010-05-17,-212.685
2010-05-18,-212.69
2010-05-20,-212.7
2010-05-21,-212.71
2010-05-22,-212.715
2010-05-23,-212.72
2010-05-24,-212.73
2010-05-25,-212.73
2010-05-26,-212.74
2010-05-27,-212.74
2010-05-28,-212.74
2010-05-29,-212.75
2010-05-30,-212.755
2010-05-31,-212.76
2010-06-01,-212.76
2010-06-02,-212.76
2010-06-03,-212.76
2010-06-04,-212.77
2010-06-06,-212.785
2010-06-07,-212.79
2010-06-08,-212.795
2010-06-09,-212.8
2010-06-10,-212.81
2010-06-11,-212.82
2010-06-12,-212.825
2010-06-13,-212.83
2010-06-14,-212.835
2010-06-15,-212.84
2010-06-16,-212.85
2010-06-17,-212.85
2010-06-20,-212.87
2010-06-21,-212.875
2010-06-22,-212.88
2010-06-23,-212.89
2010-06-24,-212.9
2010-06-25,-212.91
2010-06-26,-212.92
2010-06-27,-212.93
2010-06-28,-212.94
2010-06-29,-212.945
2010-06-30,-212.95
2010-07-01,-212.96
2010-07-04,-212.99
2010-07-05,-212.995
2010-07-06,-213.0
2010-07-07,-213.01
2010-07-08,-213.02
2010-07-11,-213.04
2010-07-12,-213.045
2010-07-13,-213.05
2010-07-14,-213.06
2010-07-15,-213.07
2010-07-18,-213.1
2010-07-19,-213.11
2010-07-20,-213.115
2010-07-21,-213.12
2010-07-22,-213.13
2010-07-25,-213.16
2010-07-26,-213.165
2010-07-27,-213.175
2010-07-28,-213.18
2010-07-29,-213.19
2010-07-30,-213.2
2010-07-31,-213.205
2010-08-01,-213.22
2010-08-02,-213.225
2010-08-03,-213.23
2010-08-04,-213.235
2010-08-05,-213.24
2010-08-06,-213.25
2010-08-07,-213.26
2010-08-08,-213.27
2010-08-09,-213.28
2010-08-10,-213.29
2010-08-11,-213.3
2010-08-12,-213.305
2010-08-13,-213.31
2010-08-14,-213.32
2010-08-15,-213.33
2010-08-16,-213.335
2010-08-17,-213.34
2010-08-18,-213.35
2010-08-19,-213.36
2010-08-22,-213.38
2010-08-23,-213.39
2010-08-24,-213.395
2010-08-25,-213.4
2010-08-26,-213.415
2010-08-27,-213.43
2010-08-28,-213.44
2010-08-29,-213.445
2010-08-30,-213.45
2010-08-31,-213.46
2010-09-01,-213.47
2010-09-02,-213.48
2010-09-05,-213.51
2010-09-06,-213.52
2010-09-07,-213.515
2010-09-08,-213.52
2010-09-09,-213.535
2010-09-10,-213.545
2010-09-11,-213.56
2010-09-12,-213.56
2010-09-13,-213.57
2010-09-14,-213.58
2010-09-15,-213.59
2010-09-16,-213.6
2010-09-17,-213.6
2010-09-18,-213.61
2010-09-19,-213.615
2010-09-20,-213.625
2010-09-21,-213.63
2010-09-22,-213.635
2010-09-23,-213.64
2010-09-24,-213.645
2010-09-25,-213.65
2010-09-26,-213.655
2010-09-27,-213.66
2010-09-28,-213.66
2010-09-29,-213.665
2010-09-30,-213.67
2010-10-01,-213.675
2010-10-02,-213.685
2010-10-03,-213.7
2010-10-04,-213.7
2010-10-05,-213.71
2010-10-06,-213.72
2010-10-07,-213.725
2010-10-08,-213.735
2010-10-09,-213.745
2010-10-10,-213.75
2010-10-11,-213.755
2010-10-12,-213.768
2010-10-13,-213.773
2010-10-14,-213.775
2010-10-15,-213.78
2010-10-16,-213.78
2010-10-17,-213.79
2010-10-18,-213.795
2010-10-19,-213.8
2010-10-20,-213.8
2010-10-21,-213.805
2010-10-22,-213.81
2010-10-23,-213.82
2010-10-24,-213.825
2010-10-25,-213.835
2010-10-26,-213.84
2010-10-27,-213.845
2010-10-28,-213.855
2010-10-29,-213.86
2010-10-30,-213.865
2010-10-31,-213.875
2010-11-01,-213.88
2010-11-02,-213.89
2010-11-03,-213.9
2010-11-04,-213.9
2010-11-07,-213.935
2010-11-08,-213.94
2010-11-09,-213.95
2010-11-10,-213.96
2010-11-11,-213.96
2010-11-12,-213.965
2010-11-13,-213.97
2010-11-14,-213.975
2010-11-15,-213.98
2010-11-16,-213.99
2010-11-17,-213.995
2010-11-18,-214.0
2010-11-19,-214.005
2010-11-20,-214.01
2010-11-21,-214.015
2010-11-22,-214.02
2010-11-23,-214.025
2010-11-24,-214.03
2010-11-25,-214.035
2010-11-28,-214.05
2010-11-29,-214.055
2010-11-30,-214.06
2010-12-01,-214.065
2010-12-02,-214.07
2010-12-03,-214.08
2010-12-04,-214.09
2010-12-05,-214.1
2010-12-06,-214.105
2010-12-07,-214.105
2010-12-08,-214.11
2010-12-09,-214.115
2010-12-10,-214.12
2010-12-12,-214.1
2010-12-13,-214.05
2010-12-14,-214.02
2010-12-15,-214.01
2010-12-16,-214.0
2010-12-17,-214.005
2010-12-18,-214.005
2010-12-19,-214.0
2010-12-20,-214.005
2010-12-21,-214.005
2010-12-22,-214.01
2010-12-23,-214.01
2010-12-24,-214.01
2010-12-25,-214.01
2010-12-26,-214.015
2010-12-27,-214.02
2010-12-28,-214.02
2010-12-29,-214.02
2010-12-30,-214.02
2010-12-31,-214.02
2011-01-01,-214.02
2011-01-02,-214.02
2011-01-03,-214.02
2011-01-04,-214.02
2011-01-05,-214.01
2011-01-06,-214.005
2011-01-07,-214.0
2011-01-08,-213.995
2011-01-09,-213.98
2011-01-10,-213.98
2011-01-11,-213.975
2011-01-12,-213.97
2011-01-13,-213.97
2011-01-14,-213.97
2011-01-15,-213.97
2011-01-16,-213.97
2011-01-17,-213.96
2011-01-18,-213.96
2011-01-19,-213.96
2011-01-20,-213.955
2011-01-21,-213.95
2011-01-22,-213.95
2011-01-23,-213.95
2011-01-24,-213.945
2011-01-25,-213.94
2011-01-26,-213.94
2011-01-27,-213.94
2011-01-28,-213.925
2011-01-29,-213.915
2011-01-30,-213.91
2011-01-31,-213.885
2011-02-01,-213.87
2011-02-02,-213.86
2011-02-03,-213.865
2011-02-04,-213.83
2011-02-05,-213.78
2011-02-06,-213.765
2011-02-07,-213.75
2011-02-08,-213.725
2011-02-09,-213.71
2011-02-10,-213.7
2011-02-11,-213.68
2011-02-12,-213.67
2011-02-13,-213.665
2011-02-14,-213.655
2011-02-15,-213.64
2011-02-16,-213.63
2011-02-17,-213.61
2011-02-18,-213.58
2011-02-19,-213.57
2011-02-20,-213.56
2011-02-21,-213.52
2011-02-22,-213.475
2011-02-23,-213.45
2011-02-24,-213.43
2011-02-25,-213.42
2011-02-26,-213.41
2011-02-27,-213.39
2011-02-28,-213.35
2011-03-01,-213.32
2011-03-02,-213.3
2011-03-03,-213.29
2011-03-04,-213.27
2011-03-05,-213.26
2011-03-06,-213.25
2011-03-07,-213.24
2011-03-08,-213.23
2011-03-09,-213.215
2011-03-10,-213.18
2011-03-12,-213.01
2011-03-13,-212.98
2011-03-14,-212.96
2011-03-15,-212.935
2011-03-16,-212.92
2011-03-17,-212.9
2011-03-18,-212.88
2011-03-19,-212.865
2011-03-20,-212.85
2011-03-21,-212.84
2011-03-22,-212.83
2011-03-23,-212.81
2011-03-24,-212.79
2011-03-25,-212.77
2011-03-26,-212.745
2011-03-27,-212.73
2011-03-28,-212.72
2011-03-29,-212.71
2011-03-30,-212.7
2011-03-31,-212.69
2011-04-01,-212.685
2011-04-02,-212.67
2011-04-03,-212.665
2011-04-04,-212.655
2011-04-05,-212.63
2011-04-06,-212.59
2011-04-07,-212.56
2011-04-08,-212.55
2011-04-09,-212.54
2011-04-10,-212.54
2011-04-11,-212.53
2011-04-12,-212.52
2011-04-13,-212.51
2011-04-14,-212.5
2011-04-15,-212.49
2011-04-16,-212.49
2011-04-17,-212.48
2011-04-18,-212.47
2011-04-19,-212.46
2011-04-20,-212.46
2011-04-21,-212.455
2011-04-22,-212.445
2011-04-23,-212.435
2011-04-24,-212.43
2011-04-25,-212.42
2011-04-26,-212.415
2011-04-27,-212.41
2011-04-28,-212.41
2011-04-29,-212.39
2011-04-30,-212.39
2011-05-01,-212.37
2011-05-02,-212.365
2011-05-03,-212.36
2011-05-04,-212.36
2011-05-05,-212.35
2011-05-06,-212.35
2011-05-07,-212.35
2011-05-08,-212.35
2011-05-09,-212.35
2011-05-10,-212.355
2011-05-11,-212.355
2011-05-12,-212.35
2011-05-13,-212.355
2011-05-15,-212.35
2011-05-16,-212.345
2011-05-17,-212.345
2011-05-18,-212.35
2011-05-19,-212.35
2011-05-20,-212.35
2011-05-21,-212.35
2011-05-22,-212.35
2011-05-23,-212.35
2011-05-24,-212.35
2011-05-25,-212.355
2011-05-26,-212.36
2011-05-27,-212.36
2011-05-28,-212.36
2011-05-29,-212.36
2011-05-30,-212.365
2011-05-31,-212.365
2011-06-01,-212.37
2011-06-02,-212.38
2011-06-03,-212.38
2011-06-04,-212.39
2011-06-05,-212.395
2011-06-06,-212.4
2011-06-07,-212.4
2011-06-08,-212.41
2011-06-09,-212.42
2011-06-10,-212.42
2011-06-11,-212.425
2011-06-12,-212.44
2011-06-13,-212.45
2011-06-14,-212.45
2011-06-15,-212.46
2011-06-16,-212.46
2011-06-17,-212.465
2011-06-18,-212.475
2011-06-19,-212.49
2011-06-20,-212.49
2011-06-21,-212.5
2011-06-22,-212.505
2011-06-23,-212.51
2011-06-24,-212.515
2011-06-25,-212.52
2011-06-26,-212.54
2011-06-27,-212.545
2011-06-28,-212.55
2011-06-29,-212.555
2011-06-30,-212.56
2011-07-01,-212.57
2011-07-02,-212.59
2011-07-03,-212.6
2011-07-04,-212.61
2011-07-05,-212.62
2011-07-06,-212.63
2011-07-07,-212.64
2011-07-08,-212.64
2011-07-09,-212.65
2011-07-10,-212.66
2011-07-11,-212.67
2011-07-12,-212.68
2011-07-13,-212.68
2011-07-14,-212.69
2011-07-15,-212.7
2011-07-16,-212.72
2011-07-17,-212.73
2011-07-18,-212.735
2011-07-19,-212.74
2011-07-20,-212.75
2011-07-21,-212.76
2011-07-22,-212.77
2011-07-23,-212.78
2011-07-24,-212.79
2011-07-25,-212.8
2011-07-26,-212.81
2011-07-27,-212.82
2011-07-28,-212.825
2011-07-29,-212.835
2011-07-30,-212.845
2011-07-31,-212.855
2011-08-01,-212.86
2011-08-02,-212.87
2011-08-03,-212.88
2011-08-04,-212.895
2011-08-07,-212.93
2011-08-08,-212.94
2011-08-09,-212.95
2011-08-10,-212.96
2011-08-11,-212.97
2011-08-12,-212.98
2011-08-13,-212.995
2011-08-14,-213.01
2011-08-15,-213.02
2011-08-16,-213.025
2011-08-17,-213.04
2011-08-18,-213.04
2011-08-21,-213.07
2011-08-22,-213.08
2011-08-23,-213.09
2011-08-24,-213.1
2011-08-25,-213.11
2011-08-26,-213.12
2011-08-27,-213.13
2011-08-28,-213.14
2011-08-29,-213.15
2011-08-30,-213.16
2011-08-31,-213.17
2011-09-01,-213.18
2011-09-02,-213.19
2011-09-03,-213.2
2011-09-04,-213.21
2011-09-05,-213.215
2011-09-06,-213.22
2011-09-07,-213.23
2011-09-08,-213.24
2011-09-09,-213.25
2011-09-10,-213.26
2011-09-11,-213.27
2011-09-12,-213.275
2011-09-13,-213.28
2011-09-14,-213.29
2011-09-15,-213.3
2011-09-17,-213.31
2011-09-18,-213.32
2011-09-19,-213.325
2011-09-20,-213.335
2011-09-21,-213.34
2011-09-22,-213.345
2011-09-23,-213.355
2011-09-24,-213.36
2011-09-25,-213.365
2011-09-26,-213.37
2011-09-27,-213.375
2011-09-28,-213.375
2011-09-29,-213.38
2011-09-30,-213.39
2011-10-01,-213.4
2011-10-02,-213.41
2011-10-03,-213.41
2011-10-04,-213.42
2011-10-05,-213.43
2011-10-06,-213.43
2011-10-07,-213.44
2011-10-08,-213.45
2011-10-09,-213.455
2011-10-10,-213.46
2011-10-11,-213.46
2011-10-12,-213.47
2011-10-13,-213.48
2011-10-14,-213.49
2011-10-15,-213.5
2011-10-16,-213.51
2011-10-17,-213.515
2011-10-18,-213.52
2011-10-19,-213.53
2011-10-20,-213.54
2011-10-21,-213.55
2011-10-22,-213.56
2011-10-23,-213.57
2011-10-24,-213.575
2011-10-25,-213.58
2011-10-26,-213.59
2011-10-27,-213.595
2011-10-30,-213.615
2011-10-31,-213.62
2011-11-01,-213.63
2011-11-02,-213.63
2011-11-03,-213.64
2011-11-04,-213.635
2011-11-05,-213.635
2011-11-06,-213.64
2011-11-07,-213.64
2011-11-08,-213.645
2011-11-09,-213.65
2011-11-10,-213.655
2011-11-11,-213.66
2011-11-12,-213.66
2011-11-13,-213.67
2011-11-14,-213.67
2011-11-15,-213.67
2011-11-16,-213.675
2011-11-17,-213.675
2011-11-18,-213.67
2011-11-19,-213.67
2011-11-20,-213.665
2011-11-21,-213.66
2011-11-22,-213.66
2011-11-23,-213.66
2011-11-24,-213.66
2011-11-25,-213.665
2011-11-26,-213.665
2011-11-27,-213.675
2011-11-28,-213.675
2011-11-29,-213.68
2011-11-30,-213.68
2011-12-01,-213.68
2011-12-02,-213.68
2011-12-03,-213.685
2011-12-04,-213.69
2011-12-05,-213.69
2011-12-06,-213.69
2011-12-07,-213.69
2011-12-08,-213.69
2011-12-09,-213.69
2011-12-10,-213.69
2011-12-11,-213.695
2011-12-12,-213.695
2011-12-13,-213.7
2011-12-14,-213.7
2011-12-15,-213.7
2011-12-16,-213.7
2011-12-17,-213.7
2011-12-18,-213.7
2011-12-19,-213.7
2011-12-20,-213.7
2011-12-21,-213.7
2011-12-22,-213.7
2011-12-23,-213.7
2011-12-24,-213.695
2011-12-25,-213.69
2011-12-26,-213.68
2011-12-27,-213.67
2011-12-28,-213.665
2011-12-29,-213.66
2011-12-30,-213.665
2011-12-31,-213.655
2012-01-01,-213.65
2012-01-02,-213.64
2012-01-03,-213.63
2012-01-04,-213.62
2012-01-05,-213.615
2012-01-06,-213.6
2012-01-07,-213.6
2012-01-08,-213.6
2012-01-09,-213.59
2012-01-10,-213.575
2012-01-11,-213.565
2012-01-12,-213.55
2012-01-13,-213.5
2012-01-14,-213.46
2012-01-15,-213.44
2012-01-16,-213.42
2012-01-17,-213.405
2012-01-18,-213.385
2012-01-19,-213.37
2012-01-20,-213.34
2012-01-21,-213.33
2012-01-22,-213.335
2012-01-23,-213.305
2012-01-24,-213.295
2012-01-25,-213.285
2012-01-26,-213.27
2012-01-27,-213.25
2012-01-28,-213.21
2012-01-29,-213.19
2012-01-30,-213.17
2012-01-31,-213.14
2012-02-01,-213.105
2012-02-02,-213.05
2012-02-03,-213.02
2012-02-04,-213.0
2012-02-05,-212.99
2012-02-06,-212.975
2012-02-07,-212.97
2012-02-08,-212.955
2012-02-09,-212.94
2012-02-10,-212.915
2012-02-11,-212.9
2012-02-12,-212.89
2012-02-13,-212.88
2012-02-14,-212.86
2012-02-15,-212.85
2012-02-16,-212.83
2012-02-17,-212.79
2012-02-18,-212.74
2012-02-19,-212.66
2012-02-20,-212.615
2012-02-21,-212.59
2012-02-22,-212.565
2012-02-23,-212.54
2012-02-24,-212.52
2012-02-25,-212.5
2012-02-26,-212.48
2012-02-27,-212.46
2012-02-28,-212.44
2012-02-29,-212.41
2012-03-01,-212.37
2012-03-02,-212.27
2012-03-03,-212.2
2012-03-04,-212.17
2012-03-05,-212.12
2012-03-06,-212.08
2012-03-07,-212.05
2012-03-08,-212.02
2012-03-09,-211.99
2012-03-10,-211.97
2012-03-11,-211.96
2012-03-12,-211.945
2012-03-13,-211.925
2012-03-14,-211.905
2012-03-15,-211.88
2012-03-16,-211.84
2012-03-17,-211.79
2012-03-18,-211.76
2012-03-19,-211.74
2012-03-20,-211.72
2012-03-21,-211.705
2012-03-22,-211.69
2012-03-23,-211.675
2012-03-24,-211.655
2012-03-25,-211.64
2012-03-26,-211.625
2012-03-27,-211.61
2012-03-28,-211.59
2012-03-29,-211.57
2012-03-30,-211.565
2012-03-31,-211.555
2012-04-01,-211.54
2012-04-02,-211.53
2012-04-03,-211.52
2012-04-04,-211.51
2012-04-05,-211.49
2012-04-06,-211.48
2012-04-07,-211.465
2012-04-08,-211.45
2012-04-09,-211.44
2012-04-10,-211.43
2012-04-11,-211.42
2012-04-12,-211.41
2012-04-13,-211.4
2012-04-14,-211.39
2012-04-15,-211.38
2012-04-16,-211.375
2012-04-17,-211.37
2012-04-18,-211.37
2012-04-19,-211.365
2012-04-20,-211.36
2012-04-21,-211.36
2012-04-22,-211.355
2012-04-23,-211.355
2012-04-24,-211.35
2012-04-25,-211.35
2012-04-26,-211.35
2012-04-27,-211.345
2012-04-28,-211.345
2012-04-29,-211.34
2012-04-30,-211.335
2012-05-01,-211.33
2012-05-02,-211.325
2012-05-03,-211.32
2012-05-04,-211.315
2012-05-05,-211.315
2012-05-06,-211.315
2012-05-07,-211.315
2012-05-08,-211.315
2012-05-09,-211.315
2012-05-10,-211.315
2012-05-11,-211.315
2012-05-12,-211.315
2012-05-13,-211.315
2012-05-14,-211.315
2012-05-15,-211.315
2012-05-16,-211.315
2012-05-17,-211.315
2012-05-18,-211.315
2012-05-19,-211.32
2012-05-20,-211.32
2012-05-21,-211.325
2012-05-22,-211.33
2012-05-23,-211.33
2012-05-24,-211.335
2012-05-25,-211.335
2012-05-26,-211.34
2012-05-27,-211.345
2012-05-28,-211.35
2012-05-29,-211.355
2012-05-30,-211.355
2012-05-31,-211.36
2012-06-01,-211.36
2012-06-02,-211.365
2012-06-03,-211.37
2012-06-04,-211.375
2012-06-05,-211.375
2012-06-06,-211.38
2012-06-07,-211.38
2012-06-08,-211.385
2012-06-09,-211.39
2012-06-10,-211.4
2012-06-11,-211.4
2012-06-12,-211.405
2012-06-13,-211.41
2012-06-14,-211.415
2012-06-17,-211.43
2012-06-18,-211.435
2012-06-19,-211.44
2012-06-20,-211.44
2012-06-21,-211.445
2012-06-22,-211.45
2012-06-23,-211.46
2012-06-24,-211.47
2012-06-25,-211.475
2012-06-26,-211.48
2012-06-27,-211.485
2012-06-28,-211.49
2012-06-29,-211.495
2012-06-30,-211.5
2012-07-01,-211.51
2012-07-02,-211.52
2012-07-03,-211.53
2012-07-04,-211.54
2012-07-05,-211.55
2012-07-06,-211.56
2012-07-07,-211.57
2012-07-08,-211.58
2012-07-09,-211.59
2012-07-10,-211.6
2012-07-11,-211.605
2012-07-12,-211.61
2012-07-13,-211.62
2012-07-14,-211.63
2012-07-15,-211.64
2012-07-16,-211.65
2012-07-17,-211.655
2012-07-18,-211.66
2012-07-19,-211.665
2012-07-20,-211.67
2012-07-21,-211.68
2012-07-22,-211.69
2012-07-23,-211.705
2012-07-24,-211.715
2012-07-25,-211.725
2012-07-26,-211.735
2012-07-27,-211.74
2012-07-28,-211.75
2012-07-29,-211.77
2012-07-30,-211.78
2012-07-31,-211.785
2012-08-01,-211.79
2012-08-02,-211.795
2012-08-03,-211.805
2012-08-04,-211.815
2012-08-05,-211.825
2012-08-06,-211.84
2012-08-07,-211.85
2012-08-08,-211.855
2012-08-09,-211.86
2012-08-10,-211.87
2012-08-11,-211.88
2012-08-12,-211.9
2012-08-13,-211.905
2012-08-14,-211.91
2012-08-15,-211.92
2012-08-16,-211.93
2012-08-17,-211.94
2012-08-18,-211.955
2012-08-19,-211.97
2012-08-20,-211.975
2012-08-21,-211.98
2012-08-22,-211.985
2012-08-23,-211.99
2012-08-24,-212.005
2012-08-25,-212.015
2012-08-26,-212.03
2012-08-27,-212.035
2012-08-28,-212.04
2012-08-29,-212.05
2012-08-30,-212.06
2012-08-31,-212.08
2012-09-01,-212.09
2012-09-02,-212.1
2012-09-03,-212.105
2012-09-04,-212.11
2012-09-05,-212.115
2012-09-06,-212.12
2012-09-07,-212.13
2012-09-08,-212.14
2012-09-09,-212.15
2012-09-10,-212.155
2012-09-11,-212.16
2012-09-12,-212.17
2012-09-13,-212.175
2012-09-14,-212.185
2012-09-15,-212.195
2012-09-16,-212.205
2012-09-17,-212.21
2012-09-18,-212.22
2012-09-19,-212.23
2012-09-20,-212.235
2012-09-21,-212.24
2012-09-22,-212.25
2012-09-23,-212.26
2012-09-24,-212.265
2012-09-27,-212.28
2012-09-28,-212.28
2012-09-29,-212.285
2012-09-30,-212.29
2012-10-01,-212.3
2012-10-02,-212.305
2012-10-03,-212.31
2012-10-04,-212.315
2012-10-05,-212.32
2012-10-06,-212.33
2012-10-07,-212.335
2012-10-08,-212.34
2012-10-09,-212.345
2012-10-10,-212.35
2012-10-11,-212.35
2012-10-12,-212.35
2012-10-13,-212.355
2012-10-14,-212.36
2012-10-15,-212.36
2012-10-16,-212.365
2012-10-17,-212.365
2012-10-18,-212.365
2012-10-19,-212.37
2012-10-20,-212.375
2012-10-21,-212.38
2012-10-22,-212.38
2012-10-23,-212.385
2012-10-24,-212.39
2012-10-25,-212.395
2012-10-26,-212.4
2012-10-27,-212.395
2012-10-28,-212.4
2012-10-29,-212.405
2012-10-30,-212.405
2012-10-31,-212.41
2012-11-01,-212.415
2012-11-02,-212.415
2012-11-03,-212.415
2012-11-04,-212.42
2012-11-05,-212.425
2012-11-06,-212.43
2012-11-07,-212.435
2012-11-08,-212.435
2012-11-09,-212.435
2012-11-10,-212.42
2012-11-11,-212.41
2012-11-12,-212.4
2012-11-13,-212.4
2012-11-14,-212.4
2012-11-15,-212.4
2012-11-16,-212.4
2012-11-17,-212.4
2012-11-18,-212.4
2012-11-19,-212.405
2012-11-20,-212.41
2012-11-21,-212.41
2012-11-22,-212.41
2012-11-23,-212.405
2012-11-24,-212.4
2012-11-25,-212.4
2012-11-26,-212.4
2012-11-27,-212.395
2012-11-28,-212.395
2012-11-29,-212.395
2012-11-30,-212.4
2012-12-01,-212.4
2012-12-02,-212.4
2012-12-03,-212.4
2012-12-04,-212.4
2012-12-05,-212.385
2012-12-06,-212.385
2012-12-07,-212.37
2012-12-08,-212.355
2012-12-09,-212.34
2012-12-10,-212.33
2012-12-11,-212.32
2012-12-12,-212.31
2012-12-13,-212.305
2012-12-14,-212.285
2012-12-15,-212.285
2012-12-16,-212.28
2012-12-17,-212.275
2012-12-18,-212.27
2012-12-19,-212.265
2012-12-20,-212.255
2012-12-21,-212.19
2012-12-22,-212.07
2012-12-23,-212.02
2012-12-24,-212.0
2012-12-25,-211.98
2012-12-26,-211.96
2012-12-27,-211.95
2012-12-28,-211.935
2012-12-29,-211.93
2012-12-30,-211.92
2012-12-31,-211.91
2013-01-01,-211.9
2013-01-02,-211.895
2013-01-03,-211.885
2013-01-04,-211.87
2013-01-05,-211.86
2013-01-06,-211.82
2013-01-07,-211.72
2013-01-08,-211.5
2013-01-09,-211.34
2013-01-10,-211.2
2013-01-11,-211.15
2013-01-12,-211.1
2013-01-13,-211.07
2013-01-14,-211.04
2013-01-15,-211.015
2013-01-16,-210.99
2013-01-17,-210.97
2013-01-18,-210.94
2013-01-19,-210.92
2013-01-20,-210.905
2013-01-21,-210.885
2013-01-22,-210.87
2013-01-23,-210.855
2013-01-24,-210.84
2013-01-25,-210.82
2013-01-26,-210.81
2013-01-27,-210.8
2013-01-28,-210.78
2013-01-29,-210.765
2013-01-30,-210.75
2013-01-31,-210.71
2013-02-01,-210.66
2013-02-02,-210.625
2013-02-03,-210.605
2013-02-04,-210.585
2013-02-05,-210.57
2013-02-06,-210.555
2013-02-07,-210.53
2013-02-08,-210.51
2013-02-09,-210.49
2013-02-10,-210.47
2013-02-11,-210.455
2013-02-12,-210.44
2013-02-13,-210.425
2013-02-14,-210.41
2013-02-15,-210.395
2013-02-16,-210.38
2013-02-17,-210.36
2013-02-18,-210.345
2013-02-19,-210.33
2013-02-20,-210.31
2013-02-21,-210.295
2013-02-22,-210.28
2013-02-23,-210.27
2013-02-24,-210.255
2013-02-25,-210.235
2013-02-26,-210.22
2013-02-27,-210.205
2013-02-28,-210.2
2013-03-01,-210.185
2013-03-02,-210.17
2013-03-03,-210.16
2013-03-04,-210.15
2013-03-05,-210.14
2013-03-06,-210.13
2013-03-07,-210.12
2013-03-08,-210.11
2013-03-09,-210.1
2013-03-10,-210.095
2013-03-11,-210.085
2013-03-12,-210.075
2013-03-13,-210.065
2013-03-14,-210.055
2013-03-15,-210.05
2013-03-16,-210.045
2013-03-17,-210.04
2013-03-18,-210.04
2013-03-19,-210.035
2013-03-20,-210.03
2013-03-21,-210.025
2013-03-22,-210.02
2013-03-23,-210.015
2013-03-24,-210.015
2013-03-25,-210.005
2013-03-26,-209.995
2013-03-27,-209.99
2013-03-28,-209.985
2013-03-29,-209.975
2013-03-30,-209.965
2013-03-31,-209.96
2013-04-01,-209.955
2013-04-02,-209.95
2013-04-03,-209.95
2013-04-04,-209.945
2013-04-05,-209.945
2013-04-06,-209.95
2013-04-07,-209.95
2013-04-08,-209.95
2013-04-09,-209.95
2013-04-10,-209.95
2013-04-11,-209.95
2013-04-12,-209.945
2013-04-13,-209.945
2013-04-14,-209.95
2013-04-15,-209.95
2013-04-16,-209.95
2013-04-17,-209.95
2013-04-18,-209.94
2013-04-19,-209.935
2013-04-20,-209.935
2013-04-21,-209.91
2013-04-22,-209.89
2013-04-23,-209.885
2013-04-24,-209.88
2013-04-25,-209.875
2013-04-26,-209.87
2013-04-27,-209.865
2013-04-28,-209.86
2013-04-29,-209.86
2013-04-30,-209.86
2013-05-01,-209.86
2013-05-02,-209.86
2013-05-03,-209.86
2013-05-04,-209.86
2013-05-05,-209.87
2013-05-06,-209.875
2013-05-07,-209.88
2013-05-08,-209.885
2013-05-09,-209.885
2013-05-10,-209.89
2013-05-11,-209.895
2013-05-12,-209.9
2013-05-13,-209.905
2013-05-14,-209.91
2013-05-15,-209.895
2013-05-16,-209.895
2013-05-17,-209.9
2013-05-18,-209.905
2013-05-19,-209.915
2013-05-20,-209.92
2013-05-21,-209.925
2013-05-22,-209.93
2013-05-23,-209.935
2013-05-24,-209.935
2013-05-25,-209.945
2013-05-26,-209.955
2013-05-27,-209.96
2013-05-28,-209.965
2013-05-29,-209.975
2013-05-30,-209.98
2013-05-31,-209.985
2013-06-01,-209.99
2013-06-02,-210.0
2013-06-03,-210.005
2013-06-04,-210.01
2013-06-05,-210.015
2013-06-06,-210.02
2013-06-07,-210.025
2013-06-08,-210.035
2013-06-09,-210.045
2013-06-10,-210.05
2013-06-11,-210.055
2013-06-12,-210.06
2013-06-13,-210.065
2013-06-14,-210.07
2013-06-15,-210.08
2013-06-16,-210.09
2013-06-17,-210.1
2013-06-18,-210.11
2013-06-19,-210.115
2013-06-20,-210.12
2013-06-21,-210.13
2013-06-22,-210.14
2013-06-23,-210.15
2013-06-24,-210.16
2013-06-25,-210.165
2013-06-26,-210.17
2013-06-27,-210.175
2013-06-28,-210.18
2013-06-29,-210.19
2013-06-30,-210.195
2013-07-01,-210.2
2013-07-02,-210.21
2013-07-03,-210.22
2013-07-04,-210.23
2013-07-05,-210.24
2013-07-06,-210.255
2013-07-07,-210.27
2013-07-08,-210.285
2013-07-09,-210.295
2013-07-10,-210.31
2013-07-11,-210.32
2013-07-12,-210.335
2013-07-13,-210.35
2013-07-14,-210.36
2013-07-15,-210.365
2013-07-16,-210.37
2013-07-17,-210.38
2013-07-18,-210.39
2013-07-19,-210.395
2013-07-20,-210.4
2013-07-21,-210.41
2013-07-22,-210.42
2013-07-23,-210.43
2013-07-24,-210.44
2013-07-25,-210.45
2013-07-26,-210.46
2013-07-27,-210.47
2013-07-28,-210.48
2013-07-29,-210.495
2013-07-30,-210.51
2013-07-31,-210.525
2013-08-01,-210.54
2013-08-02,-210.555
2013-08-03,-210.57
2013-08-04,-210.585
2013-08-05,-210.59
2013-08-06,-210.595
2013-08-07,-210.6
2013-08-08,-210.605
2013-08-09,-210.615
2013-08-10,-210.625
2013-08-11,-210.63
2013-08-12,-210.635
2013-08-13,-210.64
2013-08-14,-210.645
2013-08-15,-210.65
2013-08-16,-210.665
2013-08-17,-210.68
2013-08-18,-210.695
2013-08-19,-210.71
2013-08-20,-210.725
2013-08-21,-210.735
2013-08-22,-210.745
2013-08-23,-210.76
2013-08-24,-210.775
2013-08-25,-210.785
2013-08-26,-210.79
2013-08-27,-210.795
2013-08-28,-210.8
2013-08-29,-210.805
2013-08-30,-210.81
2013-08-31,-210.82
2013-09-01,-210.83
2013-09-02,-210.835
2013-09-03,-210.84
2013-09-04,-210.845
2013-09-05,-210.85
2013-09-06,-210.86
2013-09-07,-210.875
2013-09-08,-210.89
2013-09-09,-210.905
2013-09-10,-210.92
2013-09-11,-210.93
2013-09-12,-210.935
2013-09-13,-210.94
2013-09-14,-210.95
2013-09-15,-210.96
2013-09-16,-210.965
2013-09-17,-210.97
2013-09-18,-210.975
2013-09-19,-210.98
2013-09-20,-210.985
2013-09-21,-210.99
2013-09-22,-211.0
2013-09-23,-211.005
2013-09-24,-211.01
2013-09-25,-211.02
2013-09-26,-211.03
2013-09-27,-211.035
2013-09-28,-211.04
2013-09-29,-211.055
2013-09-30,-211.065
2013-10-01,-211.08
2013-10-02,-211.09
2013-10-03,-211.1
2013-10-04,-211.115
2013-10-05,-211.125
2013-10-06,-211.14
2013-10-07,-211.15
2013-10-08,-211.16
2013-10-09,-211.17
2013-10-10,-211.18
2013-10-11,-211.185
2013-10-12,-211.19
2013-10-13,-211.195
2013-10-14,-211.2
2013-10-15,-211.205
2013-10-16,-211.21
2013-10-17,-211.215
2013-10-18,-211.225
2013-10-19,-211.235
2013-10-20,-211.24
2013-10-21,-211.245
2013-10-22,-211.25
2013-10-23,-211.255
2013-10-24,-211.26
2013-10-25,-211.27
2013-10-26,-211.28
2013-10-27,-211.29
2013-10-28,-211.3
2013-10-29,-211.305
2013-10-30,-211.31
2013-10-31,-211.315
2013-11-01,-211.32
2013-11-02,-211.32
2013-11-03,-211.33
2013-11-04,-211.34
2013-11-05,-211.345
2013-11-06,-211.35
2013-11-07,-211.355
2013-11-08,-211.355
2013-11-09,-211.36
2013-11-10,-211.365
2013-11-11,-211.37
2013-11-12,-211.375
2013-11-13,-211.38
2013-11-14,-211.38
2013-11-15,-211.385
2013-11-16,-211.385
2013-11-17,-211.39
2013-11-18,-211.395
2013-11-19,-211.395
2013-11-20,-211.4
2013-11-21,-211.4
2013-11-22,-211.4
2013-11-23,-211.4
2013-11-24,-211.4
2013-11-25,-211.405
2013-11-26,-211.405
2013-11-27,-211.405
2013-11-28,-211.405
2013-11-29,-211.405
2013-11-30,-211.405
2013-12-01,-211.41
2013-12-02,-211.41
2013-12-03,-211.41
2013-12-04,-211.41
2013-12-05,-211.4
2013-12-06,-211.4
2013-12-07,-211.4
2013-12-08,-211.4
2013-12-09,-211.4
2013-12-10,-211.4
2013-12-11,-211.39
2013-12-12,-211.37
2013-12-13,-211.36
2013-12-14,-211.32
2013-12-15,-211.3
2013-12-16,-211.3
2013-12-17,-211.3
2013-12-18,-211.3
2013-12-19,-211.3
2013-12-20,-211.29
2013-12-21,-211.29
2013-12-22,-211.29
2013-12-23,-211.29
2013-12-24,-211.29
2013-12-25,-211.285
2013-12-26,-211.285
2013-12-27,-211.29
2013-12-28,-211.29
2013-12-29,-211.29
2013-12-30,-211.29
2013-12-31,-211.29
2014-01-01,-211.29
2014-01-02,-211.285
2014-01-03,-211.275
2014-01-04,-211.265
2014-01-05,-211.26
2014-01-06,-211.255
2014-01-07,-211.25
2014-01-08,-211.24
2014-01-09,-211.23
2014-01-10,-211.24
2014-01-11,-211.24
2014-01-12,-211.24
2014-01-13,-211.24
2014-01-14,-211.23
2014-01-15,-211.22
2014-01-16,-211.21
2014-01-17,-211.23
2014-01-18,-211.225
2014-01-19,-211.22
2014-01-20,-211.215
2014-01-21,-211.21
2014-01-22,-211.21
2014-01-23,-211.205
2014-01-24,-211.2
2014-01-25,-211.2
2014-01-26,-211.2
2014-01-27,-211.2
2014-01-28,-211.195
2014-01-29,-211.185
2014-01-30,-211.18
2014-01-31,-211.18
2014-02-01,-211.18
2014-02-02,-211.17
2014-02-03,-211.17
2014-02-04,-211.17
2014-02-05,-211.17
2014-02-06,-211.17
2014-02-07,-211.17
2014-02-08,-211.17
2014-02-09,-211.17
2014-02-10,-211.17
2014-02-11,-211.17
2014-02-12,-211.165
2014-02-13,-211.16
2014-02-14,-211.16
2014-02-15,-211.155
2014-02-16,-211.15
2014-02-17,-211.15
2014-02-18,-211.15
2014-02-19,-211.15
2014-02-20,-211.15
2014-02-21,-211.15
2014-02-22,-211.15
2014-02-23,-211.15
2014-02-24,-211.145
2014-02-25,-211.145
2014-02-26,-211.145
2014-02-27,-211.14
2014-02-28,-211.14
2014-03-01,-211.14
2014-03-02,-211.13
2014-03-03,-211.13
2014-03-04,-211.13
2014-03-05,-211.125
2014-03-06,-211.125
2014-03-07,-211.125
2014-03-08,-211.125
2014-03-09,-211.12
2014-03-10,-211.1
2014-03-11,-211.09
2014-03-12,-211.08
2014-03-13,-211.07
2014-03-14,-211.05
2014-03-15,-211.04
2014-03-16,-211.03
2014-03-17,-211.025
2014-03-18,-211.025
2014-03-19,-211.02
2014-03-20,-211.02
2014-03-21,-211.02
2014-03-22,-211.02
2014-03-23,-211.02
2014-03-24,-211.02
2014-03-25,-211.02
2014-03-26,-211.015
2014-03-27,-211.015
2014-03-28,-211.015
2014-03-29,-211.015
2014-03-30,-211.015
2014-03-31,-211.015
2014-04-01,-211.01
2014-04-02,-211.01
2014-04-03,-211.01
2014-04-04,-211.01
2014-04-05,-211.01
2014-04-06,-211.01
2014-04-07,-211.01
2014-04-08,-211.01
2014-04-09,-211.01
2014-04-10,-211.01
2014-04-11,-211.01
2014-04-12,-211.01
2014-04-13,-211.01
2014-04-14,-211.015
2014-04-15,-211.02
2014-04-16,-211.025
2014-04-17,-211.025
2014-04-18,-211.025
2014-04-19,-211.025
2014-04-20,-211.025
2014-04-21,-211.025
2014-04-22,-211.03
2014-04-23,-211.03
2014-04-24,-211.03
2014-04-25,-211.035
2014-04-26,-211.035
2014-04-27,-211.04
2014-04-28,-211.05
2014-04-29,-211.06
2014-04-30,-211.07
2014-05-01,-211.08
2014-05-02,-211.085
2014-05-03,-211.09
2014-05-04,-211.095
2014-05-05,-211.1
2014-05-06,-211.105
2014-05-07,-211.11
2014-05-08,-211.11
2014-05-09,-211.09
2014-05-10,-211.095
2014-05-11,-211.1
2014-05-12,-211.105
2014-05-13,-211.11
2014-05-14,-211.12
2014-05-15,-211.125
2014-05-16,-211.135
2014-05-17,-211.145
2014-05-18,-211.155
2014-05-19,-211.165
2014-05-20,-211.175
2014-05-21,-211.18
2014-05-22,-211.19
2014-05-23,-211.2
2014-05-24,-211.21
2014-05-25,-211.22
2014-05-26,-211.23
2014-05-27,-211.24
2014-05-28,-211.25
2014-05-29,-211.26
2014-05-30,-211.275
2014-05-31,-211.29
2014-06-01,-211.305
2014-06-02,-211.315
2014-06-03,-211.325
2014-06-04,-211.335
2014-06-05,-211.345
2014-06-06,-211.355
2014-06-07,-211.365
2014-06-08,-211.375
2014-06-09,-211.385
2014-06-10,-211.395
2014-06-11,-211.405
2014-06-12,-211.415
2014-06-13,-211.43
2014-06-14,-211.44
2014-06-15,-211.45
2014-06-16,-211.46
2014-06-17,-211.47
2014-06-18,-211.48
2014-06-19,-211.49
2014-06-20,-211.5
2014-06-21,-211.51
2014-06-22,-211.52
2014-06-23,-211.525
2014-06-24,-211.53
2014-06-25,-211.535
2014-06-26,-211.545
2014-06-27,-211.555
2014-06-28,-211.57
2014-06-29,-211.585
2014-06-30,-211.6
2014-07-01,-211.61
2014-07-02,-211.62
2014-07-03,-211.635
2014-07-04,-211.65
2014-07-05,-211.665
2014-07-06,-211.68
2014-07-07,-211.695
2014-07-08,-211.71
2014-07-09,-211.725
2014-07-10,-211.74
2014-07-11,-211.755
2014-07-12,-211.77
2014-07-13,-211.78
2014-07-14,-211.795
2014-07-15,-211.81
2014-07-16,-211.82
2014-07-17,-211.83
2014-07-18,-211.845
2014-07-19,-211.86
2014-07-20,-211.875
2014-07-21,-211.89
2014-07-22,-211.905
2014-07-23,-211.92
2014-07-24,-211.935
2014-07-25,-211.95
2014-07-26,-211.965
2014-07-27,-211.98
2014-07-28,-211.995
2014-07-29,-212.01
2014-07-30,-212.02
2014-07-31,-212.035
2014-08-01,-212.05
2014-08-02,-212.065
2014-08-03,-212.08
2014-08-04,-212.09
2014-08-05,-212.095
2014-08-06,-212.105
2014-08-07,-212.115
2014-08-08,-212.125
2014-08-09,-212.14
2014-08-10,-212.155
2014-08-11,-212.165
2014-08-12,-212.175
2014-08-13,-212.185
2014-08-14,-212.2
2014-08-15,-212.215
2014-08-16,-212.225
2014-08-17,-212.235
2014-08-18,-212.25
2014-08-19,-212.265
2014-08-20,-212.275
2014-08-21,-212.285
2014-08-22,-212.295
2014-08-23,-212.305
2014-08-24,-212.32
2014-08-25,-212.33
2014-08-26,-212.34
2014-08-27,-212.35
2014-08-28,-212.36
2014-08-29,-212.37
2014-08-30,-212.385
2014-08-31,-212.4
2014-09-01,-212.41
2014-09-02,-212.42
2014-09-03,-212.43
2014-09-04,-212.44
2014-09-05,-212.45
2014-09-06,-212.46
2014-09-07,-212.47
2014-09-08,-212.48
2014-09-09,-212.49
2014-09-10,-212.5
2014-09-11,-212.505
2014-09-12,-212.515
2014-09-13,-212.525
2014-09-14,-212.535
2014-09-15,-212.545
2014-09-16,-212.555
2014-09-17,-212.565
2014-09-18,-212.58
2014-09-19,-212.59
2014-09-20,-212.6
2014-09-21,-212.61
2014-09-22,-212.62
2014-09-23,-212.63
2014-09-24,-212.64
2014-09-25,-212.645
2014-09-26,-212.655
2014-09-27,-212.665
2014-09-28,-212.67
2014-09-29,-212.675
2014-09-30,-212.685
2014-10-01,-212.695
2014-10-02,-212.7
2014-10-03,-212.71
2014-10-04,-212.72
2014-10-05,-212.725
2014-10-06,-212.73
2014-10-07,-212.735
2014-10-08,-212.74
2014-10-09,-212.75
2014-10-10,-212.755
2014-10-11,-212.765
2014-10-12,-212.775
2014-10-13,-212.78
2014-10-14,-212.785
2014-10-15,-212.785
2014-10-16,-212.785
2014-10-17,-212.79
2014-10-18,-212.795
2014-10-19,-212.795
2014-10-20,-212.795
2014-10-21,-212.8
2014-10-22,-212.8
2014-10-23,-212.805
2014-10-24,-212.81
2014-10-25,-212.815
2014-10-26,-212.82
2014-10-27,-212.825
2014-10-28,-212.83
2014-10-29,-212.835
2014-10-30,-212.84
2014-10-31,-212.845
2014-11-01,-212.835
2014-11-02,-212.83
2014-11-03,-212.83
2014-11-04,-212.825
2014-11-05,-212.825
2014-11-06,-212.83
2014-11-07,-212.83
2014-11-08,-212.835
2014-11-09,-212.835
2014-11-10,-212.84
2014-11-11,-212.85
2014-11-12,-212.855
2014-11-13,-212.86
2014-11-14,-212.87
2014-11-15,-212.87
2014-11-16,-212.87
2014-11-17,-212.865
2014-11-18,-212.865
2014-11-19,-212.865
2014-11-20,-212.865
2014-11-21,-212.87
2014-11-22,-212.865
2014-11-23,-212.865
2014-11-24,-212.865
2014-11-25,-212.865
2014-11-26,-212.83
2014-11-27,-212.82
2014-11-28,-212.82
2014-11-29,-212.82
2014-11-30,-212.82
2014-12-01,-212.825
2014-12-02,-212.825
2014-12-03,-212.825
2014-12-04,-212.825
2014-12-05,-212.83
2014-12-06,-212.83
2014-12-07,-212.83
2014-12-08,-212.835
2014-12-09,-212.835
2014-12-10,-212.835
2014-12-11,-212.835
2014-12-12,-212.835
2014-12-13,-212.835
2014-12-14,-212.835
2014-12-15,-212.835
2014-12-16,-212.835
2014-12-17,-212.835
2014-12-18,-212.835
2014-12-19,-212.835
2014-12-20,-212.835
2014-12-21,-212.835
2014-12-22,-212.835
2014-12-23,-212.83
2014-12-24,-212.83
2014-12-25,-212.83
2014-12-26,-212.83
2014-12-27,-212.835
2014-12-28,-212.835
2014-12-29,-212.84
2014-12-30,-212.84
2014-12-31,-212.84
2015-01-01,-212.84
2015-01-02,-212.84
2015-01-03,-212.835
2015-01-04,-212.83
2015-01-05,-212.82
2015-01-06,-212.82
2015-01-07,-212.8
2015-01-08,-212.77
2015-01-09,-212.76
2015-01-10,-212.75
2015-01-11,-212.73
2015-01-12,-212.71
2015-01-13,-212.7
2015-01-14,-212.69
2015-01-15,-212.69
2015-01-16,-212.68
2015-01-17,-212.675
2015-01-18,-212.67
2015-01-19,-212.665
2015-01-20,-212.66
2015-01-21,-212.655
2015-01-22,-212.65
2015-01-23,-212.64
2015-01-24,-212.635
2015-01-25,-212.63
2015-01-26,-212.625
2015-01-27,-212.62
2015-01-28,-212.615
2015-01-29,-212.605
2015-01-30,-212.6
2015-01-31,-212.6
2015-02-01,-212.595
2015-02-02,-212.59
2015-02-03,-212.585
2015-02-04,-212.58
2015-02-05,-212.575
2015-02-06,-212.565
2015-02-07,-212.555
2015-02-08,-212.55
2015-02-09,-212.545
2015-02-10,-212.54
2015-02-11,-212.535
2015-02-12,-212.51
2015-02-13,-212.48
2015-02-14,-212.435
2015-02-15,-212.39
2015-02-16,-212.375
2015-02-17,-212.36
2015-02-18,-212.35
2015-02-19,-212.335
2015-02-20,-212.28
2015-02-21,-212.25
2015-02-22,-212.22
2015-02-23,-212.205
2015-02-24,-212.19
2015-02-25,-212.175
2015-02-26,-212.16
2015-02-27,-212.145
2015-02-28,-212.13
2015-03-01,-212.12
2015-03-02,-212.11
2015-03-03,-212.1
2015-03-04,-212.09
2015-03-05,-212.08
2015-03-06,-212.07
2015-03-07,-212.06
2015-03-08,-212.05
2015-03-09,-212.04
2015-03-10,-212.03
2015-03-11,-212.02
2015-03-12,-212.0
2015-03-13,-211.99
2015-03-14,-211.98
2015-03-15,-211.97
2015-03-16,-211.965
2015-03-17,-211.96
2015-03-18,-211.955
2015-03-19,-211.95
2015-03-20,-211.945
2015-03-21,-211.94
2015-03-22,-211.935
2015-03-23,-211.93
2015-03-24,-211.925
2015-03-25,-211.92
2015-03-26,-211.915
2015-03-27,-211.91
2015-03-28,-211.905
2015-03-29,-211.9
2015-03-30,-211.895
2015-03-31,-211.89
2015-04-01,-211.885
2015-04-02,-211.88
2015-04-03,-211.88
2015-04-04,-211.88
2015-04-05,-211.875
2015-04-06,-211.87
2015-04-07,-211.865
2015-04-08,-211.865
2015-04-09,-211.865
2015-04-10,-211.86
2015-04-11,-211.85
2015-04-12,-211.825
2015-04-13,-211.81
2015-04-14,-211.805
2015-04-15,-211.8
2015-04-16,-211.795
2015-04-17,-211.79
2015-04-18,-211.785
2015-04-19,-211.78
2015-04-20,-211.78
2015-04-21,-211.775
2015-04-22,-211.775
2015-04-23,-211.77
2015-04-24,-211.77
2015-04-25,-211.77
2015-04-26,-211.77
2015-04-27,-211.77
2015-04-28,-211.77
2015-04-29,-211.765
2015-04-30,-211.76
2015-05-01,-211.76
2015-05-02,-211.76
2015-05-03,-211.76
2015-05-04,-211.77
2015-05-05,-211.77
2015-05-06,-211.77
2015-05-07,-211.77
2015-05-08,-211.77
2015-05-09,-211.77
2015-05-10,-211.775
2015-05-11,-211.775
2015-05-12,-211.775
2015-05-13,-211.775
2015-05-14,-211.775
2015-05-15,-211.78
2015-05-16,-211.78
2015-05-17,-211.78
2015-05-18,-211.785
2015-05-19,-211.785
2015-05-20,-211.785
2015-05-21,-211.79
2015-05-22,-211.8
2015-05-23,-211.81
2015-05-24,-211.82
2015-05-25,-211.825
2015-05-26,-211.83
2015-05-27,-211.83
2015-05-28,-211.835
2015-05-29,-211.845
2015-05-30,-211.85
2015-05-31,-211.855
2015-06-01,-211.86
2015-06-02,-211.865
2015-06-03,-211.87
2015-06-04,-211.88
2015-06-05,-211.89
2015-06-06,-211.9
2015-06-07,-211.91
2015-06-08,-211.92
2015-06-09,-211.93
2015-06-10,-211.935
2015-06-11,-211.94
2015-06-12,-211.95
2015-06-13,-211.96
2015-06-14,-211.97
2015-06-15,-211.975
2015-06-16,-211.98
2015-06-17,-211.985
2015-06-18,-211.99
2015-06-19,-212.0
2015-06-20,-212.01
2015-06-21,-212.02
2015-06-22,-212.03
2015-06-23,-212.035
2015-06-24,-212.045
2015-06-25,-212.05
2015-06-26,-212.06
2015-06-27,-212.07
2015-06-28,-212.08
2015-06-29,-212.09
2015-06-30,-212.095
2015-07-01,-212.1
2015-07-02,-212.105
2015-07-03,-212.115
2015-07-04,-212.125
2015-07-05,-212.135
2015-07-06,-212.14
2015-07-07,-212.15
2015-07-08,-212.16
2015-07-09,-212.17
2015-07-10,-212.18
2015-07-11,-212.19
2015-07-12,-212.2
2015-07-13,-212.21
2015-07-14,-212.215
2015-07-15,-212.22
2015-07-16,-212.23
2015-07-17,-212.24
2015-07-18,-212.25
2015-07-19,-212.26
2015-07-20,-212.27
2015-07-21,-212.275
2015-07-22,-212.28
2015-07-23,-212.285
2015-07-24,-212.295
2015-07-25,-212.305
2015-07-26,-212.31
2015-07-27,-212.32
2015-07-28,-212.33
2015-07-29,-212.335
2015-07-30,-212.34
2015-07-31,-212.35
2015-08-01,-212.365
2015-08-02,-212.38
2015-08-03,-212.385
2015-08-04,-212.39
2015-08-05,-212.395
2015-08-06,-212.4
2015-08-07,-212.415
2015-08-08,-212.43
2015-08-09,-212.44
2015-08-10,-212.445
2015-08-11,-212.45
2015-08-12,-212.46
2015-08-13,-212.47
2015-08-14,-212.48
2015-08-15,-212.49
2015-08-16,-212.5
2015-08-17,-212.51
2015-08-18,-212.52
2015-08-19,-212.525
2015-08-20,-212.53
2015-08-21,-212.545
2015-08-22,-212.56
2015-08-23,-212.57
2015-08-24,-212.58
2015-08-25,-212.585
2015-08-26,-212.59
2015-08-27,-212.6
2015-08-28,-212.61
2015-08-29,-212.62
2015-08-30,-212.63
2015-08-31,-212.64
2015-09-01,-212.65
2015-09-02,-212.655
2015-09-03,-212.66
2015-09-04,-212.665
2015-09-05,-212.67
2015-09-06,-212.68
2015-09-07,-212.685
2015-09-08,-212.69
2015-09-09,-212.69
2015-09-10,-212.695
2015-09-11,-212.7
2015-09-12,-212.705
2015-09-13,-212.71
2015-09-14,-212.715
2015-09-15,-212.72
2015-09-16,-212.725
2015-09-17,-212.725
2015-09-18,-212.73
2015-09-19,-212.74
2015-09-20,-212.745
2015-09-21,-212.75
2015-09-22,-212.76
2015-09-23,-212.765
2015-09-24,-212.77
2015-09-25,-212.78
2015-09-26,-212.785
2015-09-27,-212.79
2015-09-28,-212.795
2015-09-29,-212.8
2015-09-30,-212.805
2015-10-01,-212.81
2015-10-02,-212.815
2015-10-03,-212.82
2015-10-04,-212.825
2015-10-05,-212.83
2015-10-06,-212.835
2015-10-07,-212.835
2015-10-08,-212.84
2015-10-09,-212.845
2015-10-10,-212.85
2015-10-11,-212.855
2015-10-12,-212.86
2015-10-13,-212.865
2015-10-14,-212.865
2015-10-15,-212.87
2015-10-16,-212.875
2015-10-17,-212.88
2015-10-18,-212.885
2015-10-19,-212.885
2015-10-20,-212.89
2015-10-21,-212.895
2015-10-22,-212.9
2015-10-23,-212.905
2015-10-24,-212.91
2015-10-25,-212.915
2015-10-26,-212.915
2015-10-27,-212.915
2015-10-28,-212.915
2015-10-29,-212.92
2015-10-30,-212.925
2015-10-31,-212.93
2015-11-01,-212.935
2015-11-02,-212.94
2015-11-03,-212.945
2015-11-04,-212.945
2015-11-05,-212.95
2015-11-06,-212.96
2015-11-07,-212.97
2015-11-08,-212.98
2015-11-09,-212.98
2015-11-10,-212.965
2015-11-11,-212.965
2015-11-12,-212.965
2015-11-13,-212.97
2015-11-14,-212.975
2015-11-15,-212.98
2015-11-16,-212.985
2015-11-17,-212.985
2015-11-18,-212.99
2015-11-19,-212.995
2015-11-20,-212.995
2015-11-21,-213.0
2015-11-22,-213.0
2015-11-23,-213.0
2015-11-24,-213.005
2015-11-25,-213.01
2015-11-26,-213.01
2015-11-27,-213.015
2015-11-28,-213.015
2015-11-29,-213.02
2015-11-30,-213.02
2015-12-01,-213.01
2015-12-02,-213.01
2015-12-03,-213.005
2015-12-04,-213.01
2015-12-05,-213.01
2015-12-06,-213.01
2015-12-07,-213.015
2015-12-08,-213.015
2015-12-09,-213.02
2015-12-10,-213.02
2015-12-11,-213.025
2015-12-12,-213.03
2015-12-13,-213.035
2015-12-14,-213.035
2015-12-15,-213.04
2015-12-16,-213.04
2015-12-17,-213.04
2015-12-18,-213.04
2015-12-19,-213.04
2015-12-20,-213.035
2015-12-21,-213.035
2015-12-22,-213.035
2015-12-23,-213.035
2015-12-24,-213.035
2015-12-25,-213.04
2015-12-26,-213.04
2015-12-27,-213.04
2015-12-28,-213.04
2015-12-29,-213.04
2015-12-30,-213.04
2015-12-31,-213.01
2016-01-01,-213.0
2016-01-02,-213.0
2016-01-03,-213.0
2016-01-04,-212.995
2016-01-05,-212.995
2016-01-06,-212.99
2016-01-07,-212.99
2016-01-08,-212.95
2016-01-09,-212.93
2016-01-10,-212.925
2016-01-11,-212.925
2016-01-12,-212.925
2016-01-13,-212.92
2016-01-14,-212.92
2016-01-15,-212.905
2016-01-16,-212.9
2016-01-17,-212.895
2016-01-18,-212.89
2016-01-19,-212.88
2016-01-20,-212.85
2016-01-21,-212.85
2016-01-22,-212.845
2016-01-23,-212.845
2016-01-24,-212.84
2016-01-25,-212.83
2016-01-26,-212.82
2016-01-27,-212.82
2016-01-28,-212.82
2016-01-29,-212.82
2016-01-30,-212.82
2016-01-31,-212.82
2016-02-01,-212.815
2016-02-02,-212.815
2016-02-03,-212.81
2016-02-04,-212.8
2016-02-05,-212.79
2016-02-06,-212.78
2016-02-07,-212.77
2016-02-08,-212.755
2016-02-09,-212.745
2016-02-10,-212.74
2016-02-11,-212.73
2016-02-12,-212.72
2016-02-13,-212.715
2016-02-14,-212.71
2016-02-15,-212.7
2016-02-16,-212.69
2016-02-17,-212.685
2016-02-18,-212.68
2016-02-19,-212.675
2016-02-20,-212.67
2016-02-21,-212.665
2016-02-22,-212.65
2016-02-23,-212.63
2016-02-24,-212.62
2016-02-25,-212.61
2016-02-26,-212.6
2016-02-27,-212.595
2016-02-28,-212.59
2016-02-29,-212.585
2016-03-01,-212.58
2016-03-02,-212.575
2016-03-03,-212.57
2016-03-04,-212.565
2016-03-05,-212.56
2016-03-06,-212.555
2016-03-07,-212.55
2016-03-08,-212.545
2016-03-09,-212.54
2016-03-10,-212.54
2016-03-11,-212.54
2016-03-12,-212.535
2016-03-13,-212.535
2016-03-14,-212.53
2016-03-15,-212.52
2016-03-16,-212.51
2016-03-17,-212.5
2016-03-18,-212.495
2016-03-19,-212.49
2016-03-20,-212.49
2016-03-21,-212.485
2016-03-22,-212.48
2016-03-23,-212.475
2016-03-24,-212.47
2016-03-25,-212.465
2016-03-26,-212.46
2016-03-27,-212.455
2016-03-28,-212.45
2016-03-29,-212.44
2016-03-30,-212.435
2016-03-31,-212.43
2016-04-01,-212.425
2016-04-02,-212.42
2016-04-03,-212.415
2016-04-04,-212.415
2016-04-05,-212.41
2016-04-06,-212.405
2016-04-07,-212.405
2016-04-08,-212.4
2016-04-09,-212.4
2016-04-10,-212.395
2016-04-11,-212.395
2016-04-12,-212.39
2016-04-13,-212.39
2016-04-14,-212.38
2016-04-15,-212.37
2016-04-16,-212.365
2016-04-17,-212.365
2016-04-18,-212.36
2016-04-19,-212.355
2016-04-20,-212.355
2016-04-21,-212.355
2016-04-22,-212.35
2016-04-23,-212.35
2016-04-24,-212.35
2016-04-25,-212.355
2016-04-26,-212.355
2016-04-27,-212.36
2016-04-28,-212.36
2016-04-29,-212.36
2016-04-30,-212.365
2016-05-01,-212.365
2016-05-02,-212.365
2016-05-03,-212.365
2016-05-04,-212.37
2016-05-05,-212.375
2016-05-06,-212.375
2016-05-07,-212.38
2016-05-08,-212.38
2016-05-09,-212.385
2016-05-10,-212.385
2016-05-11,-212.39
2016-05-12,-212.39
2016-05-13,-212.395
2016-05-14,-212.4
2016-05-15,-212.4
2016-05-16,-212.405
2016-05-17,-212.41
2016-05-18,-212.42
2016-05-19,-212.43
2016-05-20,-212.44
2016-05-21,-212.45
2016-05-22,-212.46
2016-05-23,-212.465
2016-05-24,-212.47
2016-05-25,-212.475
2016-05-26,-212.48
2016-05-27,-212.48
2016-05-28,-212.48
2016-05-29,-212.485
2016-05-30,-212.49
2016-05-31,-212.5
2016-06-01,-212.51
2016-06-02,-212.52
2016-06-03,-212.53
2016-06-04,-212.54
2016-06-05,-212.55
2016-06-06,-212.56
2016-06-07,-212.57
2016-06-08,-212.58
2016-06-09,-212.59
2016-06-10,-212.6
2016-06-11,-212.61
2016-06-12,-212.615
2016-06-13,-212.62
2016-06-14,-212.63
2016-06-15,-212.64
2016-06-16,-212.65
2016-06-17,-212.66
2016-06-18,-212.67
2016-06-19,-212.68
2016-06-20,-212.685
2016-06-21,-212.69
2016-06-22,-212.695
2016-06-23,-212.7
2016-06-24,-212.71
2016-06-25,-212.72
2016-06-26,-212.73
2016-06-27,-212.74
2016-06-28,-212.745
2016-06-29,-212.75
2016-06-30,-212.755
2016-07-01,-212.76
2016-07-02,-212.77
2016-07-03,-212.78
2016-07-04,-212.79
2016-07-05,-212.8
2016-07-06,-212.81
2016-07-07,-212.82
2016-07-08,-212.83
2016-07-09,-212.84
2016-07-10,-212.85
2016-07-11,-212.855
2016-07-12,-212.865
2016-07-13,-212.87
2016-07-14,-212.88
2016-07-15,-212.89
2016-07-16,-212.9
2016-07-17,-212.91
2016-07-18,-212.92
2016-07-19,-212.925
2016-07-20,-212.935
2016-07-21,-212.95
2016-07-22,-212.96
2016-07-23,-212.975
2016-07-24,-212.99
2016-07-25,-213.0
2016-07-26,-213.01
2016-07-27,-213.02
2016-07-28,-213.03
2016-07-29,-213.04
2016-07-30,-213.05
2016-07-31,-213.06
2016-08-01,-213.065
2016-08-02,-213.07
2016-08-03,-213.08
2016-08-04,-213.09
2016-08-05,-213.1
2016-08-06,-213.115
2016-08-07,-213.125
2016-08-08,-213.13
2016-08-09,-213.135
2016-08-10,-213.14
2016-08-11,-213.145
2016-08-12,-213.16
2016-08-13,-213.17
2016-08-14,-213.18
2016-08-15,-213.19
2016-08-16,-213.2
2016-08-17,-213.205
2016-08-18,-213.215
2016-08-19,-213.22
2016-08-20,-213.23
2016-08-21,-213.24
2016-08-22,-213.245
2016-08-23,-213.255
2016-08-24,-213.26
2016-08-25,-213.265
2016-08-26,-213.275
2016-08-27,-213.285
2016-08-28,-213.295
2016-08-29,-213.3
2016-08-30,-213.31
2016-08-31,-213.315
2016-09-01,-213.32
2016-09-02,-213.34
2016-09-03,-213.35
2016-09-04,-213.36
2016-09-05,-213.365
2016-09-06,-213.375
2016-09-07,-213.385
2016-09-08,-213.39
2016-09-09,-213.4
2016-09-10,-213.41
2016-09-11,-213.415
2016-09-12,-213.425
2016-09-13,-213.43
2016-09-14,-213.44
2016-09-15,-213.445
2016-09-16,-213.455
2016-09-17,-213.46
2016-09-18,-213.465
2016-09-19,-213.47
2016-09-20,-213.485
2016-09-21,-213.49
2016-09-22,-213.5
2016-09-23,-213.51
2016-09-24,-213.515
2016-09-25,-213.52
2016-09-26,-213.525
2016-09-27,-213.535
2016-09-28,-213.54
2016-09-29,-213.545
2016-09-30,-213.55
2016-10-01,-213.56
2016-10-02,-213.565
2016-10-03,-213.57
2016-10-04,-213.58
2016-10-05,-213.59
2016-10-06,-213.6
2016-10-07,-213.6
2016-10-08,-213.605
2016-10-09,-213.61
2016-10-10,-213.62
2016-10-11,-213.625
2016-10-12,-213.63
2016-10-13,-213.635
2016-10-14,-213.64
2016-10-15,-213.645
2016-10-16,-213.645
2016-10-17,-213.65
2016-10-18,-213.66
2016-10-19,-213.665
2016-10-20,-213.67
2016-10-21,-213.675
2016-10-22,-213.68
2016-10-23,-213.685
2016-10-24,-213.69
2016-10-25,-213.695
2016-10-26,-213.7
2016-10-27,-213.7
2016-10-28,-213.705
2016-10-29,-213.705
2016-10-30,-213.71
2016-10-31,-213.715
2016-11-01,-213.71
2016-11-02,-213.71
2016-11-03,-213.715
2016-11-04,-213.73
2016-11-05,-213.735
2016-11-06,-213.74
2016-11-07,-213.74
2016-11-08,-213.745
2016-11-09,-213.75
2016-11-10,-213.755
2016-11-11,-213.76
2016-11-12,-213.76
2016-11-13,-213.765
2016-11-14,-213.765
2016-11-15,-213.77
2016-11-16,-213.77
2016-11-17,-213.775
2016-11-18,-213.78
2016-11-19,-213.79
2016-11-20,-213.8
2016-11-21,-213.8
2016-11-22,-213.805
2016-11-23,-213.805
2016-11-24,-213.805
2016-11-25,-213.81
2016-11-26,-213.81
2016-11-27,-213.82
2016-11-28,-213.82
2016-11-29,-213.825
2016-11-30,-213.835
2016-12-01,-213.84
2016-12-02,-213.81
2016-12-03,-213.8
2016-12-04,-213.79
2016-12-05,-213.79
2016-12-06,-213.785
2016-12-07,-213.785
2016-12-08,-213.78
2016-12-09,-213.775
2016-12-10,-213.775
2016-12-11,-213.775
2016-12-12,-213.77
2016-12-13,-213.76
2016-12-14,-213.72
2016-12-15,-213.7
2016-12-16,-213.7
2016-12-17,-213.7
2016-12-18,-213.7
2016-12-19,-213.695
2016-12-20,-213.695
2016-12-21,-213.695
2016-12-22,-213.695
2016-12-23,-213.696
2016-12-24,-213.69
2016-12-25,-213.685
2016-12-26,-213.67
2016-12-27,-213.665
2016-12-28,-213.63
2016-12-29,-213.62
2016-12-30,-213.61
2016-12-31,-213.605
2017-01-01,-213.6
2017-01-02,-213.595
2017-01-03,-213.59
2017-01-04,-213.58
2017-01-05,-213.575
2017-01-06,-213.57
2017-01-07,-213.565
2017-01-08,-213.56
2017-01-09,-213.56
2017-01-10,-213.56
2017-01-11,-213.545
2017-01-12,-213.54
2017-01-13,-213.54
2017-01-14,-213.53
2017-01-15,-213.52
2017-01-16,-213.52
2017-01-17,-213.515
2017-01-18,-213.505
2017-01-19,-213.495
2017-01-20,-213.485
2017-01-21,-213.475
2017-01-22,-213.465
2017-01-23,-213.455
2017-01-24,-213.445
2017-01-25,-213.435
2017-01-26,-213.435
2017-01-27,-213.425
2017-01-28,-213.41
2017-01-29,-213.395
2017-01-30,-213.39
2017-01-31,-213.385
2017-02-01,-213.38
2017-02-02,-213.375
2017-02-03,-213.365
2017-02-04,-213.355
2017-02-05,-213.35
2017-02-06,-213.34
2017-02-07,-213.33
2017-02-08,-213.32
2017-02-09,-213.31
2017-02-10,-213.3
2017-02-11,-213.29
2017-02-12,-213.275
2017-02-13,-213.26
2017-02-14,-213.255
2017-02-15,-213.24
2017-02-16,-213.23
2017-02-17,-213.22
2017-02-18,-213.215
2017-02-19,-213.21
2017-02-20,-213.21
2017-02-21,-213.21
2017-02-22,-213.2
2017-02-23,-213.195
2017-02-24,-213.185
2017-02-25,-213.18
2017-02-26,-213.175
2017-02-27,-213.17
2017-02-28,-213.165
2017-03-01,-213.16
2017-03-02,-213.155
2017-03-03,-213.15
2017-03-04,-213.145
2017-03-05,-213.14
2017-03-06,-213.135
2017-03-07,-213.13
2017-03-08,-213.13
2017-03-09,-213.13
2017-03-10,-213.125
2017-03-11,-213.12
2017-03-12,-213.115
2017-03-13,-213.1
2017-03-14,-213.09
2017-03-15,-213.085
2017-03-16,-213.07
2017-03-17,-213.065
2017-03-18,-213.06
2017-03-19,-213.05
2017-03-20,-213.045
2017-03-21,-213.04
2017-03-22,-213.04
2017-03-23,-213.035
2017-03-24,-213.025
2017-03-25,-213.015
2017-03-26,-213.01
2017-03-27,-213.01
2017-03-28,-213.01
2017-03-29,-213.0
2017-03-30,-213.0
2017-03-31,-213.0
2017-04-01,-213.0
2017-04-02,-212.995
2017-04-03,-212.99
2017-04-04,-212.985
2017-04-05,-212.98
2017-04-06,-212.975
2017-04-07,-212.97
2017-04-08,-212.965
2017-04-09,-212.965
2017-04-10,-212.96
2017-04-11,-212.955
2017-04-12,-212.95
2017-04-13,-212.945
2017-04-14,-212.94
2017-04-15,-212.935
2017-04-16,-212.93
2017-04-17,-212.925
2017-04-18,-212.925
2017-04-19,-212.925
2017-04-20,-212.92
2017-04-21,-212.93
2017-04-22,-212.935
2017-04-23,-212.94
2017-04-24,-212.945
2017-04-25,-212.945
2017-04-26,-212.955
2017-04-27,-212.955
2017-04-28,-212.96
2017-04-29,-212.96
2017-04-30,-212.96
2017-05-01,-212.96
2017-05-02,-212.96
2017-05-03,-212.96
2017-05-04,-212.96
2017-05-05,-212.96
2017-05-06,-212.96
2017-05-07,-212.96
2017-05-08,-212.96
2017-05-09,-212.96
2017-05-10,-212.965
2017-05-11,-212.97
2017-05-12,-212.975
2017-05-13,-212.98
2017-05-14,-212.985
2017-05-15,-212.99
2017-05-16,-212.995
2017-05-17,-213.0
2017-05-18,-213.0
2017-05-19,-213.01
2017-05-20,-213.02
2017-05-21,-213.025
2017-05-22,-213.04
2017-05-23,-213.045
2017-05-24,-213.05
2017-05-25,-213.055
2017-05-26,-213.065
2017-05-27,-213.075
2017-05-28,-213.085
2017-05-29,-213.09
2017-05-30,-213.1
2017-05-31,-213.105
2017-06-01,-213.11
2017-06-02,-213.12
2017-06-03,-213.13
2017-06-04,-213.135
2017-06-05,-213.14
2017-06-06,-213.145
2017-06-07,-213.15
2017-06-08,-213.165
2017-06-09,-213.175
2017-06-10,-213.185
2017-06-11,-213.2
2017-06-12,-213.205
2017-06-13,-213.21
2017-06-14,-213.215
2017-06-15,-213.225
2017-06-16,-213.235
2017-06-17,-213.245
2017-06-18,-213.25
2017-06-19,-213.255
2017-06-20,-213.26
2017-06-21,-213.27
2017-06-22,-213.28
2017-06-23,-213.29
2017-06-24,-213.3
2017-06-25,-213.305
2017-06-26,-213.31
2017-06-27,-213.315
2017-06-28,-213.32
2017-06-29,-213.33
2017-06-30,-213.335
2017-07-01,-213.34
2017-07-02,-213.345
2017-07-03,-213.35
2017-07-04,-213.355
2017-07-05,-213.36
2017-07-06,-213.37
2017-07-07,-213.38
2017-07-08,-213.39
2017-07-09,-213.395
2017-07-10,-213.41
2017-07-11,-213.415
2017-07-12,-213.42
2017-07-13,-213.43
2017-07-14,-213.44
2017-07-15,-213.45
2017-07-16,-213.455
2017-07-17,-213.47
2017-07-18,-213.48
2017-07-19,-213.485
2017-07-20,-213.495
2017-07-21,-213.505
2017-07-22,-213.515
2017-07-23,-213.525
2017-07-24,-213.535
2017-07-25,-213.545
2017-07-26,-213.55
2017-07-27,-213.555
2017-07-28,-213.565
2017-07-29,-213.575
2017-07-30,-213.585
2017-07-31,-213.6
2017-08-01,-213.61
2017-08-02,-213.62
2017-08-03,-213.63
2017-08-04,-213.64
2017-08-05,-213.65
2017-08-06,-213.66
2017-08-07,-213.67
2017-08-08,-213.68
2017-08-09,-213.69
2017-08-10,-213.695
2017-08-11,-213.7
2017-08-12,-213.705
2017-08-13,-213.71
2017-08-14,-213.72
2017-08-15,-213.725
2017-08-16,-213.735
2017-08-17,-213.745
2017-08-18,-213.755
2017-08-19,-213.765
2017-08-20,-213.775
2017-08-21,-213.785
2017-08-22,-213.79
2017-08-23,-213.8
2017-08-24,-213.81
2017-08-25,-213.82
2017-08-26,-213.825
2017-08-27,-213.835
2017-08-28,-213.845
2017-08-29,-213.855
2017-08-30,-213.865
2017-08-31,-213.875
2017-09-01,-213.885
2017-09-02,-213.89
2017-09-03,-213.9
2017-09-04,-213.905
2017-09-05,-213.915
2017-09-06,-213.92
2017-09-07,-213.93
2017-09-08,-213.94
2017-09-09,-213.95
2017-09-10,-213.955
2017-09-11,-213.96
2017-09-12,-213.97
2017-09-13,-213.975
2017-09-14,-213.98
2017-09-15,-213.99
2017-09-16,-214.0
2017-09-17,-214.01
2017-09-18,-214.015
2017-09-19,-214.02
2017-09-20,-214.03
2017-09-21,-214.04
2017-09-22,-214.05
2017-09-23,-214.055
2017-09-24,-214.06
2017-09-25,-214.065
2017-09-26,-214.075
2017-09-27,-214.08
2017-09-28,-214.085
2017-09-29,-214.1
2017-09-30,-214.11
2017-10-01,-214.12
2017-10-02,-214.125
2017-10-03,-214.125
2017-10-04,-214.13
2017-10-05,-214.135
2017-10-06,-214.14
2017-10-07,-214.145
2017-10-08,-214.15
2017-10-09,-214.155
2017-10-10,-214.16
2017-10-11,-214.165
2017-10-12,-214.17
2017-10-13,-214.175
2017-10-14,-214.18
2017-10-15,-214.185
2017-10-16,-214.19
2017-10-17,-214.195
2017-10-18,-214.195
2017-10-19,-214.2
2017-10-20,-214.205
2017-10-21,-214.21
2017-10-22,-214.215
2017-10-23,-214.22
2017-10-24,-214.225
2017-10-25,-214.23
2017-10-26,-214.235
2017-10-27,-214.24
2017-10-28,-214.245
2017-10-29,-214.25
2017-10-30,-214.255
2017-10-31,-214.26
2017-11-01,-214.26
2017-11-02,-214.265
2017-11-03,-214.27
2017-11-04,-214.275
2017-11-05,-214.28
2017-11-06,-214.285
2017-11-07,-214.285
2017-11-08,-214.29
2017-11-09,-214.29
2017-11-10,-214.295
2017-11-11,-214.295
2017-11-12,-214.3
2017-11-13,-214.305
2017-11-14,-214.305
2017-11-15,-214.31
2017-11-16,-214.31
2017-11-17,-214.315
2017-11-18,-214.315
2017-11-19,-214.32
2017-11-20,-214.32
2017-11-21,-214.325
2017-11-22,-214.325
2017-11-23,-214.325
2017-11-24,-214.33
2017-11-25,-214.33
2017-11-26,-214.335
2017-11-27,-214.34
2017-11-28,-214.34
2017-11-29,-214.34
2017-11-30,-214.34
2017-12-01,-214.35
2017-12-02,-214.35
2017-12-03,-214.355
2017-12-04,-214.355
2017-12-05,-214.355
2017-12-06,-214.355
2017-12-07,-214.36
2017-12-08,-214.36
2017-12-09,-214.365
2017-12-10,-214.365
2017-12-11,-214.365
2017-12-12,-214.37
2017-12-13,-214.37
2017-12-14,-214.375
2017-12-15,-214.38
2017-12-16,-214.38
2017-12-17,-214.385
2017-12-18,-214.39
2017-12-19,-214.39
2017-12-20,-214.395
2017-12-21,-214.395
2017-12-22,-214.395
2017-12-23,-214.395
2017-12-24,-214.395
2017-12-25,-214.38
2017-12-26,-214.38
2017-12-27,-214.38
2017-12-28,-214.38
2017-12-29,-214.375
2017-12-30,-214.37
2017-12-31,-214.375
2018-01-01,-214.37
2018-01-02,-214.36
2018-01-03,-214.36
2018-01-04,-214.35
2018-01-05,-214.33
2018-01-06,-214.302
2018-01-07,-214.275
2018-01-08,-214.27
2018-01-09,-214.265
2018-01-10,-214.26
2018-01-11,-214.26
2018-01-12,-214.26
2018-01-13,-214.255
2018-01-14,-214.255
2018-01-15,-214.245
2018-01-16,-214.24
2018-01-17,-214.235
2018-01-18,-214.225
2018-01-19,-214.22
2018-01-20,-214.2
2018-01-21,-214.2
2018-01-22,-214.19
2018-01-23,-214.185
2018-01-24,-214.17
2018-01-25,-214.155
2018-01-26,-214.11
2018-01-27,-214.01
2018-01-28,-213.98
2018-01-29,-213.965
2018-01-30,-213.95
2018-01-31,-213.94
2018-02-01,-213.93
2018-02-02,-213.925
2018-02-03,-213.92
2018-02-04,-213.91
2018-02-05,-213.905
2018-02-06,-213.9
2018-02-07,-213.895
2018-02-08,-213.89
2018-02-09,-213.88
2018-02-10,-213.87
2018-02-11,-213.865
2018-02-12,-213.86
2018-02-13,-213.84
2018-02-14,-213.815
2018-02-15,-213.81
2018-02-16,-213.8
2018-02-17,-213.775
2018-02-18,-213.75
2018-02-19,-213.72
2018-02-20,-213.7
2018-02-21,-213.68
2018-02-22,-213.665
2018-02-23,-213.64
2018-02-24,-213.63
2018-02-25,-213.625
2018-02-26,-213.62
2018-02-27,-213.595
2018-02-28,-213.57
2018-03-01,-213.56
2018-03-02,-213.55
2018-03-03,-213.54
2018-03-04,-213.53
2018-03-05,-213.525
2018-03-06,-213.52
2018-03-07,-213.51
2018-03-08,-213.505
2018-03-09,-213.5
2018-03-10,-213.495
2018-03-11,-213.49
2018-03-12,-213.48
2018-03-13,-213.475
2018-03-14,-213.475
2018-03-15,-213.47
2018-03-16,-213.465
2018-03-17,-213.465
2018-03-18,-213.46
2018-03-19,-213.455
2018-03-20,-213.45
2018-03-21,-213.45
2018-03-22,-213.445
2018-03-23,-213.445
2018-03-24,-213.44
2018-03-25,-213.44
2018-03-26,-213.44
2018-03-27,-213.44
2018-03-28,-213.435
2018-03-29,-213.43
2018-03-30,-213.43
2018-03-31,-213.43
2018-04-01,-213.43
2018-04-02,-213.42
2018-04-03,-213.42
2018-04-04,-213.42
2018-04-05,-213.42
2018-04-06,-213.41
2018-04-07,-213.41
2018-04-08,-213.41
2018-04-09,-213.4
2018-04-10,-213.4
2018-04-11,-213.4
2018-04-12,-213.395
2018-04-13,-213.395
2018-04-14,-213.395
2018-04-15,-213.39
2018-04-16,-213.39
2018-04-17,-213.385
2018-04-18,-213.385
2018-04-19,-213.385
2018-04-20,-213.385
2018-04-21,-213.385
2018-04-22,-213.385
2018-04-23,-213.385
2018-04-24,-213.385
2018-04-25,-213.38
2018-04-26,-213.38
2018-04-27,-213.37
2018-04-28,-213.36
2018-04-29,-213.355
2018-04-30,-213.355
2018-05-01,-213.36
2018-05-02,-213.36
2018-05-03,-213.36
2018-05-04,-213.36
2018-05-05,-213.365
2018-05-06,-213.365
2018-05-07,-213.365
2018-05-08,-213.365
2018-05-09,-213.36
2018-05-10,-213.36
2018-05-11,-213.36
2018-05-12,-213.365
2018-05-13,-213.365
2018-05-14,-213.365
2018-05-15,-213.37
2018-05-16,-213.37
2018-05-17,-213.375
2018-05-18,-213.385
2018-05-19,-213.385
2018-05-20,-213.385
2018-05-21,-213.385
2018-05-22,-213.39
2018-05-23,-213.39
2018-05-24,-213.395
2018-05-25,-213.405
2018-05-26,-213.415
2018-05-27,-213.425
2018-05-28,-213.43
2018-05-29,-213.435
2018-05-30,-213.44
2018-05-31,-213.45
2018-06-01,-213.46
2018-06-02,-213.465
2018-06-03,-213.47
2018-06-04,-213.48
2018-06-05,-213.485
2018-06-06,-213.49
2018-06-07,-213.49
2018-06-08,-213.495
2018-06-09,-213.5
2018-06-10,-213.51
2018-06-11,-213.52
2018-06-12,-213.525
2018-06-13,-213.53
2018-06-14,-213.54
2018-06-15,-213.55
2018-06-16,-213.56
2018-06-17,-213.57
2018-06-18,-213.57
2018-06-19,-213.575
2018-06-20,-213.58
2018-06-21,-213.59
2018-06-22,-213.6
2018-06-23,-213.61
2018-06-24,-213.615
2018-06-25,-213.625
2018-06-26,-213.63
2018-06-27,-213.64
2018-06-28,-213.65
2018-06-29,-213.66
2018-06-30,-213.67
2018-07-01,-213.685
2018-07-02,-213.69
2018-07-03,-213.7
2018-07-04,-213.705
2018-07-05,-213.715
2018-07-06,-213.72
2018-07-07,-213.73
2018-07-08,-213.74
2018-07-09,-213.745
2018-07-10,-213.755
2018-07-11,-213.765
2018-07-12,-213.775
2018-07-13,-213.785
2018-07-14,-213.795
2018-07-15,-213.8
2018-07-16,-213.81
2018-07-17,-213.82
2018-07-18,-213.83
2018-07-19,-213.84
2018-07-20,-213.85
2018-07-21,-213.855
2018-07-22,-213.865
2018-07-23,-213.875
2018-07-24,-213.88
2018-07-25,-213.89
2018-07-26,-213.9
2018-07-27,-213.91
2018-07-28,-213.92
2018-07-29,-213.93
2018-07-30,-213.935
2018-07-31,-213.94
2018-08-01,-213.95
2018-08-02,-213.96
2018-08-03,-213.97
2018-08-04,-213.975
2018-08-05,-213.98
2018-08-06,-214.0
2018-08-07,-214.02
2018-08-08,-214.02
2018-08-09,-214.03
2018-08-10,-214.04
2018-08-11,-214.05
2018-08-12,-214.06
2018-08-13,-214.065
2018-08-14,-214.08
2018-08-15,-214.09
2018-08-16,-214.1
2018-08-17,-214.11
2018-08-18,-214.12
2018-08-19,-214.13
2018-08-20,-214.14
2018-08-21,-214.15
2018-08-22,-214.16
2018-08-23,-214.165
2018-08-24,-214.17
2018-08-25,-214.175
2018-08-26,-214.18
2018-08-27,-214.19
2018-08-28,-214.2
2018-08-29,-214.205
2018-08-30,-214.21
2018-08-31,-214.215
2018-09-01,-214.22
2018-09-02,-214.225
2018-09-03,-214.23
2018-09-04,-214.235
2018-09-05,-214.24
2018-09-06,-214.25
2018-09-07,-214.26
2018-09-08,-214.265
2018-09-09,-214.275
2018-09-10,-214.285
2018-09-11,-214.295
2018-09-12,-214.3
2018-09-13,-214.31
2018-09-14,-214.315
2018-09-15,-214.32
2018-09-16,-214.33
2018-09-17,-214.335
2018-09-18,-214.34
2018-09-19,-214.345
2018-09-20,-214.35
2018-09-21,-214.36
2018-09-22,-214.365
2018-09-23,-214.375
2018-09-24,-214.38
2018-09-25,-214.385
2018-09-26,-214.39
2018-09-27,-214.4
2018-09-28,-214.405
2018-09-29,-214.41
2018-09-30,-214.415
2018-10-01,-214.425
2018-10-02,-214.43
2018-10-03,-214.435
2018-10-04,-214.44
2018-10-05,-214.445
2018-10-06,-214.45
2018-10-07,-214.46
2018-10-08,-214.465
2018-10-09,-214.47
2018-10-10,-214.475
2018-10-11,-214.48
2018-10-12,-214.485
2018-10-13,-214.49
2018-10-14,-214.495
2018-10-15,-214.5
2018-10-16,-214.505
2018-10-17,-214.51
2018-10-18,-214.515
2018-10-19,-214.515
2018-10-20,-214.52
2018-10-21,-214.525
2018-10-22,-214.53
2018-10-23,-214.54
2018-10-24,-214.55
2018-10-25,-214.555
2018-10-26,-214.565
2018-10-27,-214.575
2018-10-28,-214.58
2018-10-29,-214.585
2018-10-30,-214.595
2018-10-31,-214.61
2018-11-01,-214.62
2018-11-02,-214.63
2018-11-03,-214.635
2018-11-04,-214.64
2018-11-05,-214.645
2018-11-06,-214.65
2018-11-07,-214.65
2018-11-08,-214.655
2018-11-09,-214.655
2018-11-10,-214.655
2018-11-11,-214.66
2018-11-12,-214.66
2018-11-13,-214.66
2018-11-14,-214.66
2018-11-15,-214.66
2018-11-16,-214.66
2018-11-17,-214.655
2018-11-18,-214.655
2018-11-19,-214.655
2018-11-20,-214.66
2018-11-21,-214.66
2018-11-22,-214.66
2018-11-23,-214.65
2018-11-24,-214.655
2018-11-25,-214.64
2018-11-26,-214.64
2018-11-27,-214.645
2018-11-28,-214.645
2018-11-29,-214.645
2018-11-30,-214.65
2018-12-01,-214.65
2018-12-02,-214.65
2018-12-03,-214.655
2018-12-04,-214.655
2018-12-05,-214.66
2018-12-06,-214.66
2018-12-07,-214.63
2018-12-08,-214.62
2018-12-09,-214.61
2018-12-10,-214.61
2018-12-11,-214.61
2018-12-12,-214.61
2018-12-13,-214.605
2018-12-14,-214.61
2018-12-15,-214.61
2018-12-16,-214.6
2018-12-17,-214.6
2018-12-18,-214.595
2018-12-19,-214.595
2018-12-20,-214.58
2018-12-21,-214.57
2018-12-22,-214.56
2018-12-23,-214.55
2018-12-24,-214.545
2018-12-25,-214.545
2018-12-26,-214.54
2018-12-27,-214.535
2018-12-28,-214.5
2018-12-29,-214.48
2018-12-30,-214.475
2018-12-31,-214.47
2019-01-01,-214.46
2019-01-02,-214.455
2019-01-03,-214.45
2019-01-04,-214.45
2019-01-05,-214.445
2019-01-06,-214.44
2019-01-07,-214.435
2019-01-08,-214.35
2019-01-09,-214.24
2019-01-10,-214.185
2019-01-11,-214.165
2019-01-12,-214.135
2019-01-13,-214.11
2019-01-14,-214.05
2019-01-15,-213.97
2019-01-16,-213.9
2019-01-17,-213.85
2019-01-18,-213.79
2019-01-19,-213.76
2019-01-20,-213.74
2019-01-21,-213.72
2019-01-22,-213.7
2019-01-23,-213.685
2019-01-24,-213.67
2019-01-25,-213.655
2019-01-26,-213.645
2019-01-27,-213.635
2019-01-28,-213.62
2019-01-29,-213.595
2019-01-30,-213.585
2019-01-31,-213.575
2019-02-01,-213.56
2019-02-02,-213.545
2019-02-03,-213.535
2019-02-04,-213.525
2019-02-05,-213.52
2019-02-06,-213.495
2019-02-07,-213.485
2019-02-08,-213.475
2019-02-09,-213.455
2019-02-10,-213.435
2019-02-11,-213.4
2019-02-12,-213.38
2019-02-13,-213.365
2019-02-14,-213.35
2019-02-15,-213.325
2019-02-16,-213.305
2019-02-17,-213.235
2019-02-18,-213.18
2019-02-19,-213.135
2019-02-20,-213.105
2019-02-21,-213.08
2019-02-22,-213.06
2019-02-23,-213.045
2019-02-24,-213.03
2019-02-25,-213.015
2019-02-26,-213.0
2019-02-27,-212.975
2019-02-28,-212.915
2019-03-01,-212.845
2019-03-02,-212.805
2019-03-03,-212.77
2019-03-04,-212.74
2019-03-05,-212.7
2019-03-06,-212.665
2019-03-07,-212.635
2019-03-08,-212.615
2019-03-09,-212.595
2019-03-10,-212.575
2019-03-11,-212.56
2019-03-12,-212.545
2019-03-13,-212.53
2019-03-14,-212.51
2019-03-15,-212.49
2019-03-16,-212.47
2019-03-17,-212.415
2019-03-18,-212.35
2019-03-19,-212.32
2019-03-20,-212.295
2019-03-21,-212.27
2019-03-22,-212.25
2019-03-23,-212.23
2019-03-24,-212.215
2019-03-25,-212.195
2019-03-26,-212.165
2019-03-27,-212.15
2019-03-28,-212.13
2019-03-29,-212.115
2019-03-30,-212.095
2019-03-31,-212.07
2019-04-01,-211.96
2019-04-02,-211.86
2019-04-03,-211.8
2019-04-04,-211.76
2019-04-05,-211.72
2019-04-06,-211.695
2019-04-07,-211.67
2019-04-08,-211.645
2019-04-09,-211.625
2019-04-10,-211.605
2019-04-11,-211.59
2019-04-12,-211.57
2019-04-13,-211.555
2019-04-14,-211.54
2019-04-15,-211.525
2019-04-16,-211.505
2019-04-17,-211.485
2019-04-18,-211.47
2019-04-19,-211.465
2019-04-20,-211.44
2019-04-21,-211.425
2019-04-22,-211.41
2019-04-23,-211.39
2019-04-24,-211.375
2019-04-25,-211.36
2019-04-26,-211.345
2019-04-27,-211.33
2019-04-28,-211.315
2019-04-29,-211.305
2019-04-30,-211.295
2019-05-01,-211.285
2019-05-02,-211.275
2019-05-03,-211.27
2019-05-04,-211.26
2019-05-05,-211.25
2019-05-06,-211.24
2019-05-07,-211.235
2019-05-08,-211.23
2019-05-09,-211.23
2019-05-10,-211.225
2019-05-11,-211.225
2019-05-12,-211.22
2019-05-13,-211.22
2019-05-14,-211.215
2019-05-15,-211.21
2019-05-16,-211.205
2019-05-17,-211.2
2019-05-18,-211.2
2019-05-19,-211.2
2019-05-20,-211.195
2019-05-21,-211.195
2019-05-22,-211.195
2019-05-23,-211.19
2019-05-24,-211.185
2019-05-25,-211.19
2019-05-26,-211.19
2019-05-27,-211.19
2019-05-28,-211.19
2019-05-29,-211.19
2019-05-30,-211.19
2019-05-31,-211.185
2019-06-01,-211.185
2019-06-02,-211.19
2019-06-03,-211.19
2019-06-04,-211.195
2019-06-05,-211.195
2019-06-06,-211.195
2019-06-07,-211.195
2019-06-08,-211.2
2019-06-09,-211.2
2019-06-10,-211.205
2019-06-11,-211.21
2019-06-12,-211.21
2019-06-13,-211.21
2019-06-14,-211.215
2019-06-15,-211.215
2019-06-16,-211.22
2019-06-17,-211.22
2019-06-18,-211.22
2019-06-19,-211.225
2019-06-20,-211.23
2019-06-21,-211.235
2019-06-22,-211.235
2019-06-23,-211.24
2019-06-24,-211.24
2019-06-25,-211.245
2019-06-26,-211.245
2019-06-27,-211.25
2019-06-28,-211.25
2019-06-29,-211.255
2019-06-30,-211.26
2019-07-01,-211.26
2019-07-02,-211.265
2019-07-03,-211.27
2019-07-04,-211.275
2019-07-05,-211.28
2019-07-06,-211.285
2019-07-07,-211.29
2019-07-08,-211.295
2019-07-09,-211.3
2019-07-10,-211.305
2019-07-11,-211.31
2019-07-12,-211.31
2019-07-13,-211.315
2019-07-14,-211.32
2019-07-15,-211.325
2019-07-16,-211.33
2019-07-17,-211.335
2019-07-18,-211.34
2019-07-19,-211.35
2019-07-20,-211.355
2019-07-21,-211.36
2019-07-22,-211.365
2019-07-23,-211.37
2019-07-24,-211.375
2019-07-25,-211.38
2019-07-26,-211.385
2019-07-27,-211.39
2019-07-28,-211.395
2019-07-29,-211.4
2019-07-30,-211.405
2019-07-31,-211.41
2019-08-01,-211.41
2019-08-02,-211.42
2019-08-03,-211.425
2019-08-04,-211.43
2019-08-05,-211.435
2019-08-06,-211.44
2019-08-07,-211.445
2019-08-08,-211.445
2019-08-09,-211.45
2019-08-10,-211.455
2019-08-11,-211.46
2019-08-12,-211.465
2019-08-13,-211.47
2019-08-14,-211.475
2019-08-15,-211.48
2019-08-16,-211.485
2019-08-17,-211.49
2019-08-18,-211.495
2019-08-19,-211.5
2019-08-20,-211.5
2019-08-21,-211.505
2019-08-22,-211.51
2019-08-23,-211.515
2019-08-24,-211.52
2019-08-25,-211.525
2019-08-26,-211.53
2019-08-27,-211.535
2019-08-28,-211.54
2019-08-29,-211.54
2019-08-30,-211.55
2019-08-31,-211.555
2019-09-01,-211.56
2019-09-02,-211.575
2019-09-03,-211.575
2019-09-04,-211.58
2019-09-08,-211.615
2019-09-09,-211.62
2019-09-10,-211.63
2019-09-11,-211.63
2019-09-12,-211.64
2019-09-13,-211.64
2019-09-14,-211.645
2019-09-15,-211.65
2019-09-16,-211.66
2019-09-17,-211.665
2019-09-18,-211.67
2019-09-19,-211.68
2019-09-20,-211.685
2019-09-21,-211.69
2019-09-22,-211.695
2019-09-23,-211.7
2019-09-24,-211.7
2019-09-25,-211.7
2019-09-26,-211.71
2019-09-27,-211.71
2019-09-28,-211.715
2019-09-29,-211.72
2019-09-30,-211.72
2019-10-01,-211.72
2019-10-02,-211.725
2019-10-03,-211.73
2019-10-04,-211.73
2019-10-05,-211.735
2019-10-06,-211.74
2019-10-07,-211.74
2019-10-08,-211.74
2019-10-09,-211.745
2019-10-10,-211.75
2019-10-11,-211.75
2019-10-12,-211.755
2019-10-13,-211.76
2019-10-14,-211.765
2019-10-15,-211.77
2019-10-16,-211.775
2019-10-17,-211.775
2019-10-18,-211.78
2019-10-19,-211.78
2019-10-20,-211.78
2019-10-21,-211.79
2019-10-22,-211.795
2019-10-23,-211.795
2019-10-24,-211.8
2019-10-25,-211.805
2019-10-26,-211.81
2019-10-27,-211.815
2019-10-28,-211.815
2019-10-29,-211.815
2019-10-30,-211.815
2019-10-31,-211.815
2019-11-01,-211.82
2019-11-02,-211.82
2019-11-03,-211.82
2019-11-04,-211.82
2019-11-05,-211.82
2019-11-06,-211.825
2019-11-07,-211.83
2019-11-08,-211.83
2019-11-09,-211.835
2019-11-10,-211.835
2019-11-11,-211.84
2019-11-12,-211.84
2019-11-13,-211.845
2019-11-14,-211.85
2019-11-15,-211.85
2019-11-16,-211.845
2019-11-17,-211.85
2019-11-18,-211.86
2019-11-19,-211.87
2019-11-20,-211.88
2019-11-21,-211.89
2019-11-22,-211.89
2019-11-23,-211.89
2019-11-24,-211.89
2019-11-25,-211.895
2019-11-26,-211.895
2019-11-27,-211.895
2019-11-28,-211.9
2019-11-29,-211.9
2019-11-30,-211.9
2019-12-01,-211.9
2019-12-02,-211.89
2019-12-03,-211.885
2019-12-04,-211.885
2019-12-05,-211.88
2019-12-06,-211.875
2019-12-07,-211.875
2019-12-08,-211.87
2019-12-09,-211.87
2019-12-10,-211.855
2019-12-11,-211.85
2019-12-12,-211.85
2019-12-13,-211.84
2019-12-14,-211.835
2019-12-15,-211.83
2019-12-16,-211.83
2019-12-17,-211.83
2019-12-18,-211.825
2019-12-19,-211.825
2019-12-20,-211.825
2019-12-21,-211.825
2019-12-22,-211.82
2019-12-23,-211.82
2019-12-24,-211.82
2019-12-25,-211.825
2019-12-26,-211.765
2019-12-27,-211.68
2019-12-28,-211.61
2019-12-29,-211.575
2019-12-30,-211.56
2019-12-31,-211.55
2020-01-01,-211.54
2020-01-02,-211.53
2020-01-03,-211.52
2020-01-04,-211.5
2020-01-05,-211.48
2020-01-06,-211.39
2020-01-07,-211.34
2020-01-08,-211.33
2020-01-09,-211.1
2020-01-10,-210.96
2020-01-11,-210.9
2020-01-12,-210.86
2020-01-13,-210.84
2020-01-14,-210.81
2020-01-15,-210.795
2020-01-16,-210.78
2020-01-17,-210.76
2020-01-18,-210.74
2020-01-19,-210.715
2020-01-20,-210.665
2020-01-21,-210.595
2020-01-22,-210.555
2020-01-23,-210.53
2020-01-24,-210.49
2020-01-25,-210.44
2020-01-26,-210.41
2020-01-27,-210.39
2020-01-28,-210.37
2020-01-29,-210.345
2020-01-30,-210.325
2020-01-31,-210.3
2020-02-01,-210.27
2020-02-02,-210.245
2020-02-03,-210.22
2020-02-04,-210.2
2020-02-05,-210.185
2020-02-06,-210.165
2020-02-07,-210.15
2020-02-08,-210.13
2020-02-09,-210.08
2020-02-10,-210.04
2020-02-11,-210.02
2020-02-12,-210.0
2020-02-13,-209.96
2020-02-14,-209.94
2020-02-15,-209.925
2020-02-16,-209.915
2020-02-17,-209.895
2020-02-18,-209.88
2020-02-19,-209.86
2020-02-20,-209.84
2020-02-21,-209.825
2020-02-22,-209.81
2020-02-23,-209.79
2020-02-24,-209.775
2020-02-25,-209.76
2020-02-26,-209.75
2020-02-27,-209.735
2020-02-28,-209.72
2020-02-29,-209.71
2020-03-01,-209.68
2020-03-02,-209.66
2020-03-03,-209.64
2020-03-04,-209.625
2020-03-05,-209.61
2020-03-06,-209.595
2020-03-07,-209.58
2020-03-08,-209.57
2020-03-09,-209.56
2020-03-10,-209.545
2020-03-11,-209.535
2020-03-12,-209.525
2020-03-13,-209.505
2020-03-14,-209.49
2020-03-15,-209.48
2020-03-16,-209.47
2020-03-17,-209.46
2020-03-18,-209.44
2020-03-19,-209.42
2020-03-20,-209.4
2020-03-21,-209.35
2020-03-22,-209.31
2020-03-23,-209.29
2020-03-24,-209.275
2020-03-25,-209.26
2020-03-26,-209.24
2020-03-27,-209.225
2020-03-28,-209.21
2020-03-29,-209.2
2020-03-30,-209.19
2020-03-31,-209.175
2020-04-01,-209.16
2020-04-02,-209.145
2020-04-03,-209.13
2020-04-04,-209.125
2020-04-05,-209.12
2020-04-06,-209.11
2020-04-07,-209.1
2020-04-08,-209.09
2020-04-09,-209.08
2020-04-10,-209.07
2020-04-11,-209.03
2020-04-12,-209.01
2020-04-13,-209.0
2020-04-14,-208.985
2020-04-15,-208.975
2020-04-16,-208.965
2020-04-18,-208.95
2020-04-19,-208.945
2020-04-20,-208.94
2020-04-21,-208.935
2020-04-22,-208.93
2020-04-24,-208.925
2020-04-25,-208.925
2020-04-26,-208.93
2020-04-27,-208.925
2020-04-28,-208.92
2020-04-29,-208.92
2020-04-30,-208.925
2020-05-01,-208.92
2020-05-02,-208.92
2020-05-03,-208.92
2020-05-04,-208.92
2020-05-05,-208.91
2020-05-06,-208.91
2020-05-07,-208.91
2020-05-08,-208.905
2020-05-09,-208.895
2020-05-10,-208.9
2020-05-11,-208.9
2020-05-12,-208.9
2020-05-13,-208.9
2020-05-14,-208.895
2020-05-15,-208.89
2020-05-16,-208.895
2020-05-17,-208.9
2020-05-18,-208.9
2020-05-19,-208.9
2020-05-20,-208.905
2020-05-21,-208.91
2020-05-22,-208.915
2020-05-23,-208.92
2020-05-24,-208.935
2020-05-25,-208.94
2020-05-26,-208.935
2020-05-27,-208.94
2020-05-28,-208.95
2020-05-29,-208.96
2020-05-30,-208.97
2020-05-31,-208.98
2020-06-01,-208.98
2020-06-02,-208.985
2020-06-03,-208.985
2020-06-04,-208.99
2020-06-05,-208.995
2020-06-06,-209.0
2020-06-07,-209.005
2020-06-08,-209.015
2020-06-09,-209.02
2020-06-10,-209.025
2020-06-11,-209.03
2020-06-12,-209.035
2020-06-13,-209.04
2020-06-14,-209.04
2020-06-15,-209.045
2020-06-16,-209.05
2020-06-17,-209.055
2020-06-18,-209.06
2020-06-19,-209.065
2020-06-20,-209.07
2020-06-21,-209.08
2020-06-22,-209.08
2020-06-23,-209.09
2020-06-24,-209.095
2020-06-25,-209.1
2020-06-26,-209.105
2020-06-27,-209.11
2020-06-28,-209.12
2020-06-29,-209.13
2020-06-30,-209.13
2020-07-01,-209.135
2020-07-02,-209.14
2020-07-03,-209.15
2020-07-04,-209.16
2020-07-05,-209.165
2020-07-06,-209.17
2020-07-07,-209.18
2020-07-08,-209.185
2020-07-09,-209.19
2020-07-10,-209.2
2020-07-11,-209.21
2020-07-12,-209.22
2020-07-13,-209.22
2020-07-14,-209.23
2020-07-15,-209.24
2020-07-16,-209.24
2020-07-17,-209.25
2020-07-18,-209.265
2020-07-19,-209.275
2020-07-20,-209.285
2020-07-21,-209.29
2020-07-22,-209.3
2020-07-23,-209.305
2020-07-24,-209.31
2020-07-25,-209.33
2020-07-26,-209.34
2020-07-27,-209.345
2020-07-28,-209.355
2020-07-29,-209.36
2020-07-30,-209.365
2020-07-31,-209.37
2020-08-01,-209.385
2020-08-02,-209.4
2020-08-03,-209.4
2020-08-04,-209.405
2020-08-05,-209.41
2020-08-06,-209.42
2020-08-07,-209.425
2020-08-08,-209.43
2020-08-09,-209.435
2020-08-10,-209.44
2020-08-11,-209.445
2020-08-12,-209.45
2020-08-13,-209.455
2020-08-16,-209.465
2020-08-17,-209.47
2020-08-18,-209.47
2020-08-19,-209.475
2020-08-20,-209.48
2020-08-21,-209.49
2020-08-22,-209.5
2020-08-23,-209.51
2020-08-24,-209.51
2020-08-25,-209.515
2020-08-26,-209.52
2020-08-27,-209.525
2020-08-28,-209.53
2020-08-29,-209.53
2020-08-30,-209.53
2020-08-31,-209.525
2020-09-01,-209.53
2020-09-02,-209.53
2020-09-03,-209.535
2020-09-04,-209.54
2020-09-05,-209.545
2020-09-06,-209.555
2020-09-07,-209.56
2020-09-08,-209.565
2020-09-09,-209.57
2020-09-10,-209.575
2020-09-11,-209.58
2020-09-12,-209.595
2020-09-13,-209.605
2020-09-14,-209.61
2020-09-15,-209.625
2020-09-16,-209.635
2020-09-17,-209.635
2020-09-18,-209.64
2020-09-19,-209.65
2020-09-20,-209.66
2020-09-21,-209.67
2020-09-22,-209.68
2020-09-23,-209.69
2020-09-24,-209.7
2020-09-25,-209.705
2020-09-26,-209.715
2020-09-27,-209.725
2020-09-28,-209.73
2020-09-29,-209.74
2020-09-30,-209.745
2020-10-01,-209.75
2020-10-02,-209.76
2020-10-03,-209.77
2020-10-04,-209.78
2020-10-05,-209.79
2020-10-06,-209.795
2020-10-07,-209.8
2020-10-08,-209.805
2020-10-09,-209.815
2020-10-10,-209.83
2020-10-11,-209.84
2020-10-12,-209.84
2020-10-13,-209.85
2020-10-14,-209.86
2020-10-15,-209.86
2020-10-16,-209.87
2020-10-17,-209.88
2020-10-18,-209.89
2020-10-19,-209.89
2020-10-20,-209.9
2020-10-21,-209.9
2020-10-22,-209.91
2020-10-23,-209.915
2020-10-24,-209.93
2020-10-25,-209.935
2020-10-26,-209.945
2020-10-27,-209.955
2020-10-28,-209.96
2020-10-29,-209.965
2020-10-30,-209.97
2020-10-31,-209.975
2020-11-01,-209.98
2020-11-02,-209.985
2020-11-03,-209.99
2020-11-04,-209.995
2020-11-05,-209.975
2020-11-06,-209.975
2020-11-07,-209.98
2020-11-08,-209.99
2020-11-10,-209.99
2020-11-11,-209.995
2020-11-12,-210.0
2020-11-13,-210.0
2020-11-14,-210.005
2020-11-15,-210.005
2020-11-16,-209.99
2020-11-17,-209.995
2020-11-18,-210.0
2020-11-19,-210.005
2020-11-20,-210.0
2020-11-21,-209.99
2020-11-22,-209.98
2020-11-23,-209.985
2020-11-24,-209.985
2020-11-25,-209.98
2020-11-26,-209.955
2020-11-27,-209.94
2020-11-28,-209.945
2020-11-29,-209.945
2020-11-30,-209.955
2020-12-01,-209.95
2020-12-02,-209.945
2020-12-03,-209.945
2020-12-04,-209.95
2020-12-05,-209.96
2020-12-06,-209.96
2020-12-07,-209.955
2020-12-08,-209.96
2020-12-09,-209.96
2020-12-10,-209.96
2020-12-11,-209.965
2020-12-12,-209.965
2020-12-13,-209.975
2020-12-14,-209.975
2020-12-15,-209.965
2020-12-16,-209.935
2020-12-17,-209.905
2020-12-18,-209.9
2020-12-19,-209.9
2020-12-20,-209.9
2020-12-21,-209.895
2020-12-22,-209.895
2020-12-23,-209.89
2020-12-24,-209.885
2020-12-25,-209.89
2020-12-26,-209.895
2020-12-27,-209.9
2020-12-28,-209.905
2020-12-29,-209.91
2020-12-30,-209.915
2020-12-31,-209.92
2021-01-01,-209.92
2021-01-02,-209.92
2021-01-03,-209.92
2021-01-04,-209.93
2021-01-05,-209.935
2021-01-06,-209.94
2021-01-07,-209.94
2021-01-10,-209.95
2021-01-11,-209.955
2021-01-12,-209.955
2021-01-13,-209.96
2021-01-14,-209.955
2021-01-15,-209.945
2021-01-16,-209.945
2021-01-17,-209.935
2021-01-18,-209.9
2021-01-19,-209.855
2021-01-20,-209.795
2021-01-21,-209.745
2021-01-22,-209.725
2021-01-23,-209.72
2021-01-24,-209.715
2021-01-25,-209.715
2021-01-26,-209.71
2021-01-27,-209.7
2021-01-28,-209.695
2021-01-29,-209.685
2021-01-30,-209.675
2021-01-31,-209.655
2021-02-01,-209.65
2021-02-02,-209.645
2021-02-03,-209.64
2021-02-07,-209.61
2021-02-08,-209.605
2021-02-09,-209.6
2021-02-10,-209.595
2021-02-11,-209.585
2021-02-12,-209.58
2021-02-13,-209.58
2021-02-14,-209.58
2021-02-15,-209.575
2021-02-16,-209.575
2021-02-17,-209.56
2021-02-18,-209.48
2021-02-19,-209.435
2021-02-20,-209.39
2021-02-21,-209.365
2021-02-22,-209.345
2021-02-23,-209.34
2021-02-24,-209.335
2021-02-25,-209.325
2021-02-26,-209.32
2021-02-27,-209.31
2021-02-28,-209.3
2021-03-01,-209.295
2021-03-02,-209.285
2021-03-03,-209.28
2021-03-04,-209.28
2021-03-05,-209.276
2021-03-06,-209.27
2021-03-07,-209.26
2021-03-08,-209.255
2021-03-09,-209.25
2021-03-10,-209.245
2021-03-11,-209.235
2021-03-12,-209.23
2021-03-13,-209.23
2021-03-14,-209.23
2021-03-15,-209.225
2021-03-16,-209.22
2021-03-17,-209.22
2021-03-18,-209.215
2021-03-19,-209.21
2021-03-20,-209.215
2021-03-21,-209.215
2021-03-22,-209.205
2021-03-23,-209.2
2021-03-24,-209.195
2021-03-25,-209.19
2021-03-26,-209.185
2021-03-27,-209.18
2021-03-28,-209.175
2021-03-29,-209.17
2021-03-30,-209.165
2021-03-31,-209.155
2021-04-01,-209.15
2021-04-02,-209.14
2021-04-03,-209.13
2021-04-04,-209.12
2021-04-05,-209.115
2021-04-06,-209.11
2021-04-07,-209.105
2021-04-08,-209.105
2021-04-09,-209.1
2021-04-10,-209.105
2021-04-11,-209.11
2021-04-12,-209.105
2021-04-13,-209.105
2021-04-14,-209.1
2021-04-15,-209.1
2021-04-16,-209.11
2021-04-17,-209.1
2021-04-18,-209.105
2021-04-19,-209.105
2021-04-20,-209.105
2021-04-21,-209.1
2021-04-22,-209.105
2021-04-23,-209.12
2021-04-24,-209.125
2021-04-25,-209.125
2021-04-26,-209.125
2021-04-27,-209.135
2021-04-28,-209.145
2021-04-29,-209.14
2021-04-30,-209.145
2021-05-01,-209.15
2021-05-02,-209.155
2021-05-03,-209.16
2021-05-04,-209.165
2021-05-05,-209.165
2021-05-06,-209.17
2021-05-07,-209.175
2021-05-08,-209.18
2021-05-09,-209.19
2021-05-10,-209.195
2021-05-11,-209.195
2021-05-12,-209.2
2021-05-13,-209.205
2021-05-14,-209.22
2021-05-15,-209.225
2021-05-16,-209.23
2021-05-17,-209.24
2021-05-18,-209.25
2021-05-19,-209.25
2021-05-20,-209.25
2021-05-21,-209.255
2021-05-22,-209.265
2021-05-23,-209.275
2021-05-24,-209.28
2021-05-25,-209.28
2021-05-26,-209.29
2021-05-27,-209.295
2021-05-28,-209.305
2021-05-29,-209.315
2021-05-30,-209.325
2021-05-31,-209.335
2021-06-01,-209.34
2021-06-02,-209.345
2021-06-03,-209.36
2021-06-04,-209.37
2021-06-05,-209.38
2021-06-06,-209.395
2021-06-07,-209.4
2021-06-08,-209.41
2021-06-09,-209.42
2021-06-10,-209.425
2021-06-11,-209.435
2021-06-12,-209.445
2021-06-13,-209.455
2021-06-14,-209.46
2021-06-15,-209.47
2021-06-16,-209.48
2021-06-17,-209.49
2021-06-18,-209.5
2021-06-19,-209.51
2021-06-20,-209.52
2021-06-21,-209.525
2021-06-22,-209.53
2021-06-23,-209.545
2021-06-24,-209.55
2021-06-25,-209.555
2021-06-26,-209.56
2021-06-27,-209.57
2021-06-28,-209.575
2021-06-29,-209.58
2021-06-30,-209.59
2021-07-01,-209.6
2021-07-02,-209.61
2021-07-03,-209.615
2021-07-04,-209.625
2021-07-05,-209.635
2021-07-06,-209.64
2021-07-07,-209.645
2021-07-08,-209.65
2021-07-09,-209.655
2021-07-10,-209.66
2021-07-11,-209.675
2021-07-12,-209.68
2021-07-13,-209.685
2021-07-14,-209.69
2021-07-15,-209.695
2021-07-16,-209.7
2021-07-17,-209.71
2021-07-18,-209.72
2021-07-19,-209.725
2021-07-20,-209.73
2021-07-21,-209.74
2021-07-22,-209.75
2021-07-23,-209.755
2021-07-24,-209.76
2021-07-25,-209.77
2021-07-26,-209.775
2021-07-27,-209.78
2021-07-28,-209.785
2021-07-29,-209.795
2021-07-30,-209.81
2021-07-31,-209.82
2021-08-01,-209.83
2021-08-02,-209.84
2021-08-03,-209.845
2021-08-04,-209.855
2021-08-05,-209.86
2021-08-06,-209.865
2021-08-07,-209.87
2021-08-08,-209.88
2021-08-09,-209.885
2021-08-10,-209.89
2021-08-11,-209.9
2021-08-12,-209.905
2021-08-13,-209.915
2021-08-14,-209.925
2021-08-15,-209.935
2021-08-16,-209.94
2021-08-17,-209.955
2021-08-18,-209.96
2021-08-19,-209.97
2021-08-20,-209.98
2021-08-21,-209.99
2021-08-22,-209.995
2021-08-23,-210.005
2021-08-24,-210.015
2021-08-25,-210.02
2021-08-26,-210.025
2021-08-27,-210.03
2021-08-28,-210.04
2021-08-29,-210.05
2021-08-30,-210.055
2021-08-31,-210.06
2021-09-01,-210.065
2021-09-02,-210.075
2021-09-03,-210.08
2021-09-04,-210.095
2021-09-05,-210.105
2021-09-06,-210.115
2021-09-07,-210.12
2021-09-08,-210.135
2021-09-09,-210.14
2021-09-10,-210.15
2021-09-11,-210.16
2021-09-12,-210.17
2021-09-13,-210.18
2021-09-14,-210.185
2021-09-15,-210.195
2021-09-16,-210.2
2021-09-17,-210.21
2021-09-18,-210.215
2021-09-19,-210.225
2021-09-20,-210.235
2021-09-21,-210.24
2021-09-22,-210.245
2021-09-23,-210.255
2021-09-24,-210.265
2021-09-25,-210.275
2021-09-26,-210.28
2021-09-27,-210.285
2021-09-28,-210.295
2021-09-29,-210.3
2021-09-30,-210.305
2021-10-01,-210.31
2021-10-02,-210.32
2021-10-03,-210.33
2021-10-04,-210.335
2021-10-05,-210.34
2021-10-06,-210.345
2021-10-07,-210.355
2021-10-08,-210.36
2021-10-09,-210.365
2021-10-10,-210.37
2021-10-11,-210.375
2021-10-12,-210.38
2021-10-13,-210.385
2021-10-14,-210.385
2021-10-15,-210.395
2021-10-16,-210.4
2021-10-17,-210.405
2021-10-18,-210.41
2021-10-19,-210.415
2021-10-20,-210.425
2021-10-21,-210.43
2021-10-22,-210.435
2021-10-23,-210.44
2021-10-24,-210.45
2021-10-25,-210.455
2021-10-26,-210.46
2021-10-27,-210.46
2021-10-28,-210.465
2021-10-29,-210.465
2021-10-30,-210.47
2021-10-31,-210.475
2021-11-01,-210.475
2021-11-02,-210.475
2021-11-03,-210.48
2021-11-04,-210.485
2021-11-05,-210.495
2021-11-06,-210.5
2021-11-07,-210.51
2021-11-08,-210.52
2021-11-09,-210.52
2021-11-10,-210.535
2021-11-11,-210.545
2021-11-12,-210.555
2021-11-13,-210.575
2021-11-14,-210.59
2021-11-15,-210.6
2021-11-16,-210.61
2021-11-17,-210.615
2021-11-18,-210.625
2021-11-19,-210.63
2021-11-20,-210.625
2021-11-21,-210.63
2021-11-22,-210.64
2021-11-23,-210.645
2021-11-24,-210.65
2021-11-25,-210.655
2021-11-26,-210.66
2021-11-27,-210.67
2021-11-28,-210.675
2021-11-29,-210.675
2021-11-30,-210.68
2021-12-01,-210.685
2021-12-02,-210.685
2021-12-03,-210.695
2021-12-04,-210.705
2021-12-05,-210.715
2021-12-06,-210.715
2021-12-07,-210.725
2021-12-08,-210.735
2021-12-09,-210.74
2021-12-10,-210.75
2021-12-11,-210.755
2021-12-12,-210.765
2021-12-13,-210.77
2021-12-14,-210.77
2021-12-15,-210.775
2021-12-16,-210.78
2021-12-17,-210.78
2021-12-18,-210.78
2021-12-19,-210.775
2021-12-20,-210.775
2021-12-21,-210.755
2021-12-22,-210.745
2021-12-23,-210.74
2021-12-24,-210.735
2021-12-25,-210.735
2021-12-26,-210.745
2021-12-27,-210.745
2021-12-28,-210.745
2021-12-29,-210.74
2021-12-30,-210.735
2021-12-31,-210.73
2022-01-01,-210.725
2022-01-02,-210.725
2022-01-03,-210.715
2022-01-04,-210.71
2022-01-05,-210.705
2022-01-06,-210.705
2022-01-07,-210.705
2022-01-08,-210.705
2022-01-09,-210.7
2022-01-10,-210.695
2022-01-11,-210.695
2022-01-12,-210.685
2022-01-13,-210.685
2022-01-14,-210.675
2022-01-15,-210.655
2022-01-16,-210.635
2022-01-17,-210.635
2022-01-18,-210.62
2022-01-19,-210.62
2022-01-20,-210.605
2022-01-21,-210.595
2022-01-22,-210.59
2022-01-23,-210.585
2022-01-24,-210.575
2022-01-25,-210.565
2022-01-26,-210.545
2022-01-27,-210.49
2022-01-28,-210.42
2022-01-29,-210.355
2022-01-30,-210.32
2022-02-01,-210.28
2022-02-02,-210.265
2022-02-03,-210.25
2022-02-06,-210.16
2022-02-07,-210.14
2022-02-08,-210.11
2022-02-09,-210.09
2022-02-10,-210.07
2022-02-11,-210.02
2022-02-12,-209.99
2022-02-13,-209.97
2022-02-14,-209.95
2022-02-15,-209.935
2022-02-16,-209.92
2022-02-17,-209.905
2022-02-18,-209.895
2022-02-19,-209.88
2022-02-20,-209.87
2022-02-21,-209.86
2022-02-22,-209.85
2022-02-23,-209.84
2022-02-24,-209.83
2022-02-25,-209.815
2022-02-26,-209.79
2022-02-27,-209.76
2022-02-28,-209.73
2022-03-01,-209.71
2022-03-02,-209.69
2022-03-03,-209.68
2022-03-04,-209.67
2022-03-05,-209.66
2022-03-06,-209.65
2022-03-07,-209.64
2022-03-08,-209.63
2022-03-09,-209.61
2022-03-10,-209.6
2022-03-11,-209.58
2022-03-12,-209.55
2022-03-13,-209.53
2022-03-14,-209.51
2022-03-15,-209.49
2022-03-16,-209.475
2022-03-17,-209.46
2022-03-18,-209.44
2022-03-19,-209.43
2022-03-20,-209.42
2022-03-21,-209.405
2022-03-22,-209.4
2022-03-23,-209.39
2022-03-24,-209.36
2022-03-25,-209.31
2022-03-26,-209.26
2022-03-27,-209.23
2022-03-28,-209.21
2022-03-29,-209.19
2022-03-30,-209.175
2022-03-31,-209.165
2022-04-01,-209.155
2022-04-02,-209.145
2022-04-03,-209.14
2022-04-04,-209.125
2022-04-05,-209.12
2022-04-06,-209.11
2022-04-07,-209.1
2022-04-08,-209.095
2022-04-09,-209.09
2022-04-10,-209.09
2022-04-11,-209.085
2022-04-12,-209.08
2022-04-13,-209.08
2022-04-14,-209.075
2022-04-15,-209.065
2022-04-16,-209.06
2022-04-17,-209.05
2022-04-18,-209.04
2022-04-19,-209.035
2022-04-20,-209.03
2022-04-21,-209.03
2022-04-22,-209.025
2022-04-23,-209.025
2022-04-24,-209.02
2022-04-25,-209.015
2022-04-26,-209.02
2022-04-27,-209.015
2022-04-28,-209.015
2022-04-29,-209.015
2022-04-30,-209.02
2022-05-01,-209.025
2022-05-02,-209.025
2022-05-03,-209.025
2022-05-04,-209.03
2022-05-05,-209.035
2022-05-06,-209.035
2022-05-07,-209.04
2022-05-08,-209.045
2022-05-09,-209.045
2022-05-10,-209.045
2022-05-11,-209.055
2022-05-12,-209.055
2022-05-13,-209.06
2022-05-14,-209.065
2022-05-15,-209.07
2022-05-16,-209.075
2022-05-17,-209.075
2022-05-18,-209.085
2022-05-19,-209.09
2022-05-20,-209.095
2022-05-21,-209.1
2022-05-22,-209.105
2022-05-23,-209.11
2022-05-24,-209.115
2022-05-25,-209.12
2022-05-26,-209.12
2022-05-27,-209.125
2022-05-28,-209.13
2022-05-29,-209.135
2022-05-30,-209.135
2022-05-31,-209.14
2022-06-01,-209.15
2022-06-02,-209.155
2022-06-03,-209.16
2022-06-04,-209.17
2022-06-05,-209.18
2022-06-06,-209.19
2022-06-07,-209.195
2022-06-08,-209.195
2022-06-09,-209.195
2022-06-10,-209.195
2022-06-11,-209.2
2022-06-12,-209.2
2022-06-13,-209.205
2022-06-14,-209.215
2022-06-15,-209.22
2022-06-16,-209.22
2022-06-19,-209.225
2022-06-20,-209.235
2022-06-21,-209.24
2022-06-22,-209.245
2022-06-23,-209.255
2022-06-24,-209.255
2022-06-25,-209.26
2022-06-26,-209.265
2022-06-27,-209.27
2022-06-28,-209.275
2022-06-29,-209.27
2022-06-30,-209.275
2022-07-01,-209.29
2022-07-02,-209.295
2022-07-03,-209.305
2022-07-04,-209.315
2022-07-05,-209.32
2022-07-06,-209.32
2022-07-07,-209.325
2022-07-08,-209.335
2022-07-09,-209.34
2022-07-10,-209.345
2022-07-11,-209.355
2022-07-12,-209.36
2022-07-13,-209.365
2022-07-14,-209.375
2022-07-15,-209.38
2022-07-16,-209.39
2022-07-17,-209.4
2022-07-18,-209.405
2022-07-19,-209.41
2022-07-20,-209.415
2022-07-21,-209.42
2022-07-22,-209.425
2022-07-23,-209.435
2022-07-24,-209.44
2022-07-25,-209.445
2022-07-26,-209.45
2022-07-27,-209.455
2022-07-28,-209.46
2022-07-31,-209.485
2022-08-01,-209.49
2022-08-02,-209.495
2022-08-03,-209.5
2022-08-04,-209.505
2022-08-05,-209.51
2022-08-06,-209.515
2022-08-07,-209.525
2022-08-08,-209.53
2022-08-09,-209.535
2022-08-10,-209.545
2022-08-11,-209.555
2022-08-12,-209.565
2022-08-13,-209.57
2022-08-14,-209.58
2022-08-15,-209.59
2022-08-16,-209.595
2022-08-17,-209.6
2022-08-18,-209.605
2022-08-19,-209.615
2022-08-20,-209.62
2022-08-21,-209.625
2022-08-22,-209.635
2022-08-23,-209.64
2022-08-24,-209.645
2022-08-25,-209.65
2022-08-26,-209.655
2022-08-27,-209.66
2022-08-28,-209.67
2022-08-29,-209.675
2022-08-30,-209.68
2022-08-31,-209.685
2022-09-01,-209.69
2022-09-02,-209.695
2022-09-03,-209.7
2022-09-04,-209.71
2022-09-05,-209.72
2022-09-06,-209.73
2022-09-07,-209.74
2022-09-08,-209.75
2022-09-09,-209.76
2022-09-10,-209.77
2022-09-11,-209.78
2022-09-12,-209.79
2022-09-13,-209.8
2022-09-14,-209.81
2022-09-15,-209.82
2022-09-16,-209.835
2022-09-17,-209.85
2022-09-18,-209.86
2022-09-19,-209.875
2022-09-20,-209.885
2022-09-21,-209.9
2022-09-22,-209.91
2022-09-23,-209.92
2022-09-24,-209.93
2022-09-25,-209.945
2022-09-26,-209.955
2022-09-27,-209.97
2022-09-28,-209.975
2022-09-29,-209.985
2022-09-30,-209.995
2022-10-01,-210.005
2022-10-02,-210.015
2022-10-03,-210.02
2022-10-04,-210.03
2022-10-05,-210.04
2022-10-06,-210.04
2022-10-07,-210.06
2022-10-08,-210.07
2022-10-09,-210.08
2022-10-10,-210.09
2022-10-11,-210.1
2022-10-12,-210.11
2022-10-13,-210.12
2022-10-14,-210.13
2022-10-15,-210.135
2022-10-16,-210.14
2022-10-17,-210.15
2022-10-18,-210.155
2022-10-19,-210.16
2022-10-20,-210.165
2022-10-21,-210.175
2022-10-22,-210.185
2022-10-23,-210.19
2022-10-24,-210.2
2022-10-25,-210.21
2022-10-26,-210.22
2022-10-27,-210.22
2022-10-28,-210.225
2022-10-29,-210.235
2022-10-30,-210.245
2022-10-31,-210.25
2022-11-01,-210.255
2022-11-02,-210.26
2022-11-03,-210.265
2022-11-04,-210.275
2022-11-06,-210.285
2022-11-07,-210.295
2022-11-08,-210.305
2022-11-09,-210.31
2022-11-10,-210.315
2022-11-11,-210.325
2022-11-12,-210.335
2022-11-13,-210.345
2022-11-14,-210.35
2022-11-15,-210.355
2022-11-16,-210.36
2022-11-17,-210.36
2022-11-18,-210.365
2022-11-19,-210.37
2022-11-20,-210.375
2022-11-21,-210.38
2022-11-22,-210.39
2022-11-23,-210.395
2022-11-24,-210.4
2022-11-25,-210.4
2022-11-26,-210.4
2022-11-27,-210.405
2022-11-28,-210.41
2022-11-29,-210.415
2022-11-30,-210.42
2022-12-01,-210.42
2022-12-02,-210.42
2022-12-03,-210.425
2022-12-04,-210.43
2022-12-05,-210.435
2022-12-06,-210.435
2022-12-07,-210.435
2022-12-08,-210.44
2022-12-09,-210.445
2022-12-10,-210.45
2022-12-11,-210.455
2022-12-12,-210.46
2022-12-13,-210.465
2022-12-14,-210.47
2022-12-15,-210.475
2022-12-16,-210.48
2022-12-17,-210.485
2022-12-18,-210.485
2022-12-19,-210.485
2022-12-20,-210.49
2022-12-21,-210.49
2022-12-22,-210.495
2022-12-23,-210.495
2022-12-24,-210.5
2022-12-25,-210.505
2022-12-26,-210.5
2022-12-27,-210.495
2022-12-28,-210.5
2022-12-29,-210.505
2022-12-30,-210.51
2022-12-31,-210.515
2023-01-01,-210.52
2023-01-02,-210.53
2023-01-03,-210.535
2023-01-04,-210.54
2023-01-05,-210.545
2023-01-06,-210.55
2023-01-07,-210.555
2023-01-08,-210.56
2023-01-09,-210.565
2023-01-10,-210.56
2023-01-13,-210.555
2023-01-14,-210.555
2023-01-15,-210.555
2023-01-16,-210.545
2023-01-17,-210.545
2023-01-18,-210.545
2023-01-19,-210.545
2023-01-20,-210.54
2023-01-21,-210.54
2023-01-22,-210.54
2023-01-23,-210.54
2023-01-24,-210.54
2023-01-25,-210.535
2023-01-26,-210.535
2023-01-27,-210.535
2023-01-28,-210.54
2023-01-29,-210.54
2023-01-30,-210.535
2023-01-31,-210.525
2023-02-01,-210.5
2023-02-02,-210.475
2023-02-04,-210.46
2023-02-05,-210.44
2023-02-06,-210.425
2023-02-07,-210.4
2023-02-08,-210.35
2023-02-09,-210.315
2023-02-10,-210.3
2023-02-11,-210.295
2023-02-12,-210.29
2023-02-13,-210.285
2023-02-14,-210.28
2023-02-15,-210.275
2023-02-16,-210.265
2023-02-19,-210.26
2023-02-20,-210.255
2023-02-21,-210.25
2023-02-22,-210.245
2023-02-23,-210.24
2023-02-26,-210.23
2023-02-27,-210.225
2023-02-28,-210.22
2023-03-01,-210.215
2023-03-02,-210.215
2023-03-03,-210.21
2023-03-04,-210.21
2023-03-05,-210.205
2023-03-06,-210.2
2023-03-07,-210.2
2023-03-08,-210.2
2023-03-09,-210.195
2023-03-10,-210.195
2023-03-11,-210.2
2023-03-12,-210.205
2023-03-13,-210.205
2023-03-14,-210.195
2023-03-15,-210.175
2023-03-16,-210.17
2023-03-17,-210.165
2023-03-18,-210.165
2023-03-19,-210.16
2023-03-20,-210.13
2023-03-21,-210.105
2023-03-22,-210.095
2023-03-23,-210.085
2023-03-24,-210.08
2023-03-25,-210.08
2023-03-26,-210.075
2023-03-27,-210.065
2023-03-28,-210.06
2023-04-02,-210.06
2023-04-03,-210.06
2023-04-04,-210.055
2023-04-05,-210.045
2023-04-06,-210.045
2023-04-07,-210.045
2023-04-08,-210.045
2023-04-09,-210.04
2023-04-10,-210.04
2023-04-11,-210.01
2023-04-12,-209.99
2023-04-13,-209.98
2023-04-14,-209.97
2023-04-15,-209.96
2023-04-16,-209.96
2023-04-17,-209.955
2023-04-18,-209.945
2023-04-19,-209.945
2023-04-20,-209.935
2023-04-21,-209.94
2023-04-22,-209.94
2023-04-23,-209.945
2023-04-24,-209.945
2023-04-25,-209.94
2023-04-26,-209.94
2023-04-27,-209.94
2023-04-28,-209.935
2023-04-29,-209.94
2023-04-30,-209.94
2023-05-01,-209.94
2023-05-02,-209.935
2023-05-03,-209.935
2023-05-04,-209.935
2023-05-05,-209.94
2023-05-06,-209.945
2023-05-07,-209.95
2023-05-08,-209.955
2023-05-09,-209.955
2023-05-10,-209.955
2023-05-11,-209.955
2023-05-12,-209.96
2023-05-13,-209.965
2023-05-14,-209.97
2023-05-15,-209.975
2023-05-16,-209.98
2023-05-17,-209.975
2023-05-18,-209.975
2023-05-19,-209.98
2023-05-20,-209.985
2023-05-21,-209.99
2023-05-22,-210.0
2023-05-23,-210.005
2023-05-24,-210.005
2023-05-25,-210.005
2023-05-26,-210.01
2023-05-27,-210.015
2023-05-28,-210.02
2023-05-29,-210.025
2023-05-30,-210.025
2023-05-31,-210.025
2023-06-01,-210.035
2023-06-04,-210.045
2023-06-05,-210.055
2023-06-06,-210.065
2023-06-07,-210.075
2023-06-08,-210.075
2023-06-11,-210.095
2023-06-12,-210.1
2023-06-13,-210.11
2023-06-14,-210.115
2023-06-15,-210.125
2023-06-18,-210.15
2023-06-19,-210.165
2023-06-20,-210.175
2023-06-21,-210.185
2023-06-22,-210.19
2023-06-25,-210.215
2023-06-26,-210.225
2023-06-27,-210.235
2023-06-28,-210.245
2023-07-01,-210.27
2023-07-02,-210.28
2023-07-03,-210.29
2023-07-04,-210.3
2023-07-05,-210.305
2023-07-06,-210.315
2023-07-07,-210.325
2023-07-08,-210.34
2023-07-09,-210.35
2023-07-10,-210.36
2023-07-11,-210.37
2023-07-12,-210.38
2023-07-13,-210.385
2023-07-14,-210.4
2023-07-15,-210.41
2023-07-16,-210.425
2023-07-17,-210.435
2023-07-18,-210.445
2023-07-19,-210.465
2023-07-20,-210.465
2023-07-21,-210.475
2023-07-22,-210.49
2023-07-23,-210.505
2023-07-24,-210.515
2023-07-25,-210.525
2023-07-26,-210.535
2023-07-27,-210.545
2023-07-28,-210.56
2023-07-29,-210.575
2023-07-30,-210.585
2023-07-31,-210.595
2023-08-01,-210.605
2023-08-02,-210.615
2023-08-03,-210.63
2023-08-04,-210.65
2023-08-05,-210.66
2023-08-06,-210.675
2023-08-07,-210.685
2023-08-08,-210.695
2023-08-09,-210.71
2023-08-10,-210.72
2023-08-11,-210.73
2023-08-12,-210.74
2023-08-13,-210.75
2023-08-14,-210.76
2023-08-15,-210.775
2023-08-16,-210.785
2023-08-17,-210.795
2023-08-18,-210.81
2023-08-19,-210.82
2023-08-20,-210.83
2023-08-21,-210.84
2023-08-22,-210.85
2023-08-23,-210.86
2023-08-24,-210.88
2023-08-25,-210.9
2023-08-26,-210.92
2023-08-27,-210.94
2023-08-28,-210.955
2023-08-29,-210.97
2023-08-30,-210.98
2023-08-31,-210.985
2023-09-01,-210.995
2023-09-02,-211.01
2023-09-03,-211.02
2023-09-04,-211.03
2023-09-05,-211.04
2023-09-06,-211.05
2023-09-07,-211.06
2023-09-08,-211.07
2023-09-09,-211.085
2023-09-10,-211.095
2023-09-11,-211.105
2023-09-12,-211.115
2023-09-13,-211.125
2023-09-14,-211.135
2023-09-15,-211.15
2023-09-16,-211.16
2023-09-17,-211.18
2023-09-18,-211.195
2023-09-19,-211.2
2023-09-20,-211.215
2023-09-21,-211.22
2023-09-22,-211.23
2023-09-23,-211.235
2023-09-24,-211.245
2023-09-25,-211.25
2023-09-26,-211.255
2023-09-27,-211.265
2023-09-28,-211.275
2023-09-29,-211.285
2023-09-30,-211.295
2023-10-01,-211.305
2023-10-02,-211.315
2023-10-03,-211.325
2023-10-04,-211.335
2023-10-05,-211.345
2023-10-06,-211.355
2023-10-07,-211.365
2023-10-08,-211.375
2023-10-09,-211.385
2023-10-10,-211.395
2023-10-11,-211.395
2023-10-12,-211.4
2023-10-13,-211.405
2023-10-14,-211.41
2023-10-15,-211.415
2023-10-16,-211.405
2023-10-17,-211.415
2023-10-18,-211.42
2023-10-19,-211.43
2023-10-20,-211.435
2023-10-21,-211.445
2023-10-22,-211.455
2023-10-23,-211.46
2023-10-24,-211.465
2023-10-25,-211.47
2023-10-26,-211.475
2023-10-27,-211.48
2023-10-28,-211.485
2023-10-29,-211.49
2023-10-30,-211.495
2023-10-31,-211.495
2023-11-01,-211.5
2023-11-02,-211.5
2023-11-03,-211.505
2023-11-04,-211.51
2023-11-05,-211.515
2023-11-06,-211.52
2023-11-07,-211.52
2023-11-08,-211.525
2023-11-09,-211.525
2023-11-10,-211.545
2023-11-11,-211.545
2023-11-12,-211.555
2023-11-13,-211.555
2023-11-14,-211.555
2023-11-15,-211.545
2023-11-16,-211.545
2023-11-17,-211.545
2023-11-18,-211.55
2023-11-19,-211.56
2023-11-20,-211.515
2023-11-21,-211.52
2023-11-22,-211.525
2023-11-23,-211.53
2023-11-24,-211.535
2023-11-25,-211.54
2023-11-26,-211.545
2023-11-27,-211.555
2023-11-28,-211.555
2023-11-29,-211.555
2023-11-30,-211.56
2023-12-01,-211.56
2023-12-02,-211.56
2023-12-03,-211.565
2023-12-04,-211.565
2023-12-05,-211.57
2023-12-06,-211.565
2023-12-07,-211.565
2023-12-08,-211.565
2023-12-09,-211.565
2023-12-10,-211.565
2023-12-11,-211.575
2023-12-12,-211.575
2023-12-13,-211.565
2023-12-14,-211.555
2023-12-15,-211.545
2023-12-16,-211.545
2023-12-17,-211.545
2023-12-18,-211.545
2023-12-19,-211.55
2023-12-20,-211.555
2023-12-21,-211.555
2023-12-22,-211.56
2023-12-23,-211.52
2023-12-24,-211.415
2023-12-25,-211.395
2023-12-26,-211.39
2023-12-27,-211.385
2023-12-28,-211.385
2023-12-29,-211.385
2023-12-30,-211.385
2023-12-31,-211.38
2024-01-01,-211.375
2024-01-02,-211.37
2024-01-03,-211.365
2024-01-04,-211.36
2024-01-05,-211.36
2024-01-06,-211.355
2024-01-07,-211.355
2024-01-08,-211.355
2024-01-09,-211.35
2024-01-10,-211.35
2024-01-11,-211.345
2024-01-12,-211.325
2024-01-13,-211.27
2024-01-14,-211.22
2024-01-15,-211.165
2024-01-16,-211.13
2024-01-17,-211.11
2024-01-18,-211.095
2024-01-19,-211.085
2024-01-20,-211.075
2024-01-21,-211.065
2024-01-22,-211.06
2024-01-23,-211.045
2024-01-24,-211.025
2024-01-25,-211.015
2024-01-26,-210.995
2024-01-27,-210.92
2024-01-28,-210.885
2024-01-29,-210.85
2024-01-30,-210.8
2024-01-31,-210.65
2024-02-01,-210.59
2024-02-05,-210.405
2024-02-06,-210.345
2024-02-07,-210.295
2024-02-08,-210.26
2024-02-09,-210.23
2024-02-10,-210.21
2024-02-11,-210.19
2024-02-12,-210.17
2024-02-13,-210.155
2024-02-14,-210.135
2024-02-15,-210.115
2024-02-16,-210.085
2024-02-17,-210.01
2024-02-18,-209.95
2024-02-19,-209.9
2024-02-20,-209.85
2024-02-21,-209.82
2024-02-22,-209.8
2024-02-23,-209.78
2024-02-24,-209.76
2024-02-25,-209.745
2024-02-26,-209.73
2024-02-27,-209.72
2024-02-28,-209.71
2024-02-29,-209.705
2024-03-01,-209.7
2024-03-02,-209.695
2024-03-03,-209.685
2024-03-04,-209.675
2024-03-05,-209.67
2024-03-06,-209.66
2024-03-07,-209.65
2024-03-08,-209.645
2024-03-09,-209.64
2024-03-10,-209.635
2024-03-11,-209.625
2024-03-12,-209.62
2024-03-13,-209.615
2024-03-14,-209.61
2024-03-15,-209.605
2024-03-16,-209.595
2024-03-17,-209.59
2024-03-18,-209.585
2024-03-19,-209.575
2024-03-20,-209.56
2024-03-21,-209.53
2024-03-22,-209.515
2024-03-23,-209.505
2024-03-24,-209.495
2024-03-25,-209.49
2024-03-26,-209.48
2024-03-27,-209.475
2024-03-28,-209.465
2024-03-29,-209.455
2024-03-30,-209.455
2024-03-31,-209.45
2024-04-01,-209.445
2024-04-02,-209.44
2024-04-03,-209.435
2024-04-04,-209.43
2024-04-05,-209.43
2024-04-06,-209.43
2024-04-07,-209.425
2024-04-08,-209.425
2024-04-09,-209.415
2024-04-10,-209.4
2024-04-11,-209.39
2024-04-12,-209.385
2024-04-13,-209.38
2024-04-14,-209.38
2024-04-15,-209.37
2024-04-16,-209.36
2024-04-17,-209.36
2024-04-18,-209.355
2024-04-19,-209.36
2024-04-20,-209.36
2024-04-21,-209.36
2024-04-22,-209.365
2024-04-23,-209.355
2024-04-24,-209.35
2024-04-25,-209.345
2024-04-26,-209.34
2024-04-27,-209.345
2024-04-28,-209.335
2024-04-29,-209.33
2024-04-30,-209.325
2024-05-01,-209.325
2024-05-03,-209.325
2024-05-04,-209.33
2024-05-05,-209.34
2024-05-06,-209.345
2024-05-07,-209.345
2024-05-08,-209.34
2024-05-09,-209.34
2024-05-10,-209.345
2024-05-11,-209.355
2024-05-12,-209.36
2024-05-13,-209.365
2024-05-14,-209.37
2024-05-15,-209.375
2024-05-16,-209.38
2024-05-17,-209.385
2024-05-18,-209.39
2024-05-19,-209.395
2024-05-20,-209.4
2024-05-21,-209.4
2024-05-22,-209.405
2024-05-23,-209.415
2024-05-24,-209.42
2024-05-25,-209.43
2024-05-26,-209.435
2024-05-27,-209.445
2024-05-28,-209.45
2024-05-29,-209.455
2024-05-30,-209.465
2024-05-31,-209.47
2024-06-01,-209.48
2024-06-02,-209.485
2024-06-03,-209.495
2024-06-04,-209.5
2024-06-05,-209.505
2024-06-06,-209.52
2024-06-07,-209.525
2024-06-08,-209.54
2024-06-09,-209.55
2024-06-10,-209.56
2024-06-11,-209.565
2024-06-12,-209.575
2024-06-13,-209.585
2024-06-14,-209.595
2024-06-15,-209.605
2024-06-16,-209.62
2024-06-17,-209.63
2024-06-18,-209.64
2024-06-19,-209.655
2024-06-20,-209.665
2024-06-21,-209.675
2024-06-22,-209.685
2024-06-23,-209.7
2024-06-24,-209.71
2024-06-25,-209.72
2024-06-26,-209.73
2024-06-27,-209.74
2024-06-28,-209.75
2024-06-29,-209.765
2024-06-30,-209.78
2024-07-01,-209.79
2024-07-02,-209.8
2024-07-03,-209.815
2024-07-04,-209.83
2024-07-05,-209.84
2024-07-06,-209.85
2024-07-07,-209.865
2024-07-08,-209.875
2024-07-09,-209.89
2024-07-10,-209.9
2024-07-11,-209.905
2024-07-12,-209.92
2024-07-13,-209.93
2024-07-14,-209.945
2024-07-15,-209.955
2024-07-16,-209.965
2024-07-17,-209.975
2024-07-18,-209.98
2024-07-19,-209.995
2024-07-20,-210.01
2024-07-21,-210.02
2024-07-22,-210.03
2024-07-23,-210.04
2024-07-24,-210.055
2024-07-25,-210.065
2024-07-26,-210.075
2024-07-27,-210.09
2024-07-28,-210.1
2024-07-29,-210.115
2024-07-30,-210.125
2024-07-31,-210.14
2024-08-01,-210.145
2024-08-02,-210.16
2024-08-03,-210.17
2024-08-04,-210.18
2024-08-05,-210.19
2024-08-06,-210.205
2024-08-07,-210.22
2024-08-08,-210.225
2024-08-09,-210.24
2024-08-10,-210.25
2024-08-11,-210.26
2024-08-12,-210.275
2024-08-13,-210.285
2024-08-14,-210.3
2024-08-15,-210.31
2024-08-16,-210.32
2024-08-17,-210.33
2024-08-18,-210.34
2024-08-19,-210.35
2024-08-20,-210.36
2024-08-21,-210.375
2024-08-22,-210.385
2024-08-23,-210.4
2024-08-24,-210.415
2024-08-25,-210.43
2024-08-26,-210.44
2024-08-27,-210.45
2024-08-28,-210.46
2024-08-29,-210.475
2024-08-30,-210.49
2024-08-31,-210.5
2024-09-01,-210.52
2024-09-02,-210.53
2024-09-03,-210.545
2024-09-04,-210.56
2024-09-05,-210.57
2024-09-06,-210.58
2024-09-07,-210.6
2024-09-08,-210.61
2024-09-09,-210.62
2024-09-10,-210.63
2024-09-11,-210.64
2024-09-12,-210.655
2024-09-13,-210.665
2024-09-14,-210.68
2024-09-15,-210.695
2024-09-16,-210.71
2024-09-17,-210.725
2024-09-18,-210.74
2024-09-19,-210.75
2024-09-20,-210.765
2024-09-21,-210.78
2024-09-22,-210.79
2024-09-23,-210.8
2024-09-24,-210.81
2024-09-25,-210.82
2024-09-26,-210.83
2024-09-27,-210.84
2024-09-28,-210.85
2024-09-29,-210.86
2024-09-30,-210.865
2024-10-01,-210.88
2024-10-02,-210.89
2024-10-03,-210.9
2024-10-04,-210.91
2024-10-05,-210.915
2024-10-06,-210.92
2024-10-07,-210.93
2024-10-08,-210.94
2024-10-09,-210.945
2024-10-10,-210.955
2024-10-11,-210.96
2024-10-12,-210.97
2024-10-13,-210.975
2024-10-14,-210.98
2024-10-15,-210.99
2024-10-16,-210.995
2024-10-17,-211.0
2024-10-18,-211.01
2024-10-19,-211.02
2024-10-20,-211.03
2024-10-21,-211.04
2024-10-22,-211.055
2024-10-23,-211.065
2024-10-24,-211.08
2024-10-25,-211.09
2024-10-26,-211.1
2024-10-27,-211.11
2024-10-28,-211.115
2024-10-29,-211.12
2024-10-30,-211.125
2024-10-31,-211.13
2024-11-01,-211.14
2024-11-02,-211.155
2024-11-03,-211.17
2024-11-04,-211.175
2024-11-05,-211.18
2024-11-06,-211.18
2024-11-07,-211.185
2024-11-10,-211.21
2024-11-11,-211.215
2024-11-12,-211.22
2024-11-13,-211.225
2024-11-14,-211.23
2024-11-15,-211.235
2024-11-16,-211.24
2024-11-17,-211.25
2024-11-18,-211.25
2024-11-19,-211.245
2024-11-20,-211.245
2024-11-21,-211.245
2024-11-22,-211.25
2024-11-23,-211.255
2024-11-24,-211.26
2024-11-25,-211.27
2024-11-26,-211.275
2024-11-27,-211.28
2024-11-28,-211.285
2024-11-29,-211.29
2024-11-30,-211.295
2024-12-01,-211.3
2024-12-02,-211.305
2024-12-03,-211.31
2024-12-04,-211.315
2024-12-05,-211.315
2024-12-08,-211.335
2024-12-09,-211.335
2024-12-10,-211.34
2024-12-11,-211.345
2024-12-12,-211.35
2024-12-13,-211.355
2024-12-14,-211.36
2024-12-15,-211.37
2024-12-16,-211.375
2024-12-17,-211.38
2024-12-18,-211.385
2024-12-19,-211.395
2024-12-20,-211.405
2024-12-21,-211.405
2024-12-22,-211.4
2024-12-23,-211.4
2024-12-24,-211.4
2024-12-25,-211.4
2024-12-26,-211.4
2024-12-27,-211.4
2024-12-28,-211.355
2024-12-29,-211.32
2024-12-30,-211.305
2024-12-31,-211.295
2025-01-01,-211.285
2025-01-02,-211.28
2025-01-03,-211.275
2025-01-04,-211.275
2025-01-05,-211.275
2025-01-06,-211.28
2025-01-07,-211.28
2025-01-08,-211.28
2025-01-09,-211.285
2025-01-10,-211.275
2025-01-11,-211.275
2025-01-12,-211.275
2025-01-13,-211.27
2025-01-14,-211.275
2025-01-15,-211.275
2025-01-16,-211.275
2025-01-17,-211.265
2025-01-18,-211.27
2025-01-19,-211.265
2025-01-20,-211.265
2025-01-21,-211.265
2025-01-22,-211.27
2025-01-23,-211.265
2025-01-24,-211.265
2025-01-25,-211.265
2025-01-26,-211.26
2025-01-27,-211.26
2025-01-28,-211.265
2025-01-29,-211.27
2025-01-30,-211.265
2025-01-31,-211.27
2025-02-01,-211.27
2025-02-02,-211.27
2025-02-03,-211.265
2025-02-04,-211.265
2025-02-05,-211.26
2025-02-06,-211.245
2025-02-07,-211.245
2025-02-08,-211.25
2025-02-09,-211.25
2025-02-10,-211.25
2025-02-11,-211.245
2025-02-12,-211.24
2025-02-13,-211.235
2025-02-14,-211.23
2025-02-15,-211.225
2025-02-16,-211.225
2025-02-17,-211.225
2025-02-18,-211.225
2025-02-19,-211.225
2025-02-20,-211.22
2025-02-21,-211.225
2025-02-22,-211.23
2025-02-23,-211.235
2025-02-24,-211.235
2025-02-25,-211.25
2025-02-26,-211.25
2025-02-27,-211.24
2025-02-28,-211.245
2025-03-01,-211.25
2025-03-02,-211.26
2025-03-04,-211.26
2025-03-05,-211.26
2025-03-06,-211.27
2025-03-07,-211.275
2025-03-08,-211.275
2025-03-09,-211.28
2025-03-10,-211.28
2025-03-11,-211.28
2025-03-12,-211.28
2025-03-13,-211.285
2025-03-14,-211.285
2025-03-15,-211.29
2025-03-16,-211.29
2025-03-17,-211.29
2025-03-18,-211.295
2025-03-19,-211.295
2025-03-20,-211.295
2025-03-21,-211.295
2025-03-22,-211.295
2025-03-23,-211.3
2025-03-24,-211.3
2025-03-25,-211.3
2025-03-26,-211.305
2025-03-27,-211.305
2025-03-28,-211.305
2025-03-29,-211.315
2025-03-30,-211.31
2025-03-31,-211.32
2025-04-01,-211.325
2025-04-02,-211.335
2025-04-03,-211.335
2025-04-04,-211.335
2025-04-05,-211.34
2025-04-06,-211.345
2025-04-07,-211.345
2025-04-08,-211.35
2025-04-09,-211.355
2025-04-10,-211.355
2025-04-11,-211.365
2025-04-12,-211.375
2025-04-13,-211.375
2025-04-14,-211.38
2025-04-15,-211.385
2025-04-16,-211.385
2025-04-17,-211.39
2025-04-18,-211.395
2025-04-19,-211.395
2025-04-20,-211.395
2025-04-21,-211.405
2025-04-22,-211.415
2025-04-23,-211.415
2025-04-24,-211.42
2025-04-26,-211.445
2025-04-27,-211.445
2025-04-28,-211.45
2025-04-29,-211.455
2025-04-30,-211.455
2025-05-01,-211.47
2025-05-02,-211.47
2025-05-03,-211.49
2025-05-04,-211.5
2025-05-05,-211.5
2025-05-06,-211.51
2025-05-07,-211.515
2025-05-08,-211.52
2025-05-09,-211.525
2025-05-10,-211.535
2025-05-11,-211.545
2025-05-12,-211.555
2025-05-13,-211.56
2025-05-14,-211.565
2025-05-15,-211.575
2025-05-16,-211.585
2025-05-17,-211.585
2025-05-18,-211.6
2025-05-19,-211.61
2025-05-20,-211.625
2025-05-21,-211.635
2025-05-22,-211.64
2025-05-23,-211.65
2025-05-24,-211.66
2025-05-25,-211.68
2025-05-26,-211.68
2025-05-27,-211.69
2025-05-28,-211.7
2025-05-29,-211.71
2025-05-30,-211.72
2025-06-01,-211.74
2025-06-02,-211.775
2025-06-03,-211.77
2025-06-04,-211.78
2025-06-05,-211.795
2025-06-09,-211.825
2025-06-10,-211.835
2025-06-11,-211.84
2025-06-12,-211.85
2025-06-15,-211.895
2025-06-16,-211.905
2025-06-17,-211.915
2025-06-18,-211.925
2025-06-19,-211.94
2025-06-22,-211.97
2025-06-23,-211.98
2025-06-24,-211.995
2025-06-25,-212.005
2025-06-26,-212.015
2025-06-29,-212.055
2025-06-30,-212.065
2025-07-01,-212.08
2025-07-02,-212.085
2025-07-06,-212.14
2025-07-07,-212.15
2025-07-08,-212.16
2025-07-09,-212.17
2025-07-10,-212.18
2025-07-11,-212.19
2025-07-12,-212.205
2025-07-13,-212.22
2025-07-14,-212.23
2025-07-15,-212.24
2025-07-16,-212.25
2025-07-17,-212.26
2025-07-18,-212.27
2025-07-19,-212.285
2025-07-20,-212.3
2025-07-21,-212.31
2025-07-22,-212.32
2025-07-23,-212.33
2025-07-24,-212.34
2025-07-27,-212.37
2025-07-28,-212.38
2025-07-29,-212.39
2025-07-30,-212.4
2025-07-31,-212.41
2025-08-01,-212.42
2025-08-02,-212.44
2025-08-03,-212.45
2025-08-04,-212.46
2025-08-05,-212.475
2025-08-06,-212.48
2025-08-07,-212.49
2025-08-08,-212.505
2025-08-09,-212.515
2025-08-10,-212.525
2025-08-11,-212.535
2025-08-12,-212.535
2025-08-13,-212.545
2025-08-14,-212.55
2025-08-15,-212.565
2025-08-16,-212.58
2025-08-17,-212.6
2025-08-18,-212.61
2025-08-19,-212.625
2025-08-20,-212.635
2025-08-21,-212.65
2025-08-22,-212.66
2025-08-23,-212.675
2025-08-24,-212.685
2025-08-25,-212.695
2025-08-26,-212.7
2025-08-27,-212.715
2025-08-28,-212.725
2025-08-29,-212.74
2025-08-30,-212.76
2025-08-31,-212.77
2025-09-01,-212.78
2025-09-02,-212.79
2025-09-03,-212.8
2025-09-04,-212.815
2025-09-05,-212.82
2025-09-06,-212.835
2025-09-07,-212.845
2025-09-08,-212.855
2025-09-09,-212.865
2025-09-10,-212.875
2025-09-11,-212.885
2025-09-12,-212.895
2025-09-13,-212.905
2025-09-14,-212.915
2025-09-15,-212.925
2025-09-16,-212.935
2025-09-17,-212.94
2025-09-18,-212.955
2025-09-19,-212.96
2025-09-20,-212.97
2025-09-21,-212.98
2025-09-22,-212.995
2025-09-23,-213.005
2025-09-24,-213.015
2025-09-25,-213.015
2025-09-26,-213.025
2025-09-27,-213.035
2025-09-28,-213.04
2025-09-29,-213.05
2025-09-30,-213.06
2025-10-01,-213.065
2025-10-02,-213.075
2025-10-03,-213.085
2025-10-04,-213.095
2025-10-05,-213.1
2025-10-06,-213.115
2025-10-07,-213.125
2025-10-08,-213.135
2025-10-09,-213.145
2025-10-10,-213.145
2025-10-11,-213.155
2025-10-12,-213.16
2025-10-13,-213.17
2025-10-14,-213.18
2025-10-15,-213.185
2025-10-16,-213.2
2025-10-19,-213.205
2025-10-20,-213.215
2025-10-21,-213.225
2025-10-22,-213.225
2025-10-23,-213.23
2025-10-26,-213.25
2025-10-27,-213.26
2025-10-28,-213.265
2025-10-29,-213.27
2025-10-30,-213.275
2025-10-31,-213.285
2025-11-01,-213.295
2025-11-02,-213.3
2025-11-03,-213.3
2025-11-04,-213.305
2025-11-05,-213.305
2025-11-06,-213.31
2025-11-07,-213.315
2025-11-08,-213.32
2025-11-09,-213.325
2025-11-10,-213.335
2025-11-11,-213.345
2025-11-12,-213.355
2025-11-13,-213.355
2025-11-14,-213.355
2025-11-15,-213.355
2025-11-16,-213.355
2025-11-17,-213.36
2025-11-18,-213.365
2025-11-19,-213.375
2025-11-23,-213.415
2025-11-24,-213.425
2025-11-25,-213.425
2025-11-26,-213.42
2025-11-27,-213.425
2025-11-28,-213.43
2025-11-29,-213.43
2025-11-30,-213.435
2025-12-01,-213.435
2025-12-02,-213.44
2025-12-03,-213.44
2025-12-04,-213.445
2025-12-05,-213.445
2025-12-06,-213.445
2025-12-07,-213.425
2025-12-08,-213.425
2025-12-09,-213.425
2025-12-10,-213.42
2025-12-11,-213.415
2025-12-12,-213.405
2025-12-13,-213.405
2025-12-14,-213.41
2025-12-15,-213.41
2025-12-16,-213.4
2025-12-17,-213.405
2025-12-18,-213.405
2025-12-19,-213.405
2025-12-20,-213.405
2025-12-21,-213.415
2025-12-22,-213.425
2025-12-23,-213.435
2025-12-24,-213.435
2025-12-25,-213.435
2025-12-26,-213.435
2025-12-27,-213.435
2025-12-28,-213.406
2025-12-29,-213.4
2025-12-30,-213.385
2025-12-31,-213.385
2026-01-01,-213.38
2026-01-04,-213.355
2026-01-05,-213.345
2026-01-06,-213.345
2026-01-07,-213.34
2026-01-08,-213.34
2026-01-09,-213.33
2026-01-10,-213.325
2026-01-11,-213.325
2026-01-12,-213.325
2026-01-13,-213.31
2026-01-14,-213.3
2026-01-15,-213.3
2026-01-16,-213.29
2026-01-17,-213.285
2026-01-18,-213.28
2026-01-19,-213.26
2026-01-20,-213.26
2026-01-21,-213.255
2026-01-22,-213.255
2026-01-23,-213.255
2026-01-24,-213.255
2026-01-25,-213.255
2026-01-26,-213.25
2026-01-27,-213.245
2026-01-28,-213.245
2026-01-29,-213.245
2026-01-30,-213.24
2026-01-31,-213.235
2026-02-01,-213.23
2026-02-02,-213.225
2026-02-03,-213.215
2026-02-04,-213.195
2026-02-05,-213.185
2026-02-06,-213.16
2026-02-07,-213.175
2026-02-08,-213.165
2026-02-09,-213.155
2026-02-10,-213.155
2026-02-11,-213.15
2026-02-12,-213.14
2026-02-13,-213.135
2026-02-14,-213.125
2026-02-15,-213.115
2026-02-16,-213.115
2026-02-17,-213.115
2026-02-18,-213.12
2026-02-19,-213.12
2026-02-20,-213.12
2026-02-21,-213.125
2026-02-22,-213.115
2026-02-23,-213.105
2026-02-24,-213.1
2026-02-25,-213.095
2026-02-26,-213.085
2026-02-27,-213.08
2026-02-28,-213.07
2026-03-01,-213.075
2026-03-02,-213.07
2026-03-03,-213.07
2026-03-04,-213.065
2026-03-05,-213.065
2026-03-06,-213.06
2026-03-07,-213.055
2026-03-08,-213.055
2026-03-09,-213.05
2026-03-10,-213.045
2026-03-11,-213.045
2026-03-12,-213.04
2026-03-13,-213.035
2026-03-14,-213.03
2026-03-15,-213.02
2026-03-16,-213.015
2026-03-17,-213.005
2026-03-18,-213.005
2026-03-19,-213.0
2026-03-22,-212.92
2026-03-23,-212.895
2026-03-24,-212.875
2026-03-25,-212.86
2026-03-26,-212.84
2026-03-27,-212.82
2026-03-28,-212.805
2026-03-29,-212.795
2026-03-30,-212.785
2026-03-31,-212.765
2026-04-01,-212.745
2026-04-02,-212.725
2026-04-03,-212.715
2026-04-04,-212.7
2026-04-05,-212.69
2026-04-06,-212.675
2026-04-07,-212.665
2026-04-08,-212.635
2026-04-09,-212.625
2026-04-12,-212.6
2026-04-13,-212.59
2026-04-14,-212.585
2026-04-15,-212.58
2026-04-16,-212.575
2026-04-19,-212.56
2026-04-20,-212.555
2026-04-21,-212.55
2026-04-22,-212.545
2026-04-23,-212.54
2026-04-24,-212.54
2026-04-25,-212.535
2026-04-26,-212.525
2026-04-27,-212.525
2026-04-28,-212.525
2026-04-29,-212.52
2026-04-30,-212.52
2026-05-01,-212.515
2026-05-02,-212.515
2026-05-03,-212.51
2026-05-04,-212.515
2026-05-05,-212.515
2026-05-06,-212.52
2026-05-07,-212.52
2026-05-08,-212.525
2026-05-09,-212.525
2026-05-10,-212.525
2026-05-11,-212.525
2026-05-12,-212.525
2026-05-13,-212.525
2026-05-14,-212.525
2026-05-17,-212.53
2026-05-18,-212.53
2026-05-19,-212.53
2026-05-20,-212.535
2026-05-21,-212.54
2026-05-22,-212.545
2026-05-23,-212.55
2026-05-24,-212.555
2026-05-25,-212.56
2026-05-26,-212.56
2026-05-27,-212.565
2026-05-28,-212.565
2026-05-29,-212.57
2026-05-30,-212.575
2026-05-31,-212.58
2026-06-01,-212.575
2026-06-02,-212.575
2026-06-03,-212.58
2026-06-04,-212.585
2026-06-05,-212.595
2026-06-06,-212.6
2026-06-07,-212.61
2026-06-08,-212.615
2026-06-09,-212.62
2026-06-10,-212.625
2026-06-11,-212.63
2026-06-12,-212.635
2026-06-13,-212.64
2026-06-14,-212.655
2026-06-15,-212.66
2026-06-16,-212.66
2026-06-17,-212.665
2026-06-18,-212.67
2026-06-22,-212.7
2026-06-23,-212.705
2026-06-24,-212.71
2026-06-25,-212.72
2026-06-28,-212.745
2026-06-29,-212.745
2026-06-30,-212.75
2026-07-01,-212.755
2026-07-02,-212.76
2026-07-05,-212.785
2026-07-06,-212.79
2026-07-07,-212.8
2026-07-12,-212.85
2026-07-13,-212.855
2026-07-14,-212.86
2026-07-15,-212.87
2026-07-16,-212.875
2026-07-19,-212.905
2026-07-20,-212.91
2026-07-21,-212.92
2026-07-22,-212.93
2026-07-23,-212.935
2026-07-26,-212.965
2026-07-28,-212.985
2026-07-29,-212.995
2026-07-30,-212.995
2026-08-01,-213.015
2026-08-02,-213.015
2026-08-03,-213.025
2026-08-04,-213.035
2026-08-05,-213.045
2026-08-06,-213.05
2026-08-09,-213.085
2026-08-10,-213.095
2026-08-11,-213.1
2026-08-12,-213.105
